# names: noisy_1; noisy_2; noisy_3; noisy_4; noisy_5; noisy_6; noisy_7; noisy_8; noisy_9; noisy_10
0.000000 1.758749542595e-70 0.000000000000e+00 0.000000000000e+00 0.000000000000e+00 0.000000000000e+00 0.000000000000e+00 0.000000000000e+00 0.000000000000e+00 0.000000000000e+00 0.000000000000e+00 0.000000000000e+00
0.050000 1.257672382878e-66 0.000000000000e+00 0.000000000000e+00 0.000000000000e+00 0.000000000000e+00 0.000000000000e+00 0.000000000000e+00 0.000000000000e+00 0.000000000000e+00 0.000000000000e+00 0.000000000000e+00
0.100000 7.004182134319e-63 0.000000000000e+00 0.000000000000e+00 0.000000000000e+00 0.000000000000e+00 0.000000000000e+00 0.000000000000e+00 0.000000000000e+00 0.000000000000e+00 0.000000000000e+00 0.000000000000e+00
0.150000 3.037901698790e-59 0.000000000000e+00 0.000000000000e+00 0.000000000000e+00 0.000000000000e+00 0.000000000000e+00 0.000000000000e+00 0.000000000000e+00 0.000000000000e+00 0.000000000000e+00 0.000000000000e+00
0.200000 1.026163072792e-55 0.000000000000e+00 0.000000000000e+00 0.000000000000e+00 0.000000000000e+00 0.000000000000e+00 0.000000000000e+00 0.000000000000e+00 0.000000000000e+00 0.000000000000e+00 0.000000000000e+00
0.250000 2.699513024589e-52 0.000000000000e+00 0.000000000000e+00 0.000000000000e+00 0.000000000000e+00 0.000000000000e+00 0.000000000000e+00 0.000000000000e+00 0.000000000000e+00 0.000000000000e+00 0.000000000000e+00
0.300000 5.530709549845e-49 0.000000000000e+00 0.000000000000e+00 0.000000000000e+00 0.000000000000e+00 0.000000000000e+00 0.000000000000e+00 0.000000000000e+00 0.000000000000e+00 0.000000000000e+00 0.000000000000e+00
0.350000 8.824754974595e-46 0.000000000000e+00 0.000000000000e+00 0.000000000000e+00 0.000000000000e+00 0.000000000000e+00 0.000000000000e+00 0.000000000000e+00 0.000000000000e+00 0.000000000000e+00 0.000000000000e+00
0.400000 1.096606559389e-42 0.000000000000e+00 0.000000000000e+00 0.000000000000e+00 0.000000000000e+00 0.000000000000e+00 0.000000000000e+00 0.000000000000e+00 0.000000000000e+00 0.000000000000e+00 0.000000000000e+00
0.450000 1.061268813915e-39 0.000000000000e+00 0.000000000000e+00 0.000000000000e+00 0.000000000000e+00 0.000000000000e+00 0.000000000000e+00 0.000000000000e+00 0.000000000000e+00 0.000000000000e+00 0.000000000000e+00
0.500000 7.998827757007e-37 0.000000000000e+00 0.000000000000e+00 0.000000000000e+00 0.000000000000e+00 0.000000000000e+00 0.000000000000e+00 0.000000000000e+00 0.000000000000e+00 0.000000000000e+00 0.000000000000e+00
0.550000 4.695195357975e-34 0.000000000000e+00 0.000000000000e+00 0.000000000000e+00 0.000000000000e+00 0.000000000000e+00 0.000000000000e+00 0.000000000000e+00 0.000000000000e+00 0.000000000000e+00 0.000000000000e+00
0.600000 2.146383735663e-31 0.000000000000e+00 0.000000000000e+00 0.000000000000e+00 0.000000000000e+00 0.000000000000e+00 0.000000000000e+00 0.000000000000e+00 0.000000000000e+00 0.000000000000e+00 0.000000000000e+00
0.650000 7.641655411587e-29 0.000000000000e+00 0.000000000000e+00 0.000000000000e+00 0.000000000000e+00 0.000000000000e+00 0.000000000000e+00 0.000000000000e+00 0.000000000000e+00 0.000000000000e+00 0.000000000000e+00
0.700000 2.118819253509e-26 0.000000000000e+00 0.000000000000e+00 0.000000000000e+00 0.000000000000e+00 0.000000000000e+00 0.000000000000e+00 0.000000000000e+00 0.000000000000e+00 0.000000000000e+00 0.000000000000e+00
0.750000 4.575375590521e-24 0.000000000000e+00 0.000000000000e+00 0.000000000000e+00 0.000000000000e+00 0.000000000000e+00 0.000000000000e+00 0.000000000000e+00 0.000000000000e+00 0.000000000000e+00 0.000000000000e+00
0.800000 7.694598626706e-22 0.000000000000e+00 0.000000000000e+00 0.000000000000e+00 0.000000000000e+00 0.000000000000e+00 0.000000000000e+00 0.000000000000e+00 0.000000000000e+00 0.000000000000e+00 0.000000000000e+00
0.850000 1.007793539430e-19 0.000000000000e+00 0.000000000000e+00 0.000000000000e+00 0.000000000000e+00 0.000000000000e+00 0.000000000000e+00 0.000000000000e+00 0.000000000000e+00 0.000000000000e+00 0.000000000000e+00
0.900000 1.027977357167e-17 0.000000000000e+00 0.000000000000e+00 0.000000000000e+00 0.000000000000e+00 0.000000000000e+00 0.000000000000e+00 0.000000000000e+00 0.000000000000e+00 0.000000000000e+00 0.000000000000e+00
0.950000 8.166235631670e-16 0.000000000000e+00 0.000000000000e+00 0.000000000000e+00 0.000000000000e+00 0.000000000000e+00 0.000000000000e+00 0.000000000000e+00 0.000000000000e+00 0.000000000000e+00 0.000000000000e+00
1.000000 5.052271083537e-14 0.000000000000e+00 0.000000000000e+00 0.000000000000e+00 0.000000000000e+00 0.000000000000e+00 0.000000000000e+00 0.000000000000e+00 0.000000000000e+00 0.000000000000e+00 0.000000000000e+00
1.050000 2.434320533029e-12 0.000000000000e+00 0.000000000000e+00 0.000000000000e+00 0.000000000000e+00 0.000000000000e+00 0.000000000000e+00 0.000000000000e+00 0.000000000000e+00 0.000000000000e+00 0.000000000000e+00
1.100000 9.134720408365e-11 0.000000000000e+00 0.000000000000e+00 0.000000000000e+00 0.000000000000e+00 0.000000000000e+00 0.000000000000e+00 0.000000000000e+00 0.000000000000e+00 0.000000000000e+00 0.000000000000e+00
1.150000 2.669556614763e-09 0.000000000000e+00 0.000000000000e+00 0.000000000000e+00 0.000000000000e+00 0.000000000000e+00 0.000000000000e+00 0.000000000000e+00 0.000000000000e+00 0.000000000000e+00 0.000000000000e+00
1.200000 6.075882849823e-08 0.000000000000e+00 0.000000000000e+00 0.000000000000e+00 0.000000000000e+00 0.000000000000e+00 0.000000000000e+00 0.000000000000e+00 0.000000000000e+00 0.000000000000e+00 0.000000000000e+00
1.250000 1.076976004254e-06 0.000000000000e+00 0.000000000000e+00 0.000000000000e+00 0.000000000000e+00 0.000000000000e+00 0.000000000000e+00 0.000000000000e+00 0.000000000000e+00 0.000000000000e+00 0.000000000000e+00
1.300000 1.486719514734e-05 0.000000000000e+00 0.000000000000e+00 0.000000000000e+00 0.000000000000e+00 0.000000000000e+00 0.000000000000e+00 0.000000000000e+00 0.000000000000e+00 0.000000000000e+00 0.000000000000e+00
1.350000 1.598374110691e-04 0.000000000000e+00 0.000000000000e+00 0.000000000000e+00 0.000000000000e+00 0.000000000000e+00 0.000000000000e+00 0.000000000000e+00 0.000000000000e+00 0.000000000000e+00 0.000000000000e+00
1.400000 1.338302257649e-03 3.000000000000e+00 3.000000000000e+00 3.000000000000e+00 3.000000000000e+00 3.000000000000e+00 3.000000000000e+00 3.000000000000e+00 3.000000000000e+00 3.000000000000e+00 3.000000000000e+00
1.450000 8.726826950458e-03 1.000000000000e+01 1.000000000000e+01 1.000000000000e+01 1.000000000000e+01 1.000000000000e+01 1.000000000000e+01 1.000000000000e+01 1.000000000000e+01 1.000000000000e+01 1.000000000000e+01
1.500000 4.431848411938e-02 6.600000000000e+01 6.600000000000e+01 6.600000000000e+01 6.600000000000e+01 6.600000000000e+01 6.600000000000e+01 6.600000000000e+01 6.600000000000e+01 6.600000000000e+01 6.600000000000e+01
1.550000 1.752830049357e-01 3.050000000000e+02 3.050000000000e+02 3.050000000000e+02 3.050000000000e+02 3.050000000000e+02 3.050000000000e+02 3.050000000000e+02 3.050000000000e+02 3.050000000000e+02 3.050000000000e+02
1.600000 5.399096651319e-01 1.095000000000e+03 1.095000000000e+03 1.095000000000e+03 1.095000000000e+03 1.095000000000e+03 1.095000000000e+03 1.095000000000e+03 1.095000000000e+03 1.095000000000e+03 1.095000000000e+03
1.650000 1.295175956659e+00 3.126000000000e+03 3.126000000000e+03 3.126000000000e+03 3.126000000000e+03 3.126000000000e+03 3.126000000000e+03 3.126000000000e+03 3.126000000000e+03 3.126000000000e+03 3.126000000000e+03
1.700000 2.419707245191e+00 7.117000000000e+03 7.117000000000e+03 7.117000000000e+03 7.117000000000e+03 7.117000000000e+03 7.117000000000e+03 7.117000000000e+03 7.117000000000e+03 7.117000000000e+03 7.117000000000e+03
1.750000 3.520653267643e+00 1.342600000000e+04 1.342600000000e+04 1.342600000000e+04 1.342600000000e+04 1.342600000000e+04 1.342600000000e+04 1.342600000000e+04 1.342600000000e+04 1.342600000000e+04 1.342600000000e+04
1.800000 3.989422804014e+00 2.151900000000e+04 2.151900000000e+04 2.151900000000e+04 2.151900000000e+04 2.151900000000e+04 2.151900000000e+04 2.151900000000e+04 2.151900000000e+04 2.151900000000e+04 2.151900000000e+04
1.850000 3.520653267643e+00 2.938500000000e+04 2.938500000000e+04 2.938500000000e+04 2.938500000000e+04 2.938500000000e+04 2.938500000000e+04 2.938500000000e+04 2.938500000000e+04 2.938500000000e+04 2.938500000000e+04
1.900000 2.419707245191e+00 3.520600000000e+04 3.520600000000e+04 3.520600000000e+04 3.520600000000e+04 3.520600000000e+04 3.520600000000e+04 3.520600000000e+04 3.520600000000e+04 3.520600000000e+04 3.520600000000e+04
1.950000 1.295175956659e+00 3.823500000000e+04 3.823500000000e+04 3.823500000000e+04 3.823500000000e+04 3.823500000000e+04 3.823500000000e+04 3.823500000000e+04 3.823500000000e+04 3.823500000000e+04 3.823500000000e+04
2.000000 5.399096651319e-01 3.997700000000e+04 3.997700000000e+04 3.997700000000e+04 3.997700000000e+04 3.997700000000e+04 3.997700000000e+04 3.997700000000e+04 3.997700000000e+04 3.997700000000e+04 3.997700000000e+04
2.050000 1.752830049357e-01 3.989500000000e+04 3.989500000000e+04 3.989500000000e+04 3.989500000000e+04 3.989500000000e+04 3.989500000000e+04 3.989500000000e+04 3.989500000000e+04 3.989500000000e+04 3.989500000000e+04
2.100000 4.431848411938e-02 3.952100000000e+04 3.952100000000e+04 3.952100000000e+04 3.952100000000e+04 3.952100000000e+04 3.952100000000e+04 3.952100000000e+04 3.952100000000e+04 3.952100000000e+04 3.952100000000e+04
2.150000 8.726826950458e-03 3.848100000000e+04 3.848100000000e+04 3.848100000000e+04 3.848100000000e+04 3.848100000000e+04 3.848100000000e+04 3.848100000000e+04 3.848100000000e+04 3.848100000000e+04 3.848100000000e+04
2.200000 1.338302257649e-03 3.772000000000e+04 3.772000000000e+04 3.772000000000e+04 3.772000000000e+04 3.772000000000e+04 3.772000000000e+04 3.772000000000e+04 3.772000000000e+04 3.772000000000e+04 3.772000000000e+04
2.250000 1.598374110691e-04 3.676900000000e+04 3.676900000000e+04 3.676900000000e+04 3.676900000000e+04 3.676900000000e+04 3.676900000000e+04 3.676900000000e+04 3.676900000000e+04 3.676900000000e+04 3.676900000000e+04
2.300000 1.486719514734e-05 3.641300000000e+04 3.641300000000e+04 3.641300000000e+04 3.641300000000e+04 3.641300000000e+04 3.641300000000e+04 3.641300000000e+04 3.641300000000e+04 3.641300000000e+04 3.641300000000e+04
2.350000 1.076976004254e-06 3.550600000000e+04 3.550600000000e+04 3.550600000000e+04 3.550600000000e+04 3.550600000000e+04 3.550600000000e+04 3.550600000000e+04 3.550600000000e+04 3.550600000000e+04 3.550600000000e+04
2.400000 6.075882849823e-08 3.508300000000e+04 3.508300000000e+04 3.508300000000e+04 3.508300000000e+04 3.508300000000e+04 3.508300000000e+04 3.508300000000e+04 3.508300000000e+04 3.508300000000e+04 3.508300000000e+04
2.450000 2.669556614763e-09 3.421800000000e+04 3.421800000000e+04 3.421800000000e+04 3.421800000000e+04 3.421800000000e+04 3.421800000000e+04 3.421800000000e+04 3.421800000000e+04 3.421800000000e+04 3.421800000000e+04
2.500000 9.134720408365e-11 3.323100000000e+04 3.323100000000e+04 3.323100000000e+04 3.323100000000e+04 3.323100000000e+04 3.323100000000e+04 3.323100000000e+04 3.323100000000e+04 3.323100000000e+04 3.323100000000e+04
2.550000 2.434320533029e-12 3.311400000000e+04 3.311400000000e+04 3.311400000000e+04 3.311400000000e+04 3.311400000000e+04 3.311400000000e+04 3.311400000000e+04 3.311400000000e+04 3.311400000000e+04 3.311400000000e+04
2.600000 5.052271083537e-14 3.244800000000e+04 3.244800000000e+04 3.244800000000e+04 3.244800000000e+04 3.244800000000e+04 3.244800000000e+04 3.244800000000e+04 3.244800000000e+04 3.244800000000e+04 3.244800000000e+04
2.650000 8.166235631669e-16 3.211400000000e+04 3.211400000000e+04 3.211400000000e+04 3.211400000000e+04 3.211400000000e+04 3.211400000000e+04 3.211400000000e+04 3.211400000000e+04 3.211400000000e+04 3.211400000000e+04
2.700000 1.027977357167e-17 3.098400000000e+04 3.098400000000e+04 3.098400000000e+04 3.098400000000e+04 3.098400000000e+04 3.098400000000e+04 3.098400000000e+04 3.098400000000e+04 3.098400000000e+04 3.098400000000e+04
2.750000 1.007793539430e-19 3.100400000000e+04 3.100400000000e+04 3.100400000000e+04 3.100400000000e+04 3.100400000000e+04 3.100400000000e+04 3.100400000000e+04 3.100400000000e+04 3.100400000000e+04 3.100400000000e+04
2.800000 7.694598626706e-22 3.027300000000e+04 3.027300000000e+04 3.027300000000e+04 3.027300000000e+04 3.027300000000e+04 3.027300000000e+04 3.027300000000e+04 3.027300000000e+04 3.027300000000e+04 3.027300000000e+04
2.850000 4.575375590521e-24 2.950700000000e+04 2.950700000000e+04 2.950700000000e+04 2.950700000000e+04 2.950700000000e+04 2.950700000000e+04 2.950700000000e+04 2.950700000000e+04 2.950700000000e+04 2.950700000000e+04
2.900000 2.118819253509e-26 2.909300000000e+04 2.909300000000e+04 2.909300000000e+04 2.909300000000e+04 2.909300000000e+04 2.909300000000e+04 2.909300000000e+04 2.909300000000e+04 2.909300000000e+04 2.909300000000e+04
2.950000 7.641655411587e-29 2.879100000000e+04 2.879100000000e+04 2.879100000000e+04 2.879100000000e+04 2.879100000000e+04 2.879100000000e+04 2.879100000000e+04 2.879100000000e+04 2.879100000000e+04 2.879100000000e+04
3.000000 2.146383735663e-31 2.812800000000e+04 2.812800000000e+04 2.812800000000e+04 2.812800000000e+04 2.812800000000e+04 2.812800000000e+04 2.812800000000e+04 2.812800000000e+04 2.812800000000e+04 2.812800000000e+04
3.050000 4.695195357975e-34 2.756600000000e+04 2.756600000000e+04 2.756600000000e+04 2.756600000000e+04 2.756600000000e+04 2.756600000000e+04 2.756600000000e+04 2.756600000000e+04 2.756600000000e+04 2.756600000000e+04
3.100000 7.998827757007e-37 2.690300000000e+04 2.690300000000e+04 2.690300000000e+04 2.690300000000e+04 2.690300000000e+04 2.690300000000e+04 2.690300000000e+04 2.690300000000e+04 2.690300000000e+04 2.690300000000e+04
3.150000 1.061268813915e-39 2.651700000000e+04 2.651700000000e+04 2.651700000000e+04 2.651700000000e+04 2.651700000000e+04 2.651700000000e+04 2.651700000000e+04 2.651700000000e+04 2.651700000000e+04 2.651700000000e+04
3.200000 1.096606559389e-42 2.602900000000e+04 2.602900000000e+04 2.602900000000e+04 2.602900000000e+04 2.602900000000e+04 2.602900000000e+04 2.602900000000e+04 2.602900000000e+04 2.602900000000e+04 2.602900000000e+04
3.250000 8.824754974595e-46 2.567400000000e+04 2.567400000000e+04 2.567400000000e+04 2.567400000000e+04 2.567400000000e+04 2.567400000000e+04 2.567400000000e+04 2.567400000000e+04 2.567400000000e+04 2.567400000000e+04
3.300000 5.530709549844e-49 2.525800000000e+04 2.525800000000e+04 2.525800000000e+04 2.525800000000e+04 2.525800000000e+04 2.525800000000e+04 2.525800000000e+04 2.525800000000e+04 2.525800000000e+04 2.525800000000e+04
3.350000 2.699513024589e-52 2.499200000000e+04 2.499200000000e+04 2.499200000000e+04 2.499200000000e+04 2.499200000000e+04 2.499200000000e+04 2.499200000000e+04 2.499200000000e+04 2.499200000000e+04 2.499200000000e+04
3.400000 1.026163072792e-55 2.426600000000e+04 2.426600000000e+04 2.426600000000e+04 2.426600000000e+04 2.426600000000e+04 2.426600000000e+04 2.426600000000e+04 2.426600000000e+04 2.426600000000e+04 2.426600000000e+04
3.450000 3.037901698790e-59 2.372600000000e+04 2.372600000000e+04 2.372600000000e+04 2.372600000000e+04 2.372600000000e+04 2.372600000000e+04 2.372600000000e+04 2.372600000000e+04 2.372600000000e+04 2.372600000000e+04
3.500000 7.004182134319e-63 2.335200000000e+04 2.335200000000e+04 2.335200000000e+04 2.335200000000e+04 2.335200000000e+04 2.335200000000e+04 2.335200000000e+04 2.335200000000e+04 2.335200000000e+04 2.335200000000e+04
3.550000 1.257672382878e-66 2.334500000000e+04 2.334500000000e+04 2.334500000000e+04 2.334500000000e+04 2.334500000000e+04 2.334500000000e+04 2.334500000000e+04 2.334500000000e+04 2.334500000000e+04 2.334500000000e+04
3.600000 1.758749542595e-70 2.270300000000e+04 2.270300000000e+04 2.270300000000e+04 2.270300000000e+04 2.270300000000e+04 2.270300000000e+04 2.270300000000e+04 2.270300000000e+04 2.270300000000e+04 2.270300000000e+04
3.650000 1.915432491672e-74 2.208300000000e+04 2.208300000000e+04 2.208300000000e+04 2.208300000000e+04 2.208300000000e+04 2.208300000000e+04 2.208300000000e+04 2.208300000000e+04 2.208300000000e+04 2.208300000000e+04
3.700000 1.624636036774e-78 2.186400000000e+04 2.186400000000e+04 2.186400000000e+04 2.186400000000e+04 2.186400000000e+04 2.186400000000e+04 2.186400000000e+04 2.186400000000e+04 2.186400000000e+04 2.186400000000e+04
3.750000 1.073177834068e-82 2.156400000000e+04 2.156400000000e+04 2.156400000000e+04 2.156400000000e+04 2.156400000000e+04 2.156400000000e+04 2.156400000000e+04 2.156400000000e+04 2.156400000000e+04 2.156400000000e+04
3.800000 5.520948362160e-87 2.114400000000e+04 2.114400000000e+04 2.114400000000e+04 2.114400000000e+04 2.114400000000e+04 2.114400000000e+04 2.114400000000e+04 2.114400000000e+04 2.114400000000e+04 2.114400000000e+04
3.850000 2.211984380211e-91 2.063800000000e+04 2.063800000000e+04 2.063800000000e+04 2.063800000000e+04 2.063800000000e+04 2.063800000000e+04 2.063800000000e+04 2.063800000000e+04 2.063800000000e+04 2.063800000000e+04
3.900000 6.902029420127e-96 2.018200000000e+04 2.018200000000e+04 2.018200000000e+04 2.018200000000e+04 2.018200000000e+04 2.018200000000e+04 2.018200000000e+04 2.018200000000e+04 2.018200000000e+04 2.018200000000e+04
3.950000 1.677250522854e-100 2.011300000000e+04 2.011300000000e+04 2.011300000000e+04 2.011300000000e+04 2.011300000000e+04 2.011300000000e+04 2.011300000000e+04 2.011300000000e+04 2.011300000000e+04 2.011300000000e+04
4.000000 3.174281552825e-105 1.973900000000e+04 1.973900000000e+04 1.973900000000e+04 1.973900000000e+04 1.973900000000e+04 1.973900000000e+04 1.973900000000e+04 1.973900000000e+04 1.973900000000e+04 1.973900000000e+04
4.050000 4.678636817250e-110 1.922600000000e+04 1.922600000000e+04 1.922600000000e+04 1.922600000000e+04 1.922600000000e+04 1.922600000000e+04 1.922600000000e+04 1.922600000000e+04 1.922600000000e+04 1.922600000000e+04
4.100000 5.370560365020e-115 1.904700000000e+04 1.904700000000e+04 1.904700000000e+04 1.904700000000e+04 1.904700000000e+04 1.904700000000e+04 1.904700000000e+04 1.904700000000e+04 1.904700000000e+04 1.904700000000e+04
4.150000 4.801160785907e-120 1.841600000000e+04 1.841600000000e+04 1.841600000000e+04 1.841600000000e+04 1.841600000000e+04 1.841600000000e+04 1.841600000000e+04 1.841600000000e+04 1.841600000000e+04 1.841600000000e+04
4.200000 3.342714441794e-125 1.816600000000e+04 1.816600000000e+04 1.816600000000e+04 1.816600000000e+04 1.816600000000e+04 1.816600000000e+04 1.816600000000e+04 1.816600000000e+04 1.816600000000e+04 1.816600000000e+04
4.250000 1.812502793552e-130 1.794300000000e+04 1.794300000000e+04 1.794300000000e+04 1.794300000000e+04 1.794300000000e+04 1.794300000000e+04 1.794300000000e+04 1.794300000000e+04 1.794300000000e+04 1.794300000000e+04
4.300000 7.653929736420e-136 1.777500000000e+04 1.777500000000e+04 1.777500000000e+04 1.777500000000e+04 1.777500000000e+04 1.777500000000e+04 1.777500000000e+04 1.777500000000e+04 1.777500000000e+04 1.777500000000e+04
4.350000 2.517193705193e-141 1.747300000000e+04 1.747300000000e+04 1.747300000000e+04 1.747300000000e+04 1.747300000000e+04 1.747300000000e+04 1.747300000000e+04 1.747300000000e+04 1.747300000000e+04 1.747300000000e+04
4.400000 6.447259971397e-147 1.701300000000e+04 1.701300000000e+04 1.701300000000e+04 1.701300000000e+04 1.701300000000e+04 1.701300000000e+04 1.701300000000e+04 1.701300000000e+04 1.701300000000e+04 1.701300000000e+04
4.450000 1.286056674071e-152 1.693800000000e+04 1.693800000000e+04 1.693800000000e+04 1.693800000000e+04 1.693800000000e+04 1.693800000000e+04 1.693800000000e+04 1.693800000000e+04 1.693800000000e+04 1.693800000000e+04
4.500000 1.997889259168e-158 1.648600000000e+04 1.648600000000e+04 1.648600000000e+04 1.648600000000e+04 1.648600000000e+04 1.648600000000e+04 1.648600000000e+04 1.648600000000e+04 1.648600000000e+04 1.648600000000e+04
4.550000 2.417180578620e-164 1.642400000000e+04 1.642400000000e+04 1.642400000000e+04 1.642400000000e+04 1.642400000000e+04 1.642400000000e+04 1.642400000000e+04 1.642400000000e+04 1.642400000000e+04 1.642400000000e+04
4.600000 2.277577478736e-170 1.581300000000e+04 1.581300000000e+04 1.581300000000e+04 1.581300000000e+04 1.581300000000e+04 1.581300000000e+04 1.581300000000e+04 1.581300000000e+04 1.581300000000e+04 1.581300000000e+04
4.650000 1.671335365130e-176 1.563500000000e+04 1.563500000000e+04 1.563500000000e+04 1.563500000000e+04 1.563500000000e+04 1.563500000000e+04 1.563500000000e+04 1.563500000000e+04 1.563500000000e+04 1.563500000000e+04
4.700000 9.551694541949e-183 1.529200000000e+04 1.529200000000e+04 1.529200000000e+04 1.529200000000e+04 1.529200000000e+04 1.529200000000e+04 1.529200000000e+04 1.529200000000e+04 1.529200000000e+04 1.529200000000e+04
4.750000 4.251318353528e-189 1.521900000000e+04 1.521900000000e+04 1.521900000000e+04 1.521900000000e+04 1.521900000000e+04 1.521900000000e+04 1.521900000000e+04 1.521900000000e+04 1.521900000000e+04 1.521900000000e+04
4.800000 1.473646134878e-195 1.488700000000e+04 1.488700000000e+04 1.488700000000e+04 1.488700000000e+04 1.488700000000e+04 1.488700000000e+04 1.488700000000e+04 1.488700000000e+04 1.488700000000e+04 1.488700000000e+04
4.850000 3.978223427282e-202 1.465800000000e+04 1.465800000000e+04 1.465800000000e+04 1.465800000000e+04 1.465800000000e+04 1.465800000000e+04 1.465800000000e+04 1.465800000000e+04 1.465800000000e+04 1.465800000000e+04
4.900000 8.363951605856e-209 1.454300000000e+04 1.454300000000e+04 1.454300000000e+04 1.454300000000e+04 1.454300000000e+04 1.454300000000e+04 1.454300000000e+04 1.454300000000e+04 1.454300000000e+04 1.454300000000e+04
4.950000 1.369494308080e-215 1.389200000000e+04 1.389200000000e+04 1.389200000000e+04 1.389200000000e+04 1.389200000000e+04 1.389200000000e+04 1.389200000000e+04 1.389200000000e+04 1.389200000000e+04 1.389200000000e+04
5.000000 1.746366256759e-222 1.384900000000e+04 1.384900000000e+04 1.384900000000e+04 1.384900000000e+04 1.384900000000e+04 1.384900000000e+04 1.384900000000e+04 1.384900000000e+04 1.384900000000e+04 1.384900000000e+04
5.050000 1.734350263606e-229 1.376300000000e+04 1.376300000000e+04 1.376300000000e+04 1.376300000000e+04 1.376300000000e+04 1.376300000000e+04 1.376300000000e+04 1.376300000000e+04 1.376300000000e+04 1.376300000000e+04
5.100000 1.341419667349e-236 1.335100000000e+04 1.335100000000e+04 1.335100000000e+04 1.335100000000e+04 1.335100000000e+04 1.335100000000e+04 1.335100000000e+04 1.335100000000e+04 1.335100000000e+04 1.335100000000e+04
5.150000 8.080140413872e-244 1.299600000000e+04 1.299600000000e+04 1.299600000000e+04 1.299600000000e+04 1.299600000000e+04 1.299600000000e+04 1.299600000000e+04 1.299600000000e+04 1.299600000000e+04 1.299600000000e+04
5.200000 3.790526400093e-251 1.301300000000e+04 1.301300000000e+04 1.301300000000e+04 1.301300000000e+04 1.301300000000e+04 1.301300000000e+04 1.301300000000e+04 1.301300000000e+04 1.301300000000e+04 1.301300000000e+04
5.250000 1.384862078338e-258 1.278100000000e+04 1.278100000000e+04 1.278100000000e+04 1.278100000000e+04 1.278100000000e+04 1.278100000000e+04 1.278100000000e+04 1.278100000000e+04 1.278100000000e+04 1.278100000000e+04
5.300000 3.940396277135e-266 1.247600000000e+04 1.247600000000e+04 1.247600000000e+04 1.247600000000e+04 1.247600000000e+04 1.247600000000e+04 1.247600000000e+04 1.247600000000e+04 1.247600000000e+04 1.247600000000e+04
5.350000 8.731717100620e-274 1.244200000000e+04 1.244200000000e+04 1.244200000000e+04 1.244200000000e+04 1.244200000000e+04 1.244200000000e+04 1.244200000000e+04 1.244200000000e+04 1.244200000000e+04 1.244200000000e+04
5.400000 1.506904717620e-281 1.197200000000e+04 1.197200000000e+04 1.197200000000e+04 1.197200000000e+04 1.197200000000e+04 1.197200000000e+04 1.197200000000e+04 1.197200000000e+04 1.197200000000e+04 1.197200000000e+04
5.450000 2.025341716212e-289 1.184100000000e+04 1.184100000000e+04 1.184100000000e+04 1.184100000000e+04 1.184100000000e+04 1.184100000000e+04 1.184100000000e+04 1.184100000000e+04 1.184100000000e+04 1.184100000000e+04
5.500000 2.120006551525e-297 1.170400000000e+04 1.170400000000e+04 1.170400000000e+04 1.170400000000e+04 1.170400000000e+04 1.170400000000e+04 1.170400000000e+04 1.170400000000e+04 1.170400000000e+04 1.170400000000e+04
5.550000 1.728233732284e-305 1.171100000000e+04 1.171100000000e+04 1.171100000000e+04 1.171100000000e+04 1.171100000000e+04 1.171100000000e+04 1.171100000000e+04 1.171100000000e+04 1.171100000000e+04 1.171100000000e+04
5.600000 1.097221052044e-313 1.145700000000e+04 1.145700000000e+04 1.145700000000e+04 1.145700000000e+04 1.145700000000e+04 1.145700000000e+04 1.145700000000e+04 1.145700000000e+04 1.145700000000e+04 1.145700000000e+04
5.650000 5.533535233422e-322 1.130500000000e+04 1.130500000000e+04 1.130500000000e+04 1.130500000000e+04 1.130500000000e+04 1.130500000000e+04 1.130500000000e+04 1.130500000000e+04 1.130500000000e+04 1.130500000000e+04
5.700000 0.000000000000e+00 1.086200000000e+04 1.086200000000e+04 1.086200000000e+04 1.086200000000e+04 1.086200000000e+04 1.086200000000e+04 1.086200000000e+04 1.086200000000e+04 1.086200000000e+04 1.086200000000e+04
5.750000 0.000000000000e+00 1.072300000000e+04 1.072300000000e+04 1.072300000000e+04 1.072300000000e+04 1.072300000000e+04 1.072300000000e+04 1.072300000000e+04 1.072300000000e+04 1.072300000000e+04 1.072300000000e+04
5.800000 0.000000000000e+00 1.056800000000e+04 1.056800000000e+04 1.056800000000e+04 1.056800000000e+04 1.056800000000e+04 1.056800000000e+04 1.056800000000e+04 1.056800000000e+04 1.056800000000e+04 1.056800000000e+04
5.850000 0.000000000000e+00 1.049200000000e+04 1.049200000000e+04 1.049200000000e+04 1.049200000000e+04 1.049200000000e+04 1.049200000000e+04 1.049200000000e+04 1.049200000000e+04 1.049200000000e+04 1.049200000000e+04
5.900000 0.000000000000e+00 1.024200000000e+04 1.024200000000e+04 1.024200000000e+04 1.024200000000e+04 1.024200000000e+04 1.024200000000e+04 1.024200000000e+04 1.024200000000e+04 1.024200000000e+04 1.024200000000e+04
5.950000 0.000000000000e+00 1.028900000000e+04 1.028900000000e+04 1.028900000000e+04 1.028900000000e+04 1.028900000000e+04 1.028900000000e+04 1.028900000000e+04 1.028900000000e+04 1.028900000000e+04 1.028900000000e+04
6.000000 0.000000000000e+00 9.956000000000e+03 9.956000000000e+03 9.956000000000e+03 9.956000000000e+03 9.956000000000e+03 9.956000000000e+03 9.956000000000e+03 9.956000000000e+03 9.956000000000e+03 9.956000000000e+03
6.050000 0.000000000000e+00 9.850000000000e+03 9.850000000000e+03 9.850000000000e+03 9.850000000000e+03 9.850000000000e+03 9.850000000000e+03 9.850000000000e+03 9.850000000000e+03 9.850000000000e+03 9.850000000000e+03
6.100000 0.000000000000e+00 9.678000000000e+03 9.678000000000e+03 9.678000000000e+03 9.678000000000e+03 9.678000000000e+03 9.678000000000e+03 9.678000000000e+03 9.678000000000e+03 9.678000000000e+03 9.678000000000e+03
6.150000 0.000000000000e+00 9.363000000000e+03 9.363000000000e+03 9.363000000000e+03 9.363000000000e+03 9.363000000000e+03 9.363000000000e+03 9.363000000000e+03 9.363000000000e+03 9.363000000000e+03 9.363000000000e+03
6.200000 0.000000000000e+00 9.253000000000e+03 9.253000000000e+03 9.253000000000e+03 9.253000000000e+03 9.253000000000e+03 9.253000000000e+03 9.253000000000e+03 9.253000000000e+03 9.253000000000e+03 9.253000000000e+03
6.250000 0.000000000000e+00 8.997000000000e+03 8.997000000000e+03 8.997000000000e+03 8.997000000000e+03 8.997000000000e+03 8.997000000000e+03 8.997000000000e+03 8.997000000000e+03 8.997000000000e+03 8.997000000000e+03
6.300000 0.000000000000e+00 9.003000000000e+03 9.003000000000e+03 9.003000000000e+03 9.003000000000e+03 9.003000000000e+03 9.003000000000e+03 9.003000000000e+03 9.003000000000e+03 9.003000000000e+03 9.003000000000e+03
6.350000 0.000000000000e+00 8.912000000000e+03 8.912000000000e+03 8.912000000000e+03 8.912000000000e+03 8.912000000000e+03 8.912000000000e+03 8.912000000000e+03 8.912000000000e+03 8.912000000000e+03 8.912000000000e+03
6.400000 0.000000000000e+00 8.673000000000e+03 8.673000000000e+03 8.673000000000e+03 8.673000000000e+03 8.673000000000e+03 8.673000000000e+03 8.673000000000e+03 8.673000000000e+03 8.673000000000e+03 8.673000000000e+03
6.450000 0.000000000000e+00 8.598000000000e+03 8.598000000000e+03 8.598000000000e+03 8.598000000000e+03 8.598000000000e+03 8.598000000000e+03 8.598000000000e+03 8.598000000000e+03 8.598000000000e+03 8.598000000000e+03
6.500000 0.000000000000e+00 8.464000000000e+03 8.464000000000e+03 8.464000000000e+03 8.464000000000e+03 8.464000000000e+03 8.464000000000e+03 8.464000000000e+03 8.464000000000e+03 8.464000000000e+03 8.464000000000e+03
6.550000 0.000000000000e+00 8.286000000000e+03 8.286000000000e+03 8.286000000000e+03 8.286000000000e+03 8.286000000000e+03 8.286000000000e+03 8.286000000000e+03 8.286000000000e+03 8.286000000000e+03 8.286000000000e+03
6.600000 0.000000000000e+00 8.000000000000e+03 8.000000000000e+03 8.000000000000e+03 8.000000000000e+03 8.000000000000e+03 8.000000000000e+03 8.000000000000e+03 8.000000000000e+03 8.000000000000e+03 8.000000000000e+03
6.650000 0.000000000000e+00 8.011000000000e+03 8.011000000000e+03 8.011000000000e+03 8.011000000000e+03 8.011000000000e+03 8.011000000000e+03 8.011000000000e+03 8.011000000000e+03 8.011000000000e+03 8.011000000000e+03
6.700000 0.000000000000e+00 7.602000000000e+03 7.602000000000e+03 7.602000000000e+03 7.602000000000e+03 7.602000000000e+03 7.602000000000e+03 7.602000000000e+03 7.602000000000e+03 7.602000000000e+03 7.602000000000e+03
6.750000 0.000000000000e+00 7.625000000000e+03 7.625000000000e+03 7.625000000000e+03 7.625000000000e+03 7.625000000000e+03 7.625000000000e+03 7.625000000000e+03 7.625000000000e+03 7.625000000000e+03 7.625000000000e+03
6.800000 0.000000000000e+00 7.632000000000e+03 7.632000000000e+03 7.632000000000e+03 7.632000000000e+03 7.632000000000e+03 7.632000000000e+03 7.632000000000e+03 7.632000000000e+03 7.632000000000e+03 7.632000000000e+03
6.850000 0.000000000000e+00 7.581000000000e+03 7.581000000000e+03 7.581000000000e+03 7.581000000000e+03 7.581000000000e+03 7.581000000000e+03 7.581000000000e+03 7.581000000000e+03 7.581000000000e+03 7.581000000000e+03
6.900000 0.000000000000e+00 7.428000000000e+03 7.428000000000e+03 7.428000000000e+03 7.428000000000e+03 7.428000000000e+03 7.428000000000e+03 7.428000000000e+03 7.428000000000e+03 7.428000000000e+03 7.428000000000e+03
6.950000 0.000000000000e+00 7.188000000000e+03 7.188000000000e+03 7.188000000000e+03 7.188000000000e+03 7.188000000000e+03 7.188000000000e+03 7.188000000000e+03 7.188000000000e+03 7.188000000000e+03 7.188000000000e+03
7.000000 0.000000000000e+00 7.219000000000e+03 7.219000000000e+03 7.219000000000e+03 7.219000000000e+03 7.219000000000e+03 7.219000000000e+03 7.219000000000e+03 7.219000000000e+03 7.219000000000e+03 7.219000000000e+03
7.050000 0.000000000000e+00 6.972000000000e+03 6.972000000000e+03 6.972000000000e+03 6.972000000000e+03 6.972000000000e+03 6.972000000000e+03 6.972000000000e+03 6.972000000000e+03 6.972000000000e+03 6.972000000000e+03
7.100000 0.000000000000e+00 7.005000000000e+03 7.005000000000e+03 7.005000000000e+03 7.005000000000e+03 7.005000000000e+03 7.005000000000e+03 7.005000000000e+03 7.005000000000e+03 7.005000000000e+03 7.005000000000e+03
7.150000 0.000000000000e+00 6.631000000000e+03 6.631000000000e+03 6.631000000000e+03 6.631000000000e+03 6.631000000000e+03 6.631000000000e+03 6.631000000000e+03 6.631000000000e+03 6.631000000000e+03 6.631000000000e+03
7.200000 0.000000000000e+00 6.691000000000e+03 6.691000000000e+03 6.691000000000e+03 6.691000000000e+03 6.691000000000e+03 6.691000000000e+03 6.691000000000e+03 6.691000000000e+03 6.691000000000e+03 6.691000000000e+03
7.250000 0.000000000000e+00 6.555000000000e+03 6.555000000000e+03 6.555000000000e+03 6.555000000000e+03 6.555000000000e+03 6.555000000000e+03 6.555000000000e+03 6.555000000000e+03 6.555000000000e+03 6.555000000000e+03
7.300000 0.000000000000e+00 6.319000000000e+03 6.319000000000e+03 6.319000000000e+03 6.319000000000e+03 6.319000000000e+03 6.319000000000e+03 6.319000000000e+03 6.319000000000e+03 6.319000000000e+03 6.319000000000e+03
7.350000 0.000000000000e+00 6.289000000000e+03 6.289000000000e+03 6.289000000000e+03 6.289000000000e+03 6.289000000000e+03 6.289000000000e+03 6.289000000000e+03 6.289000000000e+03 6.289000000000e+03 6.289000000000e+03
7.400000 0.000000000000e+00 6.176000000000e+03 6.176000000000e+03 6.176000000000e+03 6.176000000000e+03 6.176000000000e+03 6.176000000000e+03 6.176000000000e+03 6.176000000000e+03 6.176000000000e+03 6.176000000000e+03
7.450000 0.000000000000e+00 6.119000000000e+03 6.119000000000e+03 6.119000000000e+03 6.119000000000e+03 6.119000000000e+03 6.119000000000e+03 6.119000000000e+03 6.119000000000e+03 6.119000000000e+03 6.119000000000e+03
7.500000 0.000000000000e+00 6.037000000000e+03 6.037000000000e+03 6.037000000000e+03 6.037000000000e+03 6.037000000000e+03 6.037000000000e+03 6.037000000000e+03 6.037000000000e+03 6.037000000000e+03 6.037000000000e+03
7.550000 0.000000000000e+00 5.956000000000e+03 5.956000000000e+03 5.956000000000e+03 5.956000000000e+03 5.956000000000e+03 5.956000000000e+03 5.956000000000e+03 5.956000000000e+03 5.956000000000e+03 5.956000000000e+03
7.600000 0.000000000000e+00 5.642000000000e+03 5.642000000000e+03 5.642000000000e+03 5.642000000000e+03 5.642000000000e+03 5.642000000000e+03 5.642000000000e+03 5.642000000000e+03 5.642000000000e+03 5.642000000000e+03
7.650000 0.000000000000e+00 5.779000000000e+03 5.779000000000e+03 5.779000000000e+03 5.779000000000e+03 5.779000000000e+03 5.779000000000e+03 5.779000000000e+03 5.779000000000e+03 5.779000000000e+03 5.779000000000e+03
7.700000 0.000000000000e+00 5.500000000000e+03 5.500000000000e+03 5.500000000000e+03 5.500000000000e+03 5.500000000000e+03 5.500000000000e+03 5.500000000000e+03 5.500000000000e+03 5.500000000000e+03 5.500000000000e+03
7.750000 0.000000000000e+00 5.531000000000e+03 5.531000000000e+03 5.531000000000e+03 5.531000000000e+03 5.531000000000e+03 5.531000000000e+03 5.531000000000e+03 5.531000000000e+03 5.531000000000e+03 5.531000000000e+03
7.800000 0.000000000000e+00 5.362000000000e+03 5.362000000000e+03 5.362000000000e+03 5.362000000000e+03 5.362000000000e+03 5.362000000000e+03 5.362000000000e+03 5.362000000000e+03 5.362000000000e+03 5.362000000000e+03
7.850000 0.000000000000e+00 5.311000000000e+03 5.311000000000e+03 5.311000000000e+03 5.311000000000e+03 5.311000000000e+03 5.311000000000e+03 5.311000000000e+03 5.311000000000e+03 5.311000000000e+03 5.311000000000e+03
7.900000 0.000000000000e+00 5.220000000000e+03 5.220000000000e+03 5.220000000000e+03 5.220000000000e+03 5.220000000000e+03 5.220000000000e+03 5.220000000000e+03 5.220000000000e+03 5.220000000000e+03 5.220000000000e+03
7.950000 0.000000000000e+00 5.193000000000e+03 5.193000000000e+03 5.193000000000e+03 5.193000000000e+03 5.193000000000e+03 5.193000000000e+03 5.193000000000e+03 5.193000000000e+03 5.193000000000e+03 5.193000000000e+03
8.000000 0.000000000000e+00 5.130000000000e+03 5.130000000000e+03 5.130000000000e+03 5.130000000000e+03 5.130000000000e+03 5.130000000000e+03 5.130000000000e+03 5.130000000000e+03 5.130000000000e+03 5.130000000000e+03
8.050000 0.000000000000e+00 5.133000000000e+03 5.133000000000e+03 5.133000000000e+03 5.133000000000e+03 5.133000000000e+03 5.133000000000e+03 5.133000000000e+03 5.133000000000e+03 5.133000000000e+03 5.133000000000e+03
8.100000 0.000000000000e+00 4.810000000000e+03 4.810000000000e+03 4.810000000000e+03 4.810000000000e+03 4.810000000000e+03 4.810000000000e+03 4.810000000000e+03 4.810000000000e+03 4.810000000000e+03 4.810000000000e+03
8.150000 0.000000000000e+00 4.824000000000e+03 4.824000000000e+03 4.824000000000e+03 4.824000000000e+03 4.824000000000e+03 4.824000000000e+03 4.824000000000e+03 4.824000000000e+03 4.824000000000e+03 4.824000000000e+03
8.200000 0.000000000000e+00 4.778000000000e+03 4.778000000000e+03 4.778000000000e+03 4.778000000000e+03 4.778000000000e+03 4.778000000000e+03 4.778000000000e+03 4.778000000000e+03 4.778000000000e+03 4.778000000000e+03
8.250000 0.000000000000e+00 4.694000000000e+03 4.694000000000e+03 4.694000000000e+03 4.694000000000e+03 4.694000000000e+03 4.694000000000e+03 4.694000000000e+03 4.694000000000e+03 4.694000000000e+03 4.694000000000e+03
8.300000 0.000000000000e+00 4.517000000000e+03 4.517000000000e+03 4.517000000000e+03 4.517000000000e+03 4.517000000000e+03 4.517000000000e+03 4.517000000000e+03 4.517000000000e+03 4.517000000000e+03 4.517000000000e+03
8.350000 0.000000000000e+00 4.473000000000e+03 4.473000000000e+03 4.473000000000e+03 4.473000000000e+03 4.473000000000e+03 4.473000000000e+03 4.473000000000e+03 4.473000000000e+03 4.473000000000e+03 4.473000000000e+03
8.400000 0.000000000000e+00 4.461000000000e+03 4.461000000000e+03 4.461000000000e+03 4.461000000000e+03 4.461000000000e+03 4.461000000000e+03 4.461000000000e+03 4.461000000000e+03 4.461000000000e+03 4.461000000000e+03
8.450000 0.000000000000e+00 4.419000000000e+03 4.419000000000e+03 4.419000000000e+03 4.419000000000e+03 4.419000000000e+03 4.419000000000e+03 4.419000000000e+03 4.419000000000e+03 4.419000000000e+03 4.419000000000e+03
8.500000 0.000000000000e+00 4.183000000000e+03 4.183000000000e+03 4.183000000000e+03 4.183000000000e+03 4.183000000000e+03 4.183000000000e+03 4.183000000000e+03 4.183000000000e+03 4.183000000000e+03 4.183000000000e+03
8.550000 0.000000000000e+00 4.109000000000e+03 4.109000000000e+03 4.109000000000e+03 4.109000000000e+03 4.109000000000e+03 4.109000000000e+03 4.109000000000e+03 4.109000000000e+03 4.109000000000e+03 4.109000000000e+03
8.600000 0.000000000000e+00 4.196000000000e+03 4.196000000000e+03 4.196000000000e+03 4.196000000000e+03 4.196000000000e+03 4.196000000000e+03 4.196000000000e+03 4.196000000000e+03 4.196000000000e+03 4.196000000000e+03
8.650000 0.000000000000e+00 3.968000000000e+03 3.968000000000e+03 3.968000000000e+03 3.968000000000e+03 3.968000000000e+03 3.968000000000e+03 3.968000000000e+03 3.968000000000e+03 3.968000000000e+03 3.968000000000e+03
8.700000 0.000000000000e+00 4.007000000000e+03 4.007000000000e+03 4.007000000000e+03 4.007000000000e+03 4.007000000000e+03 4.007000000000e+03 4.007000000000e+03 4.007000000000e+03 4.007000000000e+03 4.007000000000e+03
8.750000 0.000000000000e+00 3.907000000000e+03 3.907000000000e+03 3.907000000000e+03 3.907000000000e+03 3.907000000000e+03 3.907000000000e+03 3.907000000000e+03 3.907000000000e+03 3.907000000000e+03 3.907000000000e+03
8.800000 0.000000000000e+00 3.972000000000e+03 3.972000000000e+03 3.972000000000e+03 3.972000000000e+03 3.972000000000e+03 3.972000000000e+03 3.972000000000e+03 3.972000000000e+03 3.972000000000e+03 3.972000000000e+03
8.850000 0.000000000000e+00 3.793000000000e+03 3.793000000000e+03 3.793000000000e+03 3.793000000000e+03 3.793000000000e+03 3.793000000000e+03 3.793000000000e+03 3.793000000000e+03 3.793000000000e+03 3.793000000000e+03
8.900000 0.000000000000e+00 3.702000000000e+03 3.702000000000e+03 3.702000000000e+03 3.702000000000e+03 3.702000000000e+03 3.702000000000e+03 3.702000000000e+03 3.702000000000e+03 3.702000000000e+03 3.702000000000e+03
8.950000 0.000000000000e+00 3.651000000000e+03 3.651000000000e+03 3.651000000000e+03 3.651000000000e+03 3.651000000000e+03 3.651000000000e+03 3.651000000000e+03 3.651000000000e+03 3.651000000000e+03 3.651000000000e+03
9.000000 0.000000000000e+00 3.665000000000e+03 3.665000000000e+03 3.665000000000e+03 3.665000000000e+03 3.665000000000e+03 3.665000000000e+03 3.665000000000e+03 3.665000000000e+03 3.665000000000e+03 3.665000000000e+03
9.050000 0.000000000000e+00 3.577000000000e+03 3.577000000000e+03 3.577000000000e+03 3.577000000000e+03 3.577000000000e+03 3.577000000000e+03 3.577000000000e+03 3.577000000000e+03 3.577000000000e+03 3.577000000000e+03
9.100000 0.000000000000e+00 3.553000000000e+03 3.553000000000e+03 3.553000000000e+03 3.553000000000e+03 3.553000000000e+03 3.553000000000e+03 3.553000000000e+03 3.553000000000e+03 3.553000000000e+03 3.553000000000e+03
9.150000 0.000000000000e+00 3.345000000000e+03 3.345000000000e+03 3.345000000000e+03 3.345000000000e+03 3.345000000000e+03 3.345000000000e+03 3.345000000000e+03 3.345000000000e+03 3.345000000000e+03 3.345000000000e+03
9.200000 0.000000000000e+00 3.472000000000e+03 3.472000000000e+03 3.472000000000e+03 3.472000000000e+03 3.472000000000e+03 3.472000000000e+03 3.472000000000e+03 3.472000000000e+03 3.472000000000e+03 3.472000000000e+03
9.250000 0.000000000000e+00 3.287000000000e+03 3.287000000000e+03 3.287000000000e+03 3.287000000000e+03 3.287000000000e+03 3.287000000000e+03 3.287000000000e+03 3.287000000000e+03 3.287000000000e+03 3.287000000000e+03
9.300000 0.000000000000e+00 3.351000000000e+03 3.351000000000e+03 3.351000000000e+03 3.351000000000e+03 3.351000000000e+03 3.351000000000e+03 3.351000000000e+03 3.351000000000e+03 3.351000000000e+03 3.351000000000e+03
9.350000 0.000000000000e+00 3.228000000000e+03 3.228000000000e+03 3.228000000000e+03 3.228000000000e+03 3.228000000000e+03 3.228000000000e+03 3.228000000000e+03 3.228000000000e+03 3.228000000000e+03 3.228000000000e+03
9.400000 0.000000000000e+00 3.200000000000e+03 3.200000000000e+03 3.200000000000e+03 3.200000000000e+03 3.200000000000e+03 3.200000000000e+03 3.200000000000e+03 3.200000000000e+03 3.200000000000e+03 3.200000000000e+03
9.450000 0.000000000000e+00 3.163000000000e+03 3.163000000000e+03 3.163000000000e+03 3.163000000000e+03 3.163000000000e+03 3.163000000000e+03 3.163000000000e+03 3.163000000000e+03 3.163000000000e+03 3.163000000000e+03
9.500000 0.000000000000e+00 3.050000000000e+03 3.050000000000e+03 3.050000000000e+03 3.050000000000e+03 3.050000000000e+03 3.050000000000e+03 3.050000000000e+03 3.050000000000e+03 3.050000000000e+03 3.050000000000e+03
9.550000 0.000000000000e+00 3.015000000000e+03 3.015000000000e+03 3.015000000000e+03 3.015000000000e+03 3.015000000000e+03 3.015000000000e+03 3.015000000000e+03 3.015000000000e+03 3.015000000000e+03 3.015000000000e+03
9.600000 0.000000000000e+00 2.949000000000e+03 2.949000000000e+03 2.949000000000e+03 2.949000000000e+03 2.949000000000e+03 2.949000000000e+03 2.949000000000e+03 2.949000000000e+03 2.949000000000e+03 2.949000000000e+03
9.650000 0.000000000000e+00 2.870000000000e+03 2.870000000000e+03 2.870000000000e+03 2.870000000000e+03 2.870000000000e+03 2.870000000000e+03 2.870000000000e+03 2.870000000000e+03 2.870000000000e+03 2.870000000000e+03
9.700000 0.000000000000e+00 2.965000000000e+03 2.965000000000e+03 2.965000000000e+03 2.965000000000e+03 2.965000000000e+03 2.965000000000e+03 2.965000000000e+03 2.965000000000e+03 2.965000000000e+03 2.965000000000e+03
9.750000 0.000000000000e+00 2.826000000000e+03 2.826000000000e+03 2.826000000000e+03 2.826000000000e+03 2.826000000000e+03 2.826000000000e+03 2.826000000000e+03 2.826000000000e+03 2.826000000000e+03 2.826000000000e+03
9.800000 0.000000000000e+00 2.801000000000e+03 2.801000000000e+03 2.801000000000e+03 2.801000000000e+03 2.801000000000e+03 2.801000000000e+03 2.801000000000e+03 2.801000000000e+03 2.801000000000e+03 2.801000000000e+03
9.850000 0.000000000000e+00 2.680000000000e+03 2.680000000000e+03 2.680000000000e+03 2.680000000000e+03 2.680000000000e+03 2.680000000000e+03 2.680000000000e+03 2.680000000000e+03 2.680000000000e+03 2.680000000000e+03
9.900000 0.000000000000e+00 2.659000000000e+03 2.659000000000e+03 2.659000000000e+03 2.659000000000e+03 2.659000000000e+03 2.659000000000e+03 2.659000000000e+03 2.659000000000e+03 2.659000000000e+03 2.659000000000e+03
9.950000 0.000000000000e+00 2.733000000000e+03 2.733000000000e+03 2.733000000000e+03 2.733000000000e+03 2.733000000000e+03 2.733000000000e+03 2.733000000000e+03 2.733000000000e+03 2.733000000000e+03 2.733000000000e+03
10.000000 0.000000000000e+00 2.570000000000e+03 2.570000000000e+03 2.570000000000e+03 2.570000000000e+03 2.570000000000e+03 2.570000000000e+03 2.570000000000e+03 2.570000000000e+03 2.570000000000e+03 2.570000000000e+03
10.050000 0.000000000000e+00 2.548000000000e+03 2.548000000000e+03 2.548000000000e+03 2.548000000000e+03 2.548000000000e+03 2.548000000000e+03 2.548000000000e+03 2.548000000000e+03 2.548000000000e+03 2.548000000000e+03
10.100000 0.000000000000e+00 2.531000000000e+03 2.531000000000e+03 2.531000000000e+03 2.531000000000e+03 2.531000000000e+03 2.531000000000e+03 2.531000000000e+03 2.531000000000e+03 2.531000000000e+03 2.531000000000e+03
10.150000 0.000000000000e+00 2.552000000000e+03 2.552000000000e+03 2.552000000000e+03 2.552000000000e+03 2.552000000000e+03 2.552000000000e+03 2.552000000000e+03 2.552000000000e+03 2.552000000000e+03 2.552000000000e+03
10.200000 0.000000000000e+00 2.413000000000e+03 2.413000000000e+03 2.413000000000e+03 2.413000000000e+03 2.413000000000e+03 2.413000000000e+03 2.413000000000e+03 2.413000000000e+03 2.413000000000e+03 2.413000000000e+03
10.250000 0.000000000000e+00 2.435000000000e+03 2.435000000000e+03 2.435000000000e+03 2.435000000000e+03 2.435000000000e+03 2.435000000000e+03 2.435000000000e+03 2.435000000000e+03 2.435000000000e+03 2.435000000000e+03
10.300000 0.000000000000e+00 2.390000000000e+03 2.390000000000e+03 2.390000000000e+03 2.390000000000e+03 2.390000000000e+03 2.390000000000e+03 2.390000000000e+03 2.390000000000e+03 2.390000000000e+03 2.390000000000e+03
10.350000 0.000000000000e+00 2.235000000000e+03 2.235000000000e+03 2.235000000000e+03 2.235000000000e+03 2.235000000000e+03 2.235000000000e+03 2.235000000000e+03 2.235000000000e+03 2.235000000000e+03 2.235000000000e+03
10.400000 0.000000000000e+00 2.285000000000e+03 2.285000000000e+03 2.285000000000e+03 2.285000000000e+03 2.285000000000e+03 2.285000000000e+03 2.285000000000e+03 2.285000000000e+03 2.285000000000e+03 2.285000000000e+03
10.450000 0.000000000000e+00 2.260000000000e+03 2.260000000000e+03 2.260000000000e+03 2.260000000000e+03 2.260000000000e+03 2.260000000000e+03 2.260000000000e+03 2.260000000000e+03 2.260000000000e+03 2.260000000000e+03
10.500000 0.000000000000e+00 2.144000000000e+03 2.144000000000e+03 2.144000000000e+03 2.144000000000e+03 2.144000000000e+03 2.144000000000e+03 2.144000000000e+03 2.144000000000e+03 2.144000000000e+03 2.144000000000e+03
10.550000 0.000000000000e+00 2.143000000000e+03 2.143000000000e+03 2.143000000000e+03 2.143000000000e+03 2.143000000000e+03 2.143000000000e+03 2.143000000000e+03 2.143000000000e+03 2.143000000000e+03 2.143000000000e+03
10.600000 0.000000000000e+00 2.168000000000e+03 2.168000000000e+03 2.168000000000e+03 2.168000000000e+03 2.168000000000e+03 2.168000000000e+03 2.168000000000e+03 2.168000000000e+03 2.168000000000e+03 2.168000000000e+03
10.650000 0.000000000000e+00 2.057000000000e+03 2.057000000000e+03 2.057000000000e+03 2.057000000000e+03 2.057000000000e+03 2.057000000000e+03 2.057000000000e+03 2.057000000000e+03 2.057000000000e+03 2.057000000000e+03
10.700000 0.000000000000e+00 2.062000000000e+03 2.062000000000e+03 2.062000000000e+03 2.062000000000e+03 2.062000000000e+03 2.062000000000e+03 2.062000000000e+03 2.062000000000e+03 2.062000000000e+03 2.062000000000e+03
10.750000 0.000000000000e+00 2.007000000000e+03 2.007000000000e+03 2.007000000000e+03 2.007000000000e+03 2.007000000000e+03 2.007000000000e+03 2.007000000000e+03 2.007000000000e+03 2.007000000000e+03 2.007000000000e+03
10.800000 0.000000000000e+00 2.038000000000e+03 2.038000000000e+03 2.038000000000e+03 2.038000000000e+03 2.038000000000e+03 2.038000000000e+03 2.038000000000e+03 2.038000000000e+03 2.038000000000e+03 2.038000000000e+03
10.850000 0.000000000000e+00 1.893000000000e+03 1.893000000000e+03 1.893000000000e+03 1.893000000000e+03 1.893000000000e+03 1.893000000000e+03 1.893000000000e+03 1.893000000000e+03 1.893000000000e+03 1.893000000000e+03
10.900000 0.000000000000e+00 1.947000000000e+03 1.947000000000e+03 1.947000000000e+03 1.947000000000e+03 1.947000000000e+03 1.947000000000e+03 1.947000000000e+03 1.947000000000e+03 1.947000000000e+03 1.947000000000e+03
10.950000 0.000000000000e+00 1.912000000000e+03 1.912000000000e+03 1.912000000000e+03 1.912000000000e+03 1.912000000000e+03 1.912000000000e+03 1.912000000000e+03 1.912000000000e+03 1.912000000000e+03 1.912000000000e+03
11.000000 0.000000000000e+00 1.855000000000e+03 1.855000000000e+03 1.855000000000e+03 1.855000000000e+03 1.855000000000e+03 1.855000000000e+03 1.855000000000e+03 1.855000000000e+03 1.855000000000e+03 1.855000000000e+03
11.050000 0.000000000000e+00 1.773000000000e+03 1.773000000000e+03 1.773000000000e+03 1.773000000000e+03 1.773000000000e+03 1.773000000000e+03 1.773000000000e+03 1.773000000000e+03 1.773000000000e+03 1.773000000000e+03
11.100000 0.000000000000e+00 1.813000000000e+03 1.813000000000e+03 1.813000000000e+03 1.813000000000e+03 1.813000000000e+03 1.813000000000e+03 1.813000000000e+03 1.813000000000e+03 1.813000000000e+03 1.813000000000e+03
11.150000 0.000000000000e+00 1.811000000000e+03 1.811000000000e+03 1.811000000000e+03 1.811000000000e+03 1.811000000000e+03 1.811000000000e+03 1.811000000000e+03 1.811000000000e+03 1.811000000000e+03 1.811000000000e+03
11.200000 0.000000000000e+00 1.789000000000e+03 1.789000000000e+03 1.789000000000e+03 1.789000000000e+03 1.789000000000e+03 1.789000000000e+03 1.789000000000e+03 1.789000000000e+03 1.789000000000e+03 1.789000000000e+03
11.250000 0.000000000000e+00 1.705000000000e+03 1.705000000000e+03 1.705000000000e+03 1.705000000000e+03 1.705000000000e+03 1.705000000000e+03 1.705000000000e+03 1.705000000000e+03 1.705000000000e+03 1.705000000000e+03
11.300000 0.000000000000e+00 1.737000000000e+03 1.737000000000e+03 1.737000000000e+03 1.737000000000e+03 1.737000000000e+03 1.737000000000e+03 1.737000000000e+03 1.737000000000e+03 1.737000000000e+03 1.737000000000e+03
11.350000 0.000000000000e+00 1.683000000000e+03 1.683000000000e+03 1.683000000000e+03 1.683000000000e+03 1.683000000000e+03 1.683000000000e+03 1.683000000000e+03 1.683000000000e+03 1.683000000000e+03 1.683000000000e+03
11.400000 0.000000000000e+00 1.618000000000e+03 1.618000000000e+03 1.618000000000e+03 1.618000000000e+03 1.618000000000e+03 1.618000000000e+03 1.618000000000e+03 1.618000000000e+03 1.618000000000e+03 1.618000000000e+03
11.450000 0.000000000000e+00 1.617000000000e+03 1.617000000000e+03 1.617000000000e+03 1.617000000000e+03 1.617000000000e+03 1.617000000000e+03 1.617000000000e+03 1.617000000000e+03 1.617000000000e+03 1.617000000000e+03
11.500000 0.000000000000e+00 1.548000000000e+03 1.548000000000e+03 1.548000000000e+03 1.548000000000e+03 1.548000000000e+03 1.548000000000e+03 1.548000000000e+03 1.548000000000e+03 1.548000000000e+03 1.548000000000e+03
11.550000 0.000000000000e+00 1.529000000000e+03 1.529000000000e+03 1.529000000000e+03 1.529000000000e+03 1.529000000000e+03 1.529000000000e+03 1.529000000000e+03 1.529000000000e+03 1.529000000000e+03 1.529000000000e+03
11.600000 0.000000000000e+00 1.459000000000e+03 1.459000000000e+03 1.459000000000e+03 1.459000000000e+03 1.459000000000e+03 1.459000000000e+03 1.459000000000e+03 1.459000000000e+03 1.459000000000e+03 1.459000000000e+03
11.650000 0.000000000000e+00 1.476000000000e+03 1.476000000000e+03 1.476000000000e+03 1.476000000000e+03 1.476000000000e+03 1.476000000000e+03 1.476000000000e+03 1.476000000000e+03 1.476000000000e+03 1.476000000000e+03
11.700000 0.000000000000e+00 1.373000000000e+03 1.373000000000e+03 1.373000000000e+03 1.373000000000e+03 1.373000000000e+03 1.373000000000e+03 1.373000000000e+03 1.373000000000e+03 1.373000000000e+03 1.373000000000e+03
11.750000 0.000000000000e+00 1.459000000000e+03 1.459000000000e+03 1.459000000000e+03 1.459000000000e+03 1.459000000000e+03 1.459000000000e+03 1.459000000000e+03 1.459000000000e+03 1.459000000000e+03 1.459000000000e+03
11.800000 0.000000000000e+00 1.346000000000e+03 1.346000000000e+03 1.346000000000e+03 1.346000000000e+03 1.346000000000e+03 1.346000000000e+03 1.346000000000e+03 1.346000000000e+03 1.346000000000e+03 1.346000000000e+03
11.850000 0.000000000000e+00 1.433000000000e+03 1.433000000000e+03 1.433000000000e+03 1.433000000000e+03 1.433000000000e+03 1.433000000000e+03 1.433000000000e+03 1.433000000000e+03 1.433000000000e+03 1.433000000000e+03
11.900000 0.000000000000e+00 1.427000000000e+03 1.427000000000e+03 1.427000000000e+03 1.427000000000e+03 1.427000000000e+03 1.427000000000e+03 1.427000000000e+03 1.427000000000e+03 1.427000000000e+03 1.427000000000e+03
11.950000 0.000000000000e+00 1.377000000000e+03 1.377000000000e+03 1.377000000000e+03 1.377000000000e+03 1.377000000000e+03 1.377000000000e+03 1.377000000000e+03 1.377000000000e+03 1.377000000000e+03 1.377000000000e+03
12.000000 0.000000000000e+00 1.331000000000e+03 1.331000000000e+03 1.331000000000e+03 1.331000000000e+03 1.331000000000e+03 1.331000000000e+03 1.331000000000e+03 1.331000000000e+03 1.331000000000e+03 1.331000000000e+03
12.050000 0.000000000000e+00 1.233000000000e+03 1.233000000000e+03 1.233000000000e+03 1.233000000000e+03 1.233000000000e+03 1.233000000000e+03 1.233000000000e+03 1.233000000000e+03 1.233000000000e+03 1.233000000000e+03
12.100000 0.000000000000e+00 1.259000000000e+03 1.259000000000e+03 1.259000000000e+03 1.259000000000e+03 1.259000000000e+03 1.259000000000e+03 1.259000000000e+03 1.259000000000e+03 1.259000000000e+03 1.259000000000e+03
12.150000 0.000000000000e+00 1.172000000000e+03 1.172000000000e+03 1.172000000000e+03 1.172000000000e+03 1.172000000000e+03 1.172000000000e+03 1.172000000000e+03 1.172000000000e+03 1.172000000000e+03 1.172000000000e+03
12.200000 0.000000000000e+00 1.191000000000e+03 1.191000000000e+03 1.191000000000e+03 1.191000000000e+03 1.191000000000e+03 1.191000000000e+03 1.191000000000e+03 1.191000000000e+03 1.191000000000e+03 1.191000000000e+03
12.250000 0.000000000000e+00 1.258000000000e+03 1.258000000000e+03 1.258000000000e+03 1.258000000000e+03 1.258000000000e+03 1.258000000000e+03 1.258000000000e+03 1.258000000000e+03 1.258000000000e+03 1.258000000000e+03
12.300000 0.000000000000e+00 1.209000000000e+03 1.209000000000e+03 1.209000000000e+03 1.209000000000e+03 1.209000000000e+03 1.209000000000e+03 1.209000000000e+03 1.209000000000e+03 1.209000000000e+03 1.209000000000e+03
12.350000 0.000000000000e+00 1.165000000000e+03 1.165000000000e+03 1.165000000000e+03 1.165000000000e+03 1.165000000000e+03 1.165000000000e+03 1.165000000000e+03 1.165000000000e+03 1.165000000000e+03 1.165000000000e+03
12.400000 0.000000000000e+00 1.160000000000e+03 1.160000000000e+03 1.160000000000e+03 1.160000000000e+03 1.160000000000e+03 1.160000000000e+03 1.160000000000e+03 1.160000000000e+03 1.160000000000e+03 1.160000000000e+03
12.450000 0.000000000000e+00 1.206000000000e+03 1.206000000000e+03 1.206000000000e+03 1.206000000000e+03 1.206000000000e+03 1.206000000000e+03 1.206000000000e+03 1.206000000000e+03 1.206000000000e+03 1.206000000000e+03
12.500000 0.000000000000e+00 1.172000000000e+03 1.172000000000e+03 1.172000000000e+03 1.172000000000e+03 1.172000000000e+03 1.172000000000e+03 1.172000000000e+03 1.172000000000e+03 1.172000000000e+03 1.172000000000e+03
12.550000 0.000000000000e+00 1.111000000000e+03 1.111000000000e+03 1.111000000000e+03 1.111000000000e+03 1.111000000000e+03 1.111000000000e+03 1.111000000000e+03 1.111000000000e+03 1.111000000000e+03 1.111000000000e+03
12.600000 0.000000000000e+00 1.066000000000e+03 1.066000000000e+03 1.066000000000e+03 1.066000000000e+03 1.066000000000e+03 1.066000000000e+03 1.066000000000e+03 1.066000000000e+03 1.066000000000e+03 1.066000000000e+03
12.650000 0.000000000000e+00 1.051000000000e+03 1.051000000000e+03 1.051000000000e+03 1.051000000000e+03 1.051000000000e+03 1.051000000000e+03 1.051000000000e+03 1.051000000000e+03 1.051000000000e+03 1.051000000000e+03
12.700000 0.000000000000e+00 1.046000000000e+03 1.046000000000e+03 1.046000000000e+03 1.046000000000e+03 1.046000000000e+03 1.046000000000e+03 1.046000000000e+03 1.046000000000e+03 1.046000000000e+03 1.046000000000e+03
12.750000 0.000000000000e+00 1.015000000000e+03 1.015000000000e+03 1.015000000000e+03 1.015000000000e+03 1.015000000000e+03 1.015000000000e+03 1.015000000000e+03 1.015000000000e+03 1.015000000000e+03 1.015000000000e+03
12.800000 0.000000000000e+00 1.020000000000e+03 1.020000000000e+03 1.020000000000e+03 1.020000000000e+03 1.020000000000e+03 1.020000000000e+03 1.020000000000e+03 1.020000000000e+03 1.020000000000e+03 1.020000000000e+03
12.850000 0.000000000000e+00 9.580000000000e+02 9.580000000000e+02 9.580000000000e+02 9.580000000000e+02 9.580000000000e+02 9.580000000000e+02 9.580000000000e+02 9.580000000000e+02 9.580000000000e+02 9.580000000000e+02
12.900000 0.000000000000e+00 1.012000000000e+03 1.012000000000e+03 1.012000000000e+03 1.012000000000e+03 1.012000000000e+03 1.012000000000e+03 1.012000000000e+03 1.012000000000e+03 1.012000000000e+03 1.012000000000e+03
12.950000 0.000000000000e+00 9.160000000000e+02 9.160000000000e+02 9.160000000000e+02 9.160000000000e+02 9.160000000000e+02 9.160000000000e+02 9.160000000000e+02 9.160000000000e+02 9.160000000000e+02 9.160000000000e+02
13.000000 0.000000000000e+00 9.250000000000e+02 9.250000000000e+02 9.250000000000e+02 9.250000000000e+02 9.250000000000e+02 9.250000000000e+02 9.250000000000e+02 9.250000000000e+02 9.250000000000e+02 9.250000000000e+02
13.050000 0.000000000000e+00 9.640000000000e+02 9.640000000000e+02 9.640000000000e+02 9.640000000000e+02 9.640000000000e+02 9.640000000000e+02 9.640000000000e+02 9.640000000000e+02 9.640000000000e+02 9.640000000000e+02
13.100000 0.000000000000e+00 8.940000000000e+02 8.940000000000e+02 8.940000000000e+02 8.940000000000e+02 8.940000000000e+02 8.940000000000e+02 8.940000000000e+02 8.940000000000e+02 8.940000000000e+02 8.940000000000e+02
13.150000 0.000000000000e+00 9.440000000000e+02 9.440000000000e+02 9.440000000000e+02 9.440000000000e+02 9.440000000000e+02 9.440000000000e+02 9.440000000000e+02 9.440000000000e+02 9.440000000000e+02 9.440000000000e+02
13.200000 0.000000000000e+00 9.310000000000e+02 9.310000000000e+02 9.310000000000e+02 9.310000000000e+02 9.310000000000e+02 9.310000000000e+02 9.310000000000e+02 9.310000000000e+02 9.310000000000e+02 9.310000000000e+02
13.250000 0.000000000000e+00 8.080000000000e+02 8.080000000000e+02 8.080000000000e+02 8.080000000000e+02 8.080000000000e+02 8.080000000000e+02 8.080000000000e+02 8.080000000000e+02 8.080000000000e+02 8.080000000000e+02
13.300000 0.000000000000e+00 8.980000000000e+02 8.980000000000e+02 8.980000000000e+02 8.980000000000e+02 8.980000000000e+02 8.980000000000e+02 8.980000000000e+02 8.980000000000e+02 8.980000000000e+02 8.980000000000e+02
13.350000 0.000000000000e+00 8.260000000000e+02 8.260000000000e+02 8.260000000000e+02 8.260000000000e+02 8.260000000000e+02 8.260000000000e+02 8.260000000000e+02 8.260000000000e+02 8.260000000000e+02 8.260000000000e+02
13.400000 0.000000000000e+00 8.700000000000e+02 8.700000000000e+02 8.700000000000e+02 8.700000000000e+02 8.700000000000e+02 8.700000000000e+02 8.700000000000e+02 8.700000000000e+02 8.700000000000e+02 8.700000000000e+02
13.450000 0.000000000000e+00 8.070000000000e+02 8.070000000000e+02 8.070000000000e+02 8.070000000000e+02 8.070000000000e+02 8.070000000000e+02 8.070000000000e+02 8.070000000000e+02 8.070000000000e+02 8.070000000000e+02
13.500000 0.000000000000e+00 8.010000000000e+02 8.010000000000e+02 8.010000000000e+02 8.010000000000e+02 8.010000000000e+02 8.010000000000e+02 8.010000000000e+02 8.010000000000e+02 8.010000000000e+02 8.010000000000e+02
13.550000 0.000000000000e+00 8.400000000000e+02 8.400000000000e+02 8.400000000000e+02 8.400000000000e+02 8.400000000000e+02 8.400000000000e+02 8.400000000000e+02 8.400000000000e+02 8.400000000000e+02 8.400000000000e+02
13.600000 0.000000000000e+00 7.180000000000e+02 7.180000000000e+02 7.180000000000e+02 7.180000000000e+02 7.180000000000e+02 7.180000000000e+02 7.180000000000e+02 7.180000000000e+02 7.180000000000e+02 7.180000000000e+02
13.650000 0.000000000000e+00 8.270000000000e+02 8.270000000000e+02 8.270000000000e+02 8.270000000000e+02 8.270000000000e+02 8.270000000000e+02 8.270000000000e+02 8.270000000000e+02 8.270000000000e+02 8.270000000000e+02
13.700000 0.000000000000e+00 7.480000000000e+02 7.480000000000e+02 7.480000000000e+02 7.480000000000e+02 7.480000000000e+02 7.480000000000e+02 7.480000000000e+02 7.480000000000e+02 7.480000000000e+02 7.480000000000e+02
13.750000 0.000000000000e+00 7.800000000000e+02 7.800000000000e+02 7.800000000000e+02 7.800000000000e+02 7.800000000000e+02 7.800000000000e+02 7.800000000000e+02 7.800000000000e+02 7.800000000000e+02 7.800000000000e+02
13.800000 0.000000000000e+00 7.270000000000e+02 7.270000000000e+02 7.270000000000e+02 7.270000000000e+02 7.270000000000e+02 7.270000000000e+02 7.270000000000e+02 7.270000000000e+02 7.270000000000e+02 7.270000000000e+02
13.850000 0.000000000000e+00 6.840000000000e+02 6.840000000000e+02 6.840000000000e+02 6.840000000000e+02 6.840000000000e+02 6.840000000000e+02 6.840000000000e+02 6.840000000000e+02 6.840000000000e+02 6.840000000000e+02
13.900000 0.000000000000e+00 6.740000000000e+02 6.740000000000e+02 6.740000000000e+02 6.740000000000e+02 6.740000000000e+02 6.740000000000e+02 6.740000000000e+02 6.740000000000e+02 6.740000000000e+02 6.740000000000e+02
13.950000 0.000000000000e+00 6.590000000000e+02 6.590000000000e+02 6.590000000000e+02 6.590000000000e+02 6.590000000000e+02 6.590000000000e+02 6.590000000000e+02 6.590000000000e+02 6.590000000000e+02 6.590000000000e+02
14.000000 0.000000000000e+00 7.000000000000e+02 7.000000000000e+02 7.000000000000e+02 7.000000000000e+02 7.000000000000e+02 7.000000000000e+02 7.000000000000e+02 7.000000000000e+02 7.000000000000e+02 7.000000000000e+02
14.050000 0.000000000000e+00 6.930000000000e+02 6.930000000000e+02 6.930000000000e+02 6.930000000000e+02 6.930000000000e+02 6.930000000000e+02 6.930000000000e+02 6.930000000000e+02 6.930000000000e+02 6.930000000000e+02
14.100000 0.000000000000e+00 6.500000000000e+02 6.500000000000e+02 6.500000000000e+02 6.500000000000e+02 6.500000000000e+02 6.500000000000e+02 6.500000000000e+02 6.500000000000e+02 6.500000000000e+02 6.500000000000e+02
14.150000 0.000000000000e+00 6.460000000000e+02 6.460000000000e+02 6.460000000000e+02 6.460000000000e+02 6.460000000000e+02 6.460000000000e+02 6.460000000000e+02 6.460000000000e+02 6.460000000000e+02 6.460000000000e+02
14.200000 0.000000000000e+00 6.410000000000e+02 6.410000000000e+02 6.410000000000e+02 6.410000000000e+02 6.410000000000e+02 6.410000000000e+02 6.410000000000e+02 6.410000000000e+02 6.410000000000e+02 6.410000000000e+02
14.250000 0.000000000000e+00 6.280000000000e+02 6.280000000000e+02 6.280000000000e+02 6.280000000000e+02 6.280000000000e+02 6.280000000000e+02 6.280000000000e+02 6.280000000000e+02 6.280000000000e+02 6.280000000000e+02
14.300000 0.000000000000e+00 6.090000000000e+02 6.090000000000e+02 6.090000000000e+02 6.090000000000e+02 6.090000000000e+02 6.090000000000e+02 6.090000000000e+02 6.090000000000e+02 6.090000000000e+02 6.090000000000e+02
14.350000 0.000000000000e+00 6.040000000000e+02 6.040000000000e+02 6.040000000000e+02 6.040000000000e+02 6.040000000000e+02 6.040000000000e+02 6.040000000000e+02 6.040000000000e+02 6.040000000000e+02 6.040000000000e+02
14.400000 0.000000000000e+00 5.750000000000e+02 5.750000000000e+02 5.750000000000e+02 5.750000000000e+02 5.750000000000e+02 5.750000000000e+02 5.750000000000e+02 5.750000000000e+02 5.750000000000e+02 5.750000000000e+02
14.450000 0.000000000000e+00 5.870000000000e+02 5.870000000000e+02 5.870000000000e+02 5.870000000000e+02 5.870000000000e+02 5.870000000000e+02 5.870000000000e+02 5.870000000000e+02 5.870000000000e+02 5.870000000000e+02
14.500000 0.000000000000e+00 6.260000000000e+02 6.260000000000e+02 6.260000000000e+02 6.260000000000e+02 6.260000000000e+02 6.260000000000e+02 6.260000000000e+02 6.260000000000e+02 6.260000000000e+02 6.260000000000e+02
14.550000 0.000000000000e+00 5.750000000000e+02 5.750000000000e+02 5.750000000000e+02 5.750000000000e+02 5.750000000000e+02 5.750000000000e+02 5.750000000000e+02 5.750000000000e+02 5.750000000000e+02 5.750000000000e+02
14.600000 0.000000000000e+00 5.970000000000e+02 5.970000000000e+02 5.970000000000e+02 5.970000000000e+02 5.970000000000e+02 5.970000000000e+02 5.970000000000e+02 5.970000000000e+02 5.970000000000e+02 5.970000000000e+02
14.650000 0.000000000000e+00 5.110000000000e+02 5.110000000000e+02 5.110000000000e+02 5.110000000000e+02 5.110000000000e+02 5.110000000000e+02 5.110000000000e+02 5.110000000000e+02 5.110000000000e+02 5.110000000000e+02
14.700000 0.000000000000e+00 5.100000000000e+02 5.100000000000e+02 5.100000000000e+02 5.100000000000e+02 5.100000000000e+02 5.100000000000e+02 5.100000000000e+02 5.100000000000e+02 5.100000000000e+02 5.100000000000e+02
14.750000 0.000000000000e+00 5.370000000000e+02 5.370000000000e+02 5.370000000000e+02 5.370000000000e+02 5.370000000000e+02 5.370000000000e+02 5.370000000000e+02 5.370000000000e+02 5.370000000000e+02 5.370000000000e+02
14.800000 0.000000000000e+00 5.140000000000e+02 5.140000000000e+02 5.140000000000e+02 5.140000000000e+02 5.140000000000e+02 5.140000000000e+02 5.140000000000e+02 5.140000000000e+02 5.140000000000e+02 5.140000000000e+02
14.850000 0.000000000000e+00 4.920000000000e+02 4.920000000000e+02 4.920000000000e+02 4.920000000000e+02 4.920000000000e+02 4.920000000000e+02 4.920000000000e+02 4.920000000000e+02 4.920000000000e+02 4.920000000000e+02
14.900000 0.000000000000e+00 4.870000000000e+02 4.870000000000e+02 4.870000000000e+02 4.870000000000e+02 4.870000000000e+02 4.870000000000e+02 4.870000000000e+02 4.870000000000e+02 4.870000000000e+02 4.870000000000e+02
14.950000 0.000000000000e+00 4.780000000000e+02 4.780000000000e+02 4.780000000000e+02 4.780000000000e+02 4.780000000000e+02 4.780000000000e+02 4.780000000000e+02 4.780000000000e+02 4.780000000000e+02 4.780000000000e+02
15.000000 0.000000000000e+00 4.830000000000e+02 4.830000000000e+02 4.830000000000e+02 4.830000000000e+02 4.830000000000e+02 4.830000000000e+02 4.830000000000e+02 4.830000000000e+02 4.830000000000e+02 4.830000000000e+02
15.050000 0.000000000000e+00 5.030000000000e+02 5.030000000000e+02 5.030000000000e+02 5.030000000000e+02 5.030000000000e+02 5.030000000000e+02 5.030000000000e+02 5.030000000000e+02 5.030000000000e+02 5.030000000000e+02
15.100000 0.000000000000e+00 4.810000000000e+02 4.810000000000e+02 4.810000000000e+02 4.810000000000e+02 4.810000000000e+02 4.810000000000e+02 4.810000000000e+02 4.810000000000e+02 4.810000000000e+02 4.810000000000e+02
15.150000 0.000000000000e+00 4.520000000000e+02 4.520000000000e+02 4.520000000000e+02 4.520000000000e+02 4.520000000000e+02 4.520000000000e+02 4.520000000000e+02 4.520000000000e+02 4.520000000000e+02 4.520000000000e+02
15.200000 0.000000000000e+00 4.770000000000e+02 4.770000000000e+02 4.770000000000e+02 4.770000000000e+02 4.770000000000e+02 4.770000000000e+02 4.770000000000e+02 4.770000000000e+02 4.770000000000e+02 4.770000000000e+02
15.250000 0.000000000000e+00 4.240000000000e+02 4.240000000000e+02 4.240000000000e+02 4.240000000000e+02 4.240000000000e+02 4.240000000000e+02 4.240000000000e+02 4.240000000000e+02 4.240000000000e+02 4.240000000000e+02
15.300000 0.000000000000e+00 4.740000000000e+02 4.740000000000e+02 4.740000000000e+02 4.740000000000e+02 4.740000000000e+02 4.740000000000e+02 4.740000000000e+02 4.740000000000e+02 4.740000000000e+02 4.740000000000e+02
15.350000 0.000000000000e+00 4.170000000000e+02 4.170000000000e+02 4.170000000000e+02 4.170000000000e+02 4.170000000000e+02 4.170000000000e+02 4.170000000000e+02 4.170000000000e+02 4.170000000000e+02 4.170000000000e+02
15.400000 0.000000000000e+00 4.230000000000e+02 4.230000000000e+02 4.230000000000e+02 4.230000000000e+02 4.230000000000e+02 4.230000000000e+02 4.230000000000e+02 4.230000000000e+02 4.230000000000e+02 4.230000000000e+02
15.450000 0.000000000000e+00 4.340000000000e+02 4.340000000000e+02 4.340000000000e+02 4.340000000000e+02 4.340000000000e+02 4.340000000000e+02 4.340000000000e+02 4.340000000000e+02 4.340000000000e+02 4.340000000000e+02
15.500000 0.000000000000e+00 3.830000000000e+02 3.830000000000e+02 3.830000000000e+02 3.830000000000e+02 3.830000000000e+02 3.830000000000e+02 3.830000000000e+02 3.830000000000e+02 3.830000000000e+02 3.830000000000e+02
15.550000 0.000000000000e+00 4.040000000000e+02 4.040000000000e+02 4.040000000000e+02 4.040000000000e+02 4.040000000000e+02 4.040000000000e+02 4.040000000000e+02 4.040000000000e+02 4.040000000000e+02 4.040000000000e+02
15.600000 0.000000000000e+00 4.180000000000e+02 4.180000000000e+02 4.180000000000e+02 4.180000000000e+02 4.180000000000e+02 4.180000000000e+02 4.180000000000e+02 4.180000000000e+02 4.180000000000e+02 4.180000000000e+02
15.650000 0.000000000000e+00 4.000000000000e+02 4.000000000000e+02 4.000000000000e+02 4.000000000000e+02 4.000000000000e+02 4.000000000000e+02 4.000000000000e+02 4.000000000000e+02 4.000000000000e+02 4.000000000000e+02
15.700000 0.000000000000e+00 3.670000000000e+02 3.670000000000e+02 3.670000000000e+02 3.670000000000e+02 3.670000000000e+02 3.670000000000e+02 3.670000000000e+02 3.670000000000e+02 3.670000000000e+02 3.670000000000e+02
15.750000 0.000000000000e+00 3.750000000000e+02 3.750000000000e+02 3.750000000000e+02 3.750000000000e+02 3.750000000000e+02 3.750000000000e+02 3.750000000000e+02 3.750000000000e+02 3.750000000000e+02 3.750000000000e+02
15.800000 0.000000000000e+00 3.480000000000e+02 3.480000000000e+02 3.480000000000e+02 3.480000000000e+02 3.480000000000e+02 3.480000000000e+02 3.480000000000e+02 3.480000000000e+02 3.480000000000e+02 3.480000000000e+02
15.850000 0.000000000000e+00 3.710000000000e+02 3.710000000000e+02 3.710000000000e+02 3.710000000000e+02 3.710000000000e+02 3.710000000000e+02 3.710000000000e+02 3.710000000000e+02 3.710000000000e+02 3.710000000000e+02
15.900000 0.000000000000e+00 3.400000000000e+02 3.400000000000e+02 3.400000000000e+02 3.400000000000e+02 3.400000000000e+02 3.400000000000e+02 3.400000000000e+02 3.400000000000e+02 3.400000000000e+02 3.400000000000e+02
15.950000 0.000000000000e+00 3.730000000000e+02 3.730000000000e+02 3.730000000000e+02 3.730000000000e+02 3.730000000000e+02 3.730000000000e+02 3.730000000000e+02 3.730000000000e+02 3.730000000000e+02 3.730000000000e+02
16.000000 0.000000000000e+00 3.630000000000e+02 3.630000000000e+02 3.630000000000e+02 3.630000000000e+02 3.630000000000e+02 3.630000000000e+02 3.630000000000e+02 3.630000000000e+02 3.630000000000e+02 3.630000000000e+02
16.050000 0.000000000000e+00 3.150000000000e+02 3.150000000000e+02 3.150000000000e+02 3.150000000000e+02 3.150000000000e+02 3.150000000000e+02 3.150000000000e+02 3.150000000000e+02 3.150000000000e+02 3.150000000000e+02
16.100000 0.000000000000e+00 3.130000000000e+02 3.130000000000e+02 3.130000000000e+02 3.130000000000e+02 3.130000000000e+02 3.130000000000e+02 3.130000000000e+02 3.130000000000e+02 3.130000000000e+02 3.130000000000e+02
16.150000 0.000000000000e+00 3.700000000000e+02 3.700000000000e+02 3.700000000000e+02 3.700000000000e+02 3.700000000000e+02 3.700000000000e+02 3.700000000000e+02 3.700000000000e+02 3.700000000000e+02 3.700000000000e+02
16.200000 0.000000000000e+00 3.040000000000e+02 3.040000000000e+02 3.040000000000e+02 3.040000000000e+02 3.040000000000e+02 3.040000000000e+02 3.040000000000e+02 3.040000000000e+02 3.040000000000e+02 3.040000000000e+02
16.250000 0.000000000000e+00 3.410000000000e+02 3.410000000000e+02 3.410000000000e+02 3.410000000000e+02 3.410000000000e+02 3.410000000000e+02 3.410000000000e+02 3.410000000000e+02 3.410000000000e+02 3.410000000000e+02
16.300000 0.000000000000e+00 3.220000000000e+02 3.220000000000e+02 3.220000000000e+02 3.220000000000e+02 3.220000000000e+02 3.220000000000e+02 3.220000000000e+02 3.220000000000e+02 3.220000000000e+02 3.220000000000e+02
16.350000 0.000000000000e+00 3.250000000000e+02 3.250000000000e+02 3.250000000000e+02 3.250000000000e+02 3.250000000000e+02 3.250000000000e+02 3.250000000000e+02 3.250000000000e+02 3.250000000000e+02 3.250000000000e+02
16.400000 0.000000000000e+00 3.110000000000e+02 3.110000000000e+02 3.110000000000e+02 3.110000000000e+02 3.110000000000e+02 3.110000000000e+02 3.110000000000e+02 3.110000000000e+02 3.110000000000e+02 3.110000000000e+02
16.450000 0.000000000000e+00 3.090000000000e+02 3.090000000000e+02 3.090000000000e+02 3.090000000000e+02 3.090000000000e+02 3.090000000000e+02 3.090000000000e+02 3.090000000000e+02 3.090000000000e+02 3.090000000000e+02
16.500000 0.000000000000e+00 3.090000000000e+02 3.090000000000e+02 3.090000000000e+02 3.090000000000e+02 3.090000000000e+02 3.090000000000e+02 3.090000000000e+02 3.090000000000e+02 3.090000000000e+02 3.090000000000e+02
16.550000 0.000000000000e+00 3.050000000000e+02 3.050000000000e+02 3.050000000000e+02 3.050000000000e+02 3.050000000000e+02 3.050000000000e+02 3.050000000000e+02 3.050000000000e+02 3.050000000000e+02 3.050000000000e+02
16.600000 0.000000000000e+00 3.050000000000e+02 3.050000000000e+02 3.050000000000e+02 3.050000000000e+02 3.050000000000e+02 3.050000000000e+02 3.050000000000e+02 3.050000000000e+02 3.050000000000e+02 3.050000000000e+02
16.650000 0.000000000000e+00 2.690000000000e+02 2.690000000000e+02 2.690000000000e+02 2.690000000000e+02 2.690000000000e+02 2.690000000000e+02 2.690000000000e+02 2.690000000000e+02 2.690000000000e+02 2.690000000000e+02
16.700000 0.000000000000e+00 3.000000000000e+02 3.000000000000e+02 3.000000000000e+02 3.000000000000e+02 3.000000000000e+02 3.000000000000e+02 3.000000000000e+02 3.000000000000e+02 3.000000000000e+02 3.000000000000e+02
16.750000 0.000000000000e+00 2.690000000000e+02 2.690000000000e+02 2.690000000000e+02 2.690000000000e+02 2.690000000000e+02 2.690000000000e+02 2.690000000000e+02 2.690000000000e+02 2.690000000000e+02 2.690000000000e+02
16.800000 0.000000000000e+00 2.630000000000e+02 2.630000000000e+02 2.630000000000e+02 2.630000000000e+02 2.630000000000e+02 2.630000000000e+02 2.630000000000e+02 2.630000000000e+02 2.630000000000e+02 2.630000000000e+02
16.850000 0.000000000000e+00 2.600000000000e+02 2.600000000000e+02 2.600000000000e+02 2.600000000000e+02 2.600000000000e+02 2.600000000000e+02 2.600000000000e+02 2.600000000000e+02 2.600000000000e+02 2.600000000000e+02
16.900000 0.000000000000e+00 2.670000000000e+02 2.670000000000e+02 2.670000000000e+02 2.670000000000e+02 2.670000000000e+02 2.670000000000e+02 2.670000000000e+02 2.670000000000e+02 2.670000000000e+02 2.670000000000e+02
16.950000 0.000000000000e+00 2.530000000000e+02 2.530000000000e+02 2.530000000000e+02 2.530000000000e+02 2.530000000000e+02 2.530000000000e+02 2.530000000000e+02 2.530000000000e+02 2.530000000000e+02 2.530000000000e+02
17.000000 0.000000000000e+00 2.280000000000e+02 2.280000000000e+02 2.280000000000e+02 2.280000000000e+02 2.280000000000e+02 2.280000000000e+02 2.280000000000e+02 2.280000000000e+02 2.280000000000e+02 2.280000000000e+02
17.050000 0.000000000000e+00 2.570000000000e+02 2.570000000000e+02 2.570000000000e+02 2.570000000000e+02 2.570000000000e+02 2.570000000000e+02 2.570000000000e+02 2.570000000000e+02 2.570000000000e+02 2.570000000000e+02
17.100000 0.000000000000e+00 2.550000000000e+02 2.550000000000e+02 2.550000000000e+02 2.550000000000e+02 2.550000000000e+02 2.550000000000e+02 2.550000000000e+02 2.550000000000e+02 2.550000000000e+02 2.550000000000e+02
17.150000 0.000000000000e+00 2.580000000000e+02 2.580000000000e+02 2.580000000000e+02 2.580000000000e+02 2.580000000000e+02 2.580000000000e+02 2.580000000000e+02 2.580000000000e+02 2.580000000000e+02 2.580000000000e+02
17.200000 0.000000000000e+00 2.310000000000e+02 2.310000000000e+02 2.310000000000e+02 2.310000000000e+02 2.310000000000e+02 2.310000000000e+02 2.310000000000e+02 2.310000000000e+02 2.310000000000e+02 2.310000000000e+02
17.250000 0.000000000000e+00 2.140000000000e+02 2.140000000000e+02 2.140000000000e+02 2.140000000000e+02 2.140000000000e+02 2.140000000000e+02 2.140000000000e+02 2.140000000000e+02 2.140000000000e+02 2.140000000000e+02
17.300000 0.000000000000e+00 2.040000000000e+02 2.040000000000e+02 2.040000000000e+02 2.040000000000e+02 2.040000000000e+02 2.040000000000e+02 2.040000000000e+02 2.040000000000e+02 2.040000000000e+02 2.040000000000e+02
17.350000 0.000000000000e+00 2.180000000000e+02 2.180000000000e+02 2.180000000000e+02 2.180000000000e+02 2.180000000000e+02 2.180000000000e+02 2.180000000000e+02 2.180000000000e+02 2.180000000000e+02 2.180000000000e+02
17.400000 0.000000000000e+00 2.150000000000e+02 2.150000000000e+02 2.150000000000e+02 2.150000000000e+02 2.150000000000e+02 2.150000000000e+02 2.150000000000e+02 2.150000000000e+02 2.150000000000e+02 2.150000000000e+02
17.450000 0.000000000000e+00 2.290000000000e+02 2.290000000000e+02 2.290000000000e+02 2.290000000000e+02 2.290000000000e+02 2.290000000000e+02 2.290000000000e+02 2.290000000000e+02 2.290000000000e+02 2.290000000000e+02
17.500000 0.000000000000e+00 2.050000000000e+02 2.050000000000e+02 2.050000000000e+02 2.050000000000e+02 2.050000000000e+02 2.050000000000e+02 2.050000000000e+02 2.050000000000e+02 2.050000000000e+02 2.050000000000e+02
17.550000 0.000000000000e+00 2.150000000000e+02 2.150000000000e+02 2.150000000000e+02 2.150000000000e+02 2.150000000000e+02 2.150000000000e+02 2.150000000000e+02 2.150000000000e+02 2.150000000000e+02 2.150000000000e+02
17.600000 0.000000000000e+00 1.860000000000e+02 1.860000000000e+02 1.860000000000e+02 1.860000000000e+02 1.860000000000e+02 1.860000000000e+02 1.860000000000e+02 1.860000000000e+02 1.860000000000e+02 1.860000000000e+02
17.650000 0.000000000000e+00 1.820000000000e+02 1.820000000000e+02 1.820000000000e+02 1.820000000000e+02 1.820000000000e+02 1.820000000000e+02 1.820000000000e+02 1.820000000000e+02 1.820000000000e+02 1.820000000000e+02
17.700000 0.000000000000e+00 1.930000000000e+02 1.930000000000e+02 1.930000000000e+02 1.930000000000e+02 1.930000000000e+02 1.930000000000e+02 1.930000000000e+02 1.930000000000e+02 1.930000000000e+02 1.930000000000e+02
17.750000 0.000000000000e+00 1.800000000000e+02 1.800000000000e+02 1.800000000000e+02 1.800000000000e+02 1.800000000000e+02 1.800000000000e+02 1.800000000000e+02 1.800000000000e+02 1.800000000000e+02 1.800000000000e+02
17.800000 0.000000000000e+00 1.830000000000e+02 1.830000000000e+02 1.830000000000e+02 1.830000000000e+02 1.830000000000e+02 1.830000000000e+02 1.830000000000e+02 1.830000000000e+02 1.830000000000e+02 1.830000000000e+02
17.850000 0.000000000000e+00 1.870000000000e+02 1.870000000000e+02 1.870000000000e+02 1.870000000000e+02 1.870000000000e+02 1.870000000000e+02 1.870000000000e+02 1.870000000000e+02 1.870000000000e+02 1.870000000000e+02
17.900000 0.000000000000e+00 1.850000000000e+02 1.850000000000e+02 1.850000000000e+02 1.850000000000e+02 1.850000000000e+02 1.850000000000e+02 1.850000000000e+02 1.850000000000e+02 1.850000000000e+02 1.850000000000e+02
17.950000 0.000000000000e+00 2.070000000000e+02 2.070000000000e+02 2.070000000000e+02 2.070000000000e+02 2.070000000000e+02 2.070000000000e+02 2.070000000000e+02 2.070000000000e+02 2.070000000000e+02 2.070000000000e+02
18.000000 0.000000000000e+00 1.800000000000e+02 1.800000000000e+02 1.800000000000e+02 1.800000000000e+02 1.800000000000e+02 1.800000000000e+02 1.800000000000e+02 1.800000000000e+02 1.800000000000e+02 1.800000000000e+02
18.050000 0.000000000000e+00 1.840000000000e+02 1.840000000000e+02 1.840000000000e+02 1.840000000000e+02 1.840000000000e+02 1.840000000000e+02 1.840000000000e+02 1.840000000000e+02 1.840000000000e+02 1.840000000000e+02
18.100000 0.000000000000e+00 1.810000000000e+02 1.810000000000e+02 1.810000000000e+02 1.810000000000e+02 1.810000000000e+02 1.810000000000e+02 1.810000000000e+02 1.810000000000e+02 1.810000000000e+02 1.810000000000e+02
18.150000 0.000000000000e+00 1.770000000000e+02 1.770000000000e+02 1.770000000000e+02 1.770000000000e+02 1.770000000000e+02 1.770000000000e+02 1.770000000000e+02 1.770000000000e+02 1.770000000000e+02 1.770000000000e+02
18.200000 0.000000000000e+00 1.550000000000e+02 1.550000000000e+02 1.550000000000e+02 1.550000000000e+02 1.550000000000e+02 1.550000000000e+02 1.550000000000e+02 1.550000000000e+02 1.550000000000e+02 1.550000000000e+02
18.250000 0.000000000000e+00 1.610000000000e+02 1.610000000000e+02 1.610000000000e+02 1.610000000000e+02 1.610000000000e+02 1.610000000000e+02 1.610000000000e+02 1.610000000000e+02 1.610000000000e+02 1.610000000000e+02
18.300000 0.000000000000e+00 1.650000000000e+02 1.650000000000e+02 1.650000000000e+02 1.650000000000e+02 1.650000000000e+02 1.650000000000e+02 1.650000000000e+02 1.650000000000e+02 1.650000000000e+02 1.650000000000e+02
18.350000 0.000000000000e+00 1.600000000000e+02 1.600000000000e+02 1.600000000000e+02 1.600000000000e+02 1.600000000000e+02 1.600000000000e+02 1.600000000000e+02 1.600000000000e+02 1.600000000000e+02 1.600000000000e+02
18.400000 0.000000000000e+00 1.560000000000e+02 1.560000000000e+02 1.560000000000e+02 1.560000000000e+02 1.560000000000e+02 1.560000000000e+02 1.560000000000e+02 1.560000000000e+02 1.560000000000e+02 1.560000000000e+02
18.450000 0.000000000000e+00 1.650000000000e+02 1.650000000000e+02 1.650000000000e+02 1.650000000000e+02 1.650000000000e+02 1.650000000000e+02 1.650000000000e+02 1.650000000000e+02 1.650000000000e+02 1.650000000000e+02
18.500000 0.000000000000e+00 1.620000000000e+02 1.620000000000e+02 1.620000000000e+02 1.620000000000e+02 1.620000000000e+02 1.620000000000e+02 1.620000000000e+02 1.620000000000e+02 1.620000000000e+02 1.620000000000e+02
18.550000 0.000000000000e+00 1.430000000000e+02 1.430000000000e+02 1.430000000000e+02 1.430000000000e+02 1.430000000000e+02 1.430000000000e+02 1.430000000000e+02 1.430000000000e+02 1.430000000000e+02 1.430000000000e+02
18.600000 0.000000000000e+00 1.510000000000e+02 1.510000000000e+02 1.510000000000e+02 1.510000000000e+02 1.510000000000e+02 1.510000000000e+02 1.510000000000e+02 1.510000000000e+02 1.510000000000e+02 1.510000000000e+02
18.650000 0.000000000000e+00 1.060000000000e+02 1.060000000000e+02 1.060000000000e+02 1.060000000000e+02 1.060000000000e+02 1.060000000000e+02 1.060000000000e+02 1.060000000000e+02 1.060000000000e+02 1.060000000000e+02
18.700000 0.000000000000e+00 1.470000000000e+02 1.470000000000e+02 1.470000000000e+02 1.470000000000e+02 1.470000000000e+02 1.470000000000e+02 1.470000000000e+02 1.470000000000e+02 1.470000000000e+02 1.470000000000e+02
18.750000 0.000000000000e+00 1.560000000000e+02 1.560000000000e+02 1.560000000000e+02 1.560000000000e+02 1.560000000000e+02 1.560000000000e+02 1.560000000000e+02 1.560000000000e+02 1.560000000000e+02 1.560000000000e+02
18.800000 0.000000000000e+00 1.640000000000e+02 1.640000000000e+02 1.640000000000e+02 1.640000000000e+02 1.640000000000e+02 1.640000000000e+02 1.640000000000e+02 1.640000000000e+02 1.640000000000e+02 1.640000000000e+02
18.850000 0.000000000000e+00 1.430000000000e+02 1.430000000000e+02 1.430000000000e+02 1.430000000000e+02 1.430000000000e+02 1.430000000000e+02 1.430000000000e+02 1.430000000000e+02 1.430000000000e+02 1.430000000000e+02
18.900000 0.000000000000e+00 1.410000000000e+02 1.410000000000e+02 1.410000000000e+02 1.410000000000e+02 1.410000000000e+02 1.410000000000e+02 1.410000000000e+02 1.410000000000e+02 1.410000000000e+02 1.410000000000e+02
18.950000 0.000000000000e+00 1.310000000000e+02 1.310000000000e+02 1.310000000000e+02 1.310000000000e+02 1.310000000000e+02 1.310000000000e+02 1.310000000000e+02 1.310000000000e+02 1.310000000000e+02 1.310000000000e+02
19.000000 0.000000000000e+00 1.440000000000e+02 1.440000000000e+02 1.440000000000e+02 1.440000000000e+02 1.440000000000e+02 1.440000000000e+02 1.440000000000e+02 1.440000000000e+02 1.440000000000e+02 1.440000000000e+02
19.050000 0.000000000000e+00 1.330000000000e+02 1.330000000000e+02 1.330000000000e+02 1.330000000000e+02 1.330000000000e+02 1.330000000000e+02 1.330000000000e+02 1.330000000000e+02 1.330000000000e+02 1.330000000000e+02
19.100000 0.000000000000e+00 1.230000000000e+02 1.230000000000e+02 1.230000000000e+02 1.230000000000e+02 1.230000000000e+02 1.230000000000e+02 1.230000000000e+02 1.230000000000e+02 1.230000000000e+02 1.230000000000e+02
19.150000 0.000000000000e+00 1.230000000000e+02 1.230000000000e+02 1.230000000000e+02 1.230000000000e+02 1.230000000000e+02 1.230000000000e+02 1.230000000000e+02 1.230000000000e+02 1.230000000000e+02 1.230000000000e+02
19.200000 0.000000000000e+00 1.160000000000e+02 1.160000000000e+02 1.160000000000e+02 1.160000000000e+02 1.160000000000e+02 1.160000000000e+02 1.160000000000e+02 1.160000000000e+02 1.160000000000e+02 1.160000000000e+02
19.250000 0.000000000000e+00 1.000000000000e+02 1.000000000000e+02 1.000000000000e+02 1.000000000000e+02 1.000000000000e+02 1.000000000000e+02 1.000000000000e+02 1.000000000000e+02 1.000000000000e+02 1.000000000000e+02
19.300000 0.000000000000e+00 1.250000000000e+02 1.250000000000e+02 1.250000000000e+02 1.250000000000e+02 1.250000000000e+02 1.250000000000e+02 1.250000000000e+02 1.250000000000e+02 1.250000000000e+02 1.250000000000e+02
19.350000 0.000000000000e+00 1.090000000000e+02 1.090000000000e+02 1.090000000000e+02 1.090000000000e+02 1.090000000000e+02 1.090000000000e+02 1.090000000000e+02 1.090000000000e+02 1.090000000000e+02 1.090000000000e+02
19.400000 0.000000000000e+00 1.100000000000e+02 1.100000000000e+02 1.100000000000e+02 1.100000000000e+02 1.100000000000e+02 1.100000000000e+02 1.100000000000e+02 1.100000000000e+02 1.100000000000e+02 1.100000000000e+02
19.450000 0.000000000000e+00 1.230000000000e+02 1.230000000000e+02 1.230000000000e+02 1.230000000000e+02 1.230000000000e+02 1.230000000000e+02 1.230000000000e+02 1.230000000000e+02 1.230000000000e+02 1.230000000000e+02
19.500000 0.000000000000e+00 7.400000000000e+01 7.400000000000e+01 7.400000000000e+01 7.400000000000e+01 7.400000000000e+01 7.400000000000e+01 7.400000000000e+01 7.400000000000e+01 7.400000000000e+01 7.400000000000e+01
19.550000 0.000000000000e+00 1.030000000000e+02 1.030000000000e+02 1.030000000000e+02 1.030000000000e+02 1.030000000000e+02 1.030000000000e+02 1.030000000000e+02 1.030000000000e+02 1.030000000000e+02 1.030000000000e+02
19.600000 0.000000000000e+00 1.090000000000e+02 1.090000000000e+02 1.090000000000e+02 1.090000000000e+02 1.090000000000e+02 1.090000000000e+02 1.090000000000e+02 1.090000000000e+02 1.090000000000e+02 1.090000000000e+02
19.650000 0.000000000000e+00 9.600000000000e+01 9.600000000000e+01 9.600000000000e+01 9.600000000000e+01 9.600000000000e+01 9.600000000000e+01 9.600000000000e+01 9.600000000000e+01 9.600000000000e+01 9.600000000000e+01
19.700000 0.000000000000e+00 1.120000000000e+02 1.120000000000e+02 1.120000000000e+02 1.120000000000e+02 1.120000000000e+02 1.120000000000e+02 1.120000000000e+02 1.120000000000e+02 1.120000000000e+02 1.120000000000e+02
19.750000 0.000000000000e+00 9.500000000000e+01 9.500000000000e+01 9.500000000000e+01 9.500000000000e+01 9.500000000000e+01 9.500000000000e+01 9.500000000000e+01 9.500000000000e+01 9.500000000000e+01 9.500000000000e+01
19.800000 0.000000000000e+00 1.080000000000e+02 1.080000000000e+02 1.080000000000e+02 1.080000000000e+02 1.080000000000e+02 1.080000000000e+02 1.080000000000e+02 1.080000000000e+02 1.080000000000e+02 1.080000000000e+02
19.850000 0.000000000000e+00 8.600000000000e+01 8.600000000000e+01 8.600000000000e+01 8.600000000000e+01 8.600000000000e+01 8.600000000000e+01 8.600000000000e+01 8.600000000000e+01 8.600000000000e+01 8.600000000000e+01
19.900000 0.000000000000e+00 1.020000000000e+02 1.020000000000e+02 1.020000000000e+02 1.020000000000e+02 1.020000000000e+02 1.020000000000e+02 1.020000000000e+02 1.020000000000e+02 1.020000000000e+02 1.020000000000e+02
19.950000 0.000000000000e+00 9.800000000000e+01 9.800000000000e+01 9.800000000000e+01 9.800000000000e+01 9.800000000000e+01 9.800000000000e+01 9.800000000000e+01 9.800000000000e+01 9.800000000000e+01 9.800000000000e+01
20.000000 0.000000000000e+00 8.400000000000e+01 8.400000000000e+01 8.400000000000e+01 8.400000000000e+01 8.400000000000e+01 8.400000000000e+01 8.400000000000e+01 8.400000000000e+01 8.400000000000e+01 8.400000000000e+01
20.050000 0.000000000000e+00 8.700000000000e+01 8.700000000000e+01 8.700000000000e+01 8.700000000000e+01 8.700000000000e+01 8.700000000000e+01 8.700000000000e+01 8.700000000000e+01 8.700000000000e+01 8.700000000000e+01
20.100000 0.000000000000e+00 1.060000000000e+02 1.060000000000e+02 1.060000000000e+02 1.060000000000e+02 1.060000000000e+02 1.060000000000e+02 1.060000000000e+02 1.060000000000e+02 1.060000000000e+02 1.060000000000e+02
20.150000 0.000000000000e+00 8.900000000000e+01 8.900000000000e+01 8.900000000000e+01 8.900000000000e+01 8.900000000000e+01 8.900000000000e+01 8.900000000000e+01 8.900000000000e+01 8.900000000000e+01 8.900000000000e+01
20.200000 0.000000000000e+00 9.200000000000e+01 9.200000000000e+01 9.200000000000e+01 9.200000000000e+01 9.200000000000e+01 9.200000000000e+01 9.200000000000e+01 9.200000000000e+01 9.200000000000e+01 9.200000000000e+01
20.250000 0.000000000000e+00 7.000000000000e+01 7.000000000000e+01 7.000000000000e+01 7.000000000000e+01 7.000000000000e+01 7.000000000000e+01 7.000000000000e+01 7.000000000000e+01 7.000000000000e+01 7.000000000000e+01
20.300000 0.000000000000e+00 9.000000000000e+01 9.000000000000e+01 9.000000000000e+01 9.000000000000e+01 9.000000000000e+01 9.000000000000e+01 9.000000000000e+01 9.000000000000e+01 9.000000000000e+01 9.000000000000e+01
20.350000 0.000000000000e+00 8.200000000000e+01 8.200000000000e+01 8.200000000000e+01 8.200000000000e+01 8.200000000000e+01 8.200000000000e+01 8.200000000000e+01 8.200000000000e+01 8.200000000000e+01 8.200000000000e+01
20.400000 0.000000000000e+00 7.800000000000e+01 7.800000000000e+01 7.800000000000e+01 7.800000000000e+01 7.800000000000e+01 7.800000000000e+01 7.800000000000e+01 7.800000000000e+01 7.800000000000e+01 7.800000000000e+01
20.450000 0.000000000000e+00 9.200000000000e+01 9.200000000000e+01 9.200000000000e+01 9.200000000000e+01 9.200000000000e+01 9.200000000000e+01 9.200000000000e+01 9.200000000000e+01 9.200000000000e+01 9.200000000000e+01
20.500000 0.000000000000e+00 8.300000000000e+01 8.300000000000e+01 8.300000000000e+01 8.300000000000e+01 8.300000000000e+01 8.300000000000e+01 8.300000000000e+01 8.300000000000e+01 8.300000000000e+01 8.300000000000e+01
20.550000 0.000000000000e+00 9.400000000000e+01 9.400000000000e+01 9.400000000000e+01 9.400000000000e+01 9.400000000000e+01 9.400000000000e+01 9.400000000000e+01 9.400000000000e+01 9.400000000000e+01 9.400000000000e+01
20.600000 0.000000000000e+00 8.000000000000e+01 8.000000000000e+01 8.000000000000e+01 8.000000000000e+01 8.000000000000e+01 8.000000000000e+01 8.000000000000e+01 8.000000000000e+01 8.000000000000e+01 8.000000000000e+01
20.650000 0.000000000000e+00 8.500000000000e+01 8.500000000000e+01 8.500000000000e+01 8.500000000000e+01 8.500000000000e+01 8.500000000000e+01 8.500000000000e+01 8.500000000000e+01 8.500000000000e+01 8.500000000000e+01
20.700000 0.000000000000e+00 8.900000000000e+01 8.900000000000e+01 8.900000000000e+01 8.900000000000e+01 8.900000000000e+01 8.900000000000e+01 8.900000000000e+01 8.900000000000e+01 8.900000000000e+01 8.900000000000e+01
20.750000 0.000000000000e+00 6.800000000000e+01 6.800000000000e+01 6.800000000000e+01 6.800000000000e+01 6.800000000000e+01 6.800000000000e+01 6.800000000000e+01 6.800000000000e+01 6.800000000000e+01 6.800000000000e+01
20.800000 0.000000000000e+00 6.100000000000e+01 6.100000000000e+01 6.100000000000e+01 6.100000000000e+01 6.100000000000e+01 6.100000000000e+01 6.100000000000e+01 6.100000000000e+01 6.100000000000e+01 6.100000000000e+01
20.850000 0.000000000000e+00 7.200000000000e+01 7.200000000000e+01 7.200000000000e+01 7.200000000000e+01 7.200000000000e+01 7.200000000000e+01 7.200000000000e+01 7.200000000000e+01 7.200000000000e+01 7.200000000000e+01
20.900000 0.000000000000e+00 8.000000000000e+01 8.000000000000e+01 8.000000000000e+01 8.000000000000e+01 8.000000000000e+01 8.000000000000e+01 8.000000000000e+01 8.000000000000e+01 8.000000000000e+01 8.000000000000e+01
20.950000 0.000000000000e+00 6.800000000000e+01 6.800000000000e+01 6.800000000000e+01 6.800000000000e+01 6.800000000000e+01 6.800000000000e+01 6.800000000000e+01 6.800000000000e+01 6.800000000000e+01 6.800000000000e+01
21.000000 0.000000000000e+00 6.200000000000e+01 6.200000000000e+01 6.200000000000e+01 6.200000000000e+01 6.200000000000e+01 6.200000000000e+01 6.200000000000e+01 6.200000000000e+01 6.200000000000e+01 6.200000000000e+01
21.050000 0.000000000000e+00 4.000000000000e+01 4.000000000000e+01 4.000000000000e+01 4.000000000000e+01 4.000000000000e+01 4.000000000000e+01 4.000000000000e+01 4.000000000000e+01 4.000000000000e+01 4.000000000000e+01
21.100000 0.000000000000e+00 6.100000000000e+01 6.100000000000e+01 6.100000000000e+01 6.100000000000e+01 6.100000000000e+01 6.100000000000e+01 6.100000000000e+01 6.100000000000e+01 6.100000000000e+01 6.100000000000e+01
21.150000 0.000000000000e+00 6.500000000000e+01 6.500000000000e+01 6.500000000000e+01 6.500000000000e+01 6.500000000000e+01 6.500000000000e+01 6.500000000000e+01 6.500000000000e+01 6.500000000000e+01 6.500000000000e+01
21.200000 0.000000000000e+00 5.700000000000e+01 5.700000000000e+01 5.700000000000e+01 5.700000000000e+01 5.700000000000e+01 5.700000000000e+01 5.700000000000e+01 5.700000000000e+01 5.700000000000e+01 5.700000000000e+01
21.250000 0.000000000000e+00 8.300000000000e+01 8.300000000000e+01 8.300000000000e+01 8.300000000000e+01 8.300000000000e+01 8.300000000000e+01 8.300000000000e+01 8.300000000000e+01 8.300000000000e+01 8.300000000000e+01
21.300000 0.000000000000e+00 5.500000000000e+01 5.500000000000e+01 5.500000000000e+01 5.500000000000e+01 5.500000000000e+01 5.500000000000e+01 5.500000000000e+01 5.500000000000e+01 5.500000000000e+01 5.500000000000e+01
21.350000 0.000000000000e+00 8.200000000000e+01 8.200000000000e+01 8.200000000000e+01 8.200000000000e+01 8.200000000000e+01 8.200000000000e+01 8.200000000000e+01 8.200000000000e+01 8.200000000000e+01 8.200000000000e+01
21.400000 0.000000000000e+00 5.400000000000e+01 5.400000000000e+01 5.400000000000e+01 5.400000000000e+01 5.400000000000e+01 5.400000000000e+01 5.400000000000e+01 5.400000000000e+01 5.400000000000e+01 5.400000000000e+01
21.450000 0.000000000000e+00 5.300000000000e+01 5.300000000000e+01 5.300000000000e+01 5.300000000000e+01 5.300000000000e+01 5.300000000000e+01 5.300000000000e+01 5.300000000000e+01 5.300000000000e+01 5.300000000000e+01
21.500000 0.000000000000e+00 4.900000000000e+01 4.900000000000e+01 4.900000000000e+01 4.900000000000e+01 4.900000000000e+01 4.900000000000e+01 4.900000000000e+01 4.900000000000e+01 4.900000000000e+01 4.900000000000e+01
21.550000 0.000000000000e+00 5.600000000000e+01 5.600000000000e+01 5.600000000000e+01 5.600000000000e+01 5.600000000000e+01 5.600000000000e+01 5.600000000000e+01 5.600000000000e+01 5.600000000000e+01 5.600000000000e+01
21.600000 0.000000000000e+00 4.800000000000e+01 4.800000000000e+01 4.800000000000e+01 4.800000000000e+01 4.800000000000e+01 4.800000000000e+01 4.800000000000e+01 4.800000000000e+01 4.800000000000e+01 4.800000000000e+01
21.650000 0.000000000000e+00 6.300000000000e+01 6.300000000000e+01 6.300000000000e+01 6.300000000000e+01 6.300000000000e+01 6.300000000000e+01 6.300000000000e+01 6.300000000000e+01 6.300000000000e+01 6.300000000000e+01
21.700000 0.000000000000e+00 5.800000000000e+01 5.800000000000e+01 5.800000000000e+01 5.800000000000e+01 5.800000000000e+01 5.800000000000e+01 5.800000000000e+01 5.800000000000e+01 5.800000000000e+01 5.800000000000e+01
21.750000 0.000000000000e+00 3.800000000000e+01 3.800000000000e+01 3.800000000000e+01 3.800000000000e+01 3.800000000000e+01 3.800000000000e+01 3.800000000000e+01 3.800000000000e+01 3.800000000000e+01 3.800000000000e+01
21.800000 0.000000000000e+00 3.700000000000e+01 3.700000000000e+01 3.700000000000e+01 3.700000000000e+01 3.700000000000e+01 3.700000000000e+01 3.700000000000e+01 3.700000000000e+01 3.700000000000e+01 3.700000000000e+01
21.850000 0.000000000000e+00 5.500000000000e+01 5.500000000000e+01 5.500000000000e+01 5.500000000000e+01 5.500000000000e+01 5.500000000000e+01 5.500000000000e+01 5.500000000000e+01 5.500000000000e+01 5.500000000000e+01
21.900000 0.000000000000e+00 5.500000000000e+01 5.500000000000e+01 5.500000000000e+01 5.500000000000e+01 5.500000000000e+01 5.500000000000e+01 5.500000000000e+01 5.500000000000e+01 5.500000000000e+01 5.500000000000e+01
21.950000 0.000000000000e+00 4.100000000000e+01 4.100000000000e+01 4.100000000000e+01 4.100000000000e+01 4.100000000000e+01 4.100000000000e+01 4.100000000000e+01 4.100000000000e+01 4.100000000000e+01 4.100000000000e+01
22.000000 0.000000000000e+00 4.000000000000e+01 4.000000000000e+01 4.000000000000e+01 4.000000000000e+01 4.000000000000e+01 4.000000000000e+01 4.000000000000e+01 4.000000000000e+01 4.000000000000e+01 4.000000000000e+01
22.050000 0.000000000000e+00 4.800000000000e+01 4.800000000000e+01 4.800000000000e+01 4.800000000000e+01 4.800000000000e+01 4.800000000000e+01 4.800000000000e+01 4.800000000000e+01 4.800000000000e+01 4.800000000000e+01
22.100000 0.000000000000e+00 3.600000000000e+01 3.600000000000e+01 3.600000000000e+01 3.600000000000e+01 3.600000000000e+01 3.600000000000e+01 3.600000000000e+01 3.600000000000e+01 3.600000000000e+01 3.600000000000e+01
22.150000 0.000000000000e+00 3.700000000000e+01 3.700000000000e+01 3.700000000000e+01 3.700000000000e+01 3.700000000000e+01 3.700000000000e+01 3.700000000000e+01 3.700000000000e+01 3.700000000000e+01 3.700000000000e+01
22.200000 0.000000000000e+00 4.300000000000e+01 4.300000000000e+01 4.300000000000e+01 4.300000000000e+01 4.300000000000e+01 4.300000000000e+01 4.300000000000e+01 4.300000000000e+01 4.300000000000e+01 4.300000000000e+01
22.250000 0.000000000000e+00 5.500000000000e+01 5.500000000000e+01 5.500000000000e+01 5.500000000000e+01 5.500000000000e+01 5.500000000000e+01 5.500000000000e+01 5.500000000000e+01 5.500000000000e+01 5.500000000000e+01
22.300000 0.000000000000e+00 5.400000000000e+01 5.400000000000e+01 5.400000000000e+01 5.400000000000e+01 5.400000000000e+01 5.400000000000e+01 5.400000000000e+01 5.400000000000e+01 5.400000000000e+01 5.400000000000e+01
22.350000 0.000000000000e+00 4.400000000000e+01 4.400000000000e+01 4.400000000000e+01 4.400000000000e+01 4.400000000000e+01 4.400000000000e+01 4.400000000000e+01 4.400000000000e+01 4.400000000000e+01 4.400000000000e+01
22.400000 0.000000000000e+00 4.200000000000e+01 4.200000000000e+01 4.200000000000e+01 4.200000000000e+01 4.200000000000e+01 4.200000000000e+01 4.200000000000e+01 4.200000000000e+01 4.200000000000e+01 4.200000000000e+01
22.450000 0.000000000000e+00 3.900000000000e+01 3.900000000000e+01 3.900000000000e+01 3.900000000000e+01 3.900000000000e+01 3.900000000000e+01 3.900000000000e+01 3.900000000000e+01 3.900000000000e+01 3.900000000000e+01
22.500000 0.000000000000e+00 3.000000000000e+01 3.000000000000e+01 3.000000000000e+01 3.000000000000e+01 3.000000000000e+01 3.000000000000e+01 3.000000000000e+01 3.000000000000e+01 3.000000000000e+01 3.000000000000e+01
22.550000 0.000000000000e+00 4.000000000000e+01 4.000000000000e+01 4.000000000000e+01 4.000000000000e+01 4.000000000000e+01 4.000000000000e+01 4.000000000000e+01 4.000000000000e+01 4.000000000000e+01 4.000000000000e+01
22.600000 0.000000000000e+00 4.400000000000e+01 4.400000000000e+01 4.400000000000e+01 4.400000000000e+01 4.400000000000e+01 4.400000000000e+01 4.400000000000e+01 4.400000000000e+01 4.400000000000e+01 4.400000000000e+01
22.650000 0.000000000000e+00 4.300000000000e+01 4.300000000000e+01 4.300000000000e+01 4.300000000000e+01 4.300000000000e+01 4.300000000000e+01 4.300000000000e+01 4.300000000000e+01 4.300000000000e+01 4.300000000000e+01
22.700000 0.000000000000e+00 4.500000000000e+01 4.500000000000e+01 4.500000000000e+01 4.500000000000e+01 4.500000000000e+01 4.500000000000e+01 4.500000000000e+01 4.500000000000e+01 4.500000000000e+01 4.500000000000e+01
22.750000 0.000000000000e+00 2.700000000000e+01 2.700000000000e+01 2.700000000000e+01 2.700000000000e+01 2.700000000000e+01 2.700000000000e+01 2.700000000000e+01 2.700000000000e+01 2.700000000000e+01 2.700000000000e+01
22.800000 0.000000000000e+00 5.000000000000e+01 5.000000000000e+01 5.000000000000e+01 5.000000000000e+01 5.000000000000e+01 5.000000000000e+01 5.000000000000e+01 5.000000000000e+01 5.000000000000e+01 5.000000000000e+01
22.850000 0.000000000000e+00 4.300000000000e+01 4.300000000000e+01 4.300000000000e+01 4.300000000000e+01 4.300000000000e+01 4.300000000000e+01 4.300000000000e+01 4.300000000000e+01 4.300000000000e+01 4.300000000000e+01
22.900000 0.000000000000e+00 5.000000000000e+01 5.000000000000e+01 5.000000000000e+01 5.000000000000e+01 5.000000000000e+01 5.000000000000e+01 5.000000000000e+01 5.000000000000e+01 5.000000000000e+01 5.000000000000e+01
22.950000 0.000000000000e+00 3.300000000000e+01 3.300000000000e+01 3.300000000000e+01 3.300000000000e+01 3.300000000000e+01 3.300000000000e+01 3.300000000000e+01 3.300000000000e+01 3.300000000000e+01 3.300000000000e+01
23.000000 0.000000000000e+00 3.100000000000e+01 3.100000000000e+01 3.100000000000e+01 3.100000000000e+01 3.100000000000e+01 3.100000000000e+01 3.100000000000e+01 3.100000000000e+01 3.100000000000e+01 3.100000000000e+01
23.050000 0.000000000000e+00 4.100000000000e+01 4.100000000000e+01 4.100000000000e+01 4.100000000000e+01 4.100000000000e+01 4.100000000000e+01 4.100000000000e+01 4.100000000000e+01 4.100000000000e+01 4.100000000000e+01
23.100000 0.000000000000e+00 3.000000000000e+01 3.000000000000e+01 3.000000000000e+01 3.000000000000e+01 3.000000000000e+01 3.000000000000e+01 3.000000000000e+01 3.000000000000e+01 3.000000000000e+01 3.000000000000e+01
23.150000 0.000000000000e+00 4.100000000000e+01 4.100000000000e+01 4.100000000000e+01 4.100000000000e+01 4.100000000000e+01 4.100000000000e+01 4.100000000000e+01 4.100000000000e+01 4.100000000000e+01 4.100000000000e+01
23.200000 0.000000000000e+00 2.000000000000e+01 2.000000000000e+01 2.000000000000e+01 2.000000000000e+01 2.000000000000e+01 2.000000000000e+01 2.000000000000e+01 2.000000000000e+01 2.000000000000e+01 2.000000000000e+01
23.250000 0.000000000000e+00 2.100000000000e+01 2.100000000000e+01 2.100000000000e+01 2.100000000000e+01 2.100000000000e+01 2.100000000000e+01 2.100000000000e+01 2.100000000000e+01 2.100000000000e+01 2.100000000000e+01
23.300000 0.000000000000e+00 3.100000000000e+01 3.100000000000e+01 3.100000000000e+01 3.100000000000e+01 3.100000000000e+01 3.100000000000e+01 3.100000000000e+01 3.100000000000e+01 3.100000000000e+01 3.100000000000e+01
23.350000 0.000000000000e+00 3.300000000000e+01 3.300000000000e+01 3.300000000000e+01 3.300000000000e+01 3.300000000000e+01 3.300000000000e+01 3.300000000000e+01 3.300000000000e+01 3.300000000000e+01 3.300000000000e+01
23.400000 0.000000000000e+00 3.100000000000e+01 3.100000000000e+01 3.100000000000e+01 3.100000000000e+01 3.100000000000e+01 3.100000000000e+01 3.100000000000e+01 3.100000000000e+01 3.100000000000e+01 3.100000000000e+01
23.450000 0.000000000000e+00 1.900000000000e+01 1.900000000000e+01 1.900000000000e+01 1.900000000000e+01 1.900000000000e+01 1.900000000000e+01 1.900000000000e+01 1.900000000000e+01 1.900000000000e+01 1.900000000000e+01
23.500000 0.000000000000e+00 2.300000000000e+01 2.300000000000e+01 2.300000000000e+01 2.300000000000e+01 2.300000000000e+01 2.300000000000e+01 2.300000000000e+01 2.300000000000e+01 2.300000000000e+01 2.300000000000e+01
23.550000 0.000000000000e+00 3.300000000000e+01 3.300000000000e+01 3.300000000000e+01 3.300000000000e+01 3.300000000000e+01 3.300000000000e+01 3.300000000000e+01 3.300000000000e+01 3.300000000000e+01 3.300000000000e+01
23.600000 0.000000000000e+00 3.100000000000e+01 3.100000000000e+01 3.100000000000e+01 3.100000000000e+01 3.100000000000e+01 3.100000000000e+01 3.100000000000e+01 3.100000000000e+01 3.100000000000e+01 3.100000000000e+01
23.650000 0.000000000000e+00 2.900000000000e+01 2.900000000000e+01 2.900000000000e+01 2.900000000000e+01 2.900000000000e+01 2.900000000000e+01 2.900000000000e+01 2.900000000000e+01 2.900000000000e+01 2.900000000000e+01
23.700000 0.000000000000e+00 2.000000000000e+01 2.000000000000e+01 2.000000000000e+01 2.000000000000e+01 2.000000000000e+01 2.000000000000e+01 2.000000000000e+01 2.000000000000e+01 2.000000000000e+01 2.000000000000e+01
23.750000 0.000000000000e+00 3.100000000000e+01 3.100000000000e+01 3.100000000000e+01 3.100000000000e+01 3.100000000000e+01 3.100000000000e+01 3.100000000000e+01 3.100000000000e+01 3.100000000000e+01 3.100000000000e+01
23.800000 0.000000000000e+00 2.800000000000e+01 2.800000000000e+01 2.800000000000e+01 2.800000000000e+01 2.800000000000e+01 2.800000000000e+01 2.800000000000e+01 2.800000000000e+01 2.800000000000e+01 2.800000000000e+01
23.850000 0.000000000000e+00 2.800000000000e+01 2.800000000000e+01 2.800000000000e+01 2.800000000000e+01 2.800000000000e+01 2.800000000000e+01 2.800000000000e+01 2.800000000000e+01 2.800000000000e+01 2.800000000000e+01
23.900000 0.000000000000e+00 2.600000000000e+01 2.600000000000e+01 2.600000000000e+01 2.600000000000e+01 2.600000000000e+01 2.600000000000e+01 2.600000000000e+01 2.600000000000e+01 2.600000000000e+01 2.600000000000e+01
23.950000 0.000000000000e+00 2.400000000000e+01 2.400000000000e+01 2.400000000000e+01 2.400000000000e+01 2.400000000000e+01 2.400000000000e+01 2.400000000000e+01 2.400000000000e+01 2.400000000000e+01 2.400000000000e+01
24.000000 0.000000000000e+00 1.200000000000e+01 1.200000000000e+01 1.200000000000e+01 1.200000000000e+01 1.200000000000e+01 1.200000000000e+01 1.200000000000e+01 1.200000000000e+01 1.200000000000e+01 1.200000000000e+01
24.050000 0.000000000000e+00 2.500000000000e+01 2.500000000000e+01 2.500000000000e+01 2.500000000000e+01 2.500000000000e+01 2.500000000000e+01 2.500000000000e+01 2.500000000000e+01 2.500000000000e+01 2.500000000000e+01
24.100000 0.000000000000e+00 3.100000000000e+01 3.100000000000e+01 3.100000000000e+01 3.100000000000e+01 3.100000000000e+01 3.100000000000e+01 3.100000000000e+01 3.100000000000e+01 3.100000000000e+01 3.100000000000e+01
24.150000 0.000000000000e+00 2.000000000000e+01 2.000000000000e+01 2.000000000000e+01 2.000000000000e+01 2.000000000000e+01 2.000000000000e+01 2.000000000000e+01 2.000000000000e+01 2.000000000000e+01 2.000000000000e+01
24.200000 0.000000000000e+00 1.600000000000e+01 1.600000000000e+01 1.600000000000e+01 1.600000000000e+01 1.600000000000e+01 1.600000000000e+01 1.600000000000e+01 1.600000000000e+01 1.600000000000e+01 1.600000000000e+01
24.250000 0.000000000000e+00 2.800000000000e+01 2.800000000000e+01 2.800000000000e+01 2.800000000000e+01 2.800000000000e+01 2.800000000000e+01 2.800000000000e+01 2.800000000000e+01 2.800000000000e+01 2.800000000000e+01
24.300000 0.000000000000e+00 3.100000000000e+01 3.100000000000e+01 3.100000000000e+01 3.100000000000e+01 3.100000000000e+01 3.100000000000e+01 3.100000000000e+01 3.100000000000e+01 3.100000000000e+01 3.100000000000e+01
24.350000 0.000000000000e+00 2.000000000000e+01 2.000000000000e+01 2.000000000000e+01 2.000000000000e+01 2.000000000000e+01 2.000000000000e+01 2.000000000000e+01 2.000000000000e+01 2.000000000000e+01 2.000000000000e+01
24.400000 0.000000000000e+00 2.600000000000e+01 2.600000000000e+01 2.600000000000e+01 2.600000000000e+01 2.600000000000e+01 2.600000000000e+01 2.600000000000e+01 2.600000000000e+01 2.600000000000e+01 2.600000000000e+01
24.450000 0.000000000000e+00 1.200000000000e+01 1.200000000000e+01 1.200000000000e+01 1.200000000000e+01 1.200000000000e+01 1.200000000000e+01 1.200000000000e+01 1.200000000000e+01 1.200000000000e+01 1.200000000000e+01
24.500000 0.000000000000e+00 1.500000000000e+01 1.500000000000e+01 1.500000000000e+01 1.500000000000e+01 1.500000000000e+01 1.500000000000e+01 1.500000000000e+01 1.500000000000e+01 1.500000000000e+01 1.500000000000e+01
24.550000 0.000000000000e+00 2.300000000000e+01 2.300000000000e+01 2.300000000000e+01 2.300000000000e+01 2.300000000000e+01 2.300000000000e+01 2.300000000000e+01 2.300000000000e+01 2.300000000000e+01 2.300000000000e+01
24.600000 0.000000000000e+00 1.800000000000e+01 1.800000000000e+01 1.800000000000e+01 1.800000000000e+01 1.800000000000e+01 1.800000000000e+01 1.800000000000e+01 1.800000000000e+01 1.800000000000e+01 1.800000000000e+01
24.650000 0.000000000000e+00 1.700000000000e+01 1.700000000000e+01 1.700000000000e+01 1.700000000000e+01 1.700000000000e+01 1.700000000000e+01 1.700000000000e+01 1.700000000000e+01 1.700000000000e+01 1.700000000000e+01
24.700000 0.000000000000e+00 1.900000000000e+01 1.900000000000e+01 1.900000000000e+01 1.900000000000e+01 1.900000000000e+01 1.900000000000e+01 1.900000000000e+01 1.900000000000e+01 1.900000000000e+01 1.900000000000e+01
24.750000 0.000000000000e+00 1.500000000000e+01 1.500000000000e+01 1.500000000000e+01 1.500000000000e+01 1.500000000000e+01 1.500000000000e+01 1.500000000000e+01 1.500000000000e+01 1.500000000000e+01 1.500000000000e+01
24.800000 0.000000000000e+00 2.000000000000e+01 2.000000000000e+01 2.000000000000e+01 2.000000000000e+01 2.000000000000e+01 2.000000000000e+01 2.000000000000e+01 2.000000000000e+01 2.000000000000e+01 2.000000000000e+01
24.850000 0.000000000000e+00 1.600000000000e+01 1.600000000000e+01 1.600000000000e+01 1.600000000000e+01 1.600000000000e+01 1.600000000000e+01 1.600000000000e+01 1.600000000000e+01 1.600000000000e+01 1.600000000000e+01
24.900000 0.000000000000e+00 2.600000000000e+01 2.600000000000e+01 2.600000000000e+01 2.600000000000e+01 2.600000000000e+01 2.600000000000e+01 2.600000000000e+01 2.600000000000e+01 2.600000000000e+01 2.600000000000e+01
24.950000 0.000000000000e+00 2.000000000000e+01 2.000000000000e+01 2.000000000000e+01 2.000000000000e+01 2.000000000000e+01 2.000000000000e+01 2.000000000000e+01 2.000000000000e+01 2.000000000000e+01 2.000000000000e+01
25.000000 0.000000000000e+00 2.100000000000e+01 2.100000000000e+01 2.100000000000e+01 2.100000000000e+01 2.100000000000e+01 2.100000000000e+01 2.100000000000e+01 2.100000000000e+01 2.100000000000e+01 2.100000000000e+01
25.050000 0.000000000000e+00 1.400000000000e+01 1.400000000000e+01 1.400000000000e+01 1.400000000000e+01 1.400000000000e+01 1.400000000000e+01 1.400000000000e+01 1.400000000000e+01 1.400000000000e+01 1.400000000000e+01
25.100000 0.000000000000e+00 1.600000000000e+01 1.600000000000e+01 1.600000000000e+01 1.600000000000e+01 1.600000000000e+01 1.600000000000e+01 1.600000000000e+01 1.600000000000e+01 1.600000000000e+01 1.600000000000e+01
25.150000 0.000000000000e+00 1.900000000000e+01 1.900000000000e+01 1.900000000000e+01 1.900000000000e+01 1.900000000000e+01 1.900000000000e+01 1.900000000000e+01 1.900000000000e+01 1.900000000000e+01 1.900000000000e+01
25.200000 0.000000000000e+00 2.400000000000e+01 2.400000000000e+01 2.400000000000e+01 2.400000000000e+01 2.400000000000e+01 2.400000000000e+01 2.400000000000e+01 2.400000000000e+01 2.400000000000e+01 2.400000000000e+01
25.250000 0.000000000000e+00 1.700000000000e+01 1.700000000000e+01 1.700000000000e+01 1.700000000000e+01 1.700000000000e+01 1.700000000000e+01 1.700000000000e+01 1.700000000000e+01 1.700000000000e+01 1.700000000000e+01
25.300000 0.000000000000e+00 1.800000000000e+01 1.800000000000e+01 1.800000000000e+01 1.800000000000e+01 1.800000000000e+01 1.800000000000e+01 1.800000000000e+01 1.800000000000e+01 1.800000000000e+01 1.800000000000e+01
25.350000 0.000000000000e+00 1.100000000000e+01 1.100000000000e+01 1.100000000000e+01 1.100000000000e+01 1.100000000000e+01 1.100000000000e+01 1.100000000000e+01 1.100000000000e+01 1.100000000000e+01 1.100000000000e+01
25.400000 0.000000000000e+00 1.900000000000e+01 1.900000000000e+01 1.900000000000e+01 1.900000000000e+01 1.900000000000e+01 1.900000000000e+01 1.900000000000e+01 1.900000000000e+01 1.900000000000e+01 1.900000000000e+01
25.450000 0.000000000000e+00 1.600000000000e+01 1.600000000000e+01 1.600000000000e+01 1.600000000000e+01 1.600000000000e+01 1.600000000000e+01 1.600000000000e+01 1.600000000000e+01 1.600000000000e+01 1.600000000000e+01
25.500000 0.000000000000e+00 1.500000000000e+01 1.500000000000e+01 1.500000000000e+01 1.500000000000e+01 1.500000000000e+01 1.500000000000e+01 1.500000000000e+01 1.500000000000e+01 1.500000000000e+01 1.500000000000e+01
25.550000 0.000000000000e+00 1.300000000000e+01 1.300000000000e+01 1.300000000000e+01 1.300000000000e+01 1.300000000000e+01 1.300000000000e+01 1.300000000000e+01 1.300000000000e+01 1.300000000000e+01 1.300000000000e+01
25.600000 0.000000000000e+00 1.500000000000e+01 1.500000000000e+01 1.500000000000e+01 1.500000000000e+01 1.500000000000e+01 1.500000000000e+01 1.500000000000e+01 1.500000000000e+01 1.500000000000e+01 1.500000000000e+01