# names: raw; raw_scaled; convolved; noisy; mix_raw_convolved_80_20; mix_raw_noisy_70_30; mix_convolved_noisy_50_50; raw_scaled_x1.08; convolved_x0.92; noisy_x1.12
0.000000 1.758749542595e-70 1.000000000000e+00 8.850947376066e+01 0.000000000000e+00 0.000000000000e+00 8.000000000000e-01 7.000000000000e-01 0.000000000000e+00 9.559023166152e+01 0.000000000000e+00 0.000000000000e+00
0.050000 1.257672382878e-66 9.802472508895e-01 8.676116833157e+01 1.391639748605e-63 0.000000000000e+00 7.841978007116e-01 6.861730756227e-01 6.958198743024e-64 9.370206179809e+01 1.280308568716e-63 0.000000000000e+00
0.100000 7.004182134319e-63 9.609782322374e-01 8.505567763078e+01 7.751934050528e-60 0.000000000000e+00 7.687825857899e-01 6.726847625662e-01 3.875967025264e-60 9.186013184125e+01 7.131779326485e-60 0.000000000000e+00
0.150000 3.037901698790e-59 9.421772796931e-01 8.339161521489e+01 3.362558003718e-56 0.000000000000e+00 7.537418237545e-01 6.595240957852e-01 1.681279001859e-56 9.006294443209e+01 3.093553363421e-56 0.000000000000e+00
0.200000 1.026163072792e-55 9.238293618363e-01 8.176765066078e+01 1.135973498282e-52 0.000000000000e+00 7.390634894690e-01 6.466805532854e-01 5.679867491411e-53 8.830906271364e+01 1.045095618420e-52 0.000000000000e+00
0.250000 2.699513024589e-52 9.059200514735e-01 8.018250702516e+01 2.988882389005e-49 0.000000000000e+00 7.247360411788e-01 6.341440360315e-01 1.494441194503e-49 8.659710758717e+01 2.749771797885e-49 0.000000000000e+00
0.300000 5.530709549845e-49 8.884354983005e-01 7.863495842487e+01 6.124859902505e-46 0.000000000000e+00 7.107483986404e-01 6.219048488104e-01 3.062429951252e-46 8.492575509886e+01 5.634871110304e-46 0.000000000000e+00
0.350000 8.824754974595e-46 8.713624028611e-01 7.712382773206e+01 9.775432248771e-43 0.000000000000e+00 6.970899222889e-01 6.099536820028e-01 4.887716124386e-43 8.329373395063e+01 8.993397668870e-43 0.000000000000e+00
0.400000 1.096606559389e-42 8.546879917422e-01 7.564798437866e+01 1.215166160413e-39 0.000000000000e+00 6.837503933938e-01 5.982815942196e-01 6.075830802067e-40 8.169982312895e+01 1.117952867580e-39 0.000000000000e+00
0.450000 1.061268813915e-39 8.383999939447e-01 7.420634226499e+01 1.176534752278e-36 0.000000000000e+00 6.707199951558e-01 5.868799957613e-01 5.882673761388e-37 8.014284964619e+01 1.082411972095e-36 0.000000000000e+00
0.500000 7.998827757007e-37 8.224866183728e-01 7.279785776737e+01 8.872693010551e-34 0.000000000000e+00 6.579892946983e-01 5.757406328610e-01 4.436346505275e-34 7.862168638875e+01 8.162877569707e-34 0.000000000000e+00
0.550000 4.695195357975e-34 8.069365323885e-01 7.142152783996e+01 5.211988159875e-31 0.000000000000e+00 6.455492259108e-01 5.648555726719e-01 2.605994079938e-31 7.713525006716e+01 4.795029107085e-31 0.000000000000e+00
0.600000 2.146383735663e-31 7.917388413796e-01 7.007638820638e+01 2.384892233310e-28 0.000000000000e+00 6.333910731037e-01 5.542171889657e-01 1.192446116655e-28 7.568249926290e+01 2.194100854646e-28 0.000000000000e+00
0.650000 7.641655411587e-29 7.768830692924e-01 6.876151163664e+01 8.501141934629e-26 0.000000000000e+00 6.215064554339e-01 5.438181485047e-01 4.250570967315e-26 7.426243256757e+01 7.821050579859e-26 0.000000000000e+00
0.700000 2.118819253509e-26 7.623591400822e-01 6.747600630531e+01 2.360815426393e-23 0.000000000000e+00 6.098873120658e-01 5.336513980576e-01 1.180407713196e-23 7.287408680974e+01 2.171950192281e-23 0.000000000000e+00
0.750000 4.575375590521e-24 7.481573600384e-01 6.621901422716e+01 5.108171820641e-21 0.000000000000e+00 5.985258880307e-01 5.237101520269e-01 2.554085910321e-21 7.151653536534e+01 4.699518074990e-21 0.000000000000e+00
0.800000 7.694598626706e-22 7.342684009399e-01 6.498970976627e+01 8.612754315104e-19 0.000000000000e+00 5.874147207519e-01 5.139878806579e-01 4.306377157552e-19 7.018888654758e+01 7.923733969896e-19 0.000000000000e+00
0.850000 1.007793539430e-19 7.206832840041e-01 6.378729821531e+01 1.131778490810e-16 0.000000000000e+00 5.765466272033e-01 5.044782988028e-01 5.658892454052e-17 6.889028207253e+01 1.041236211546e-16 0.000000000000e+00
0.900000 1.027977357167e-17 7.073933645876e-01 6.261101444143e+01 1.159345598280e-14 0.000000000000e+00 5.659146916701e-01 4.951753552113e-01 5.796727991400e-15 6.761989559675e+01 1.066597950418e-14 0.000000000000e+00
0.950000 8.166235631670e-16 6.943903176057e-01 6.146012159578e+01 9.259995620515e-13 0.000000000000e+00 5.555122540847e-01 4.860732223240e-01 4.629997810257e-13 6.637693132344e+01 8.519195970874e-13 0.000000000000e+00
1.000000 5.052271083537e-14 6.816661236336e-01 6.033390988328e+01 5.769008273683e-11 0.000000000000e+00 5.453328989184e-01 4.771662865435e-01 2.884504136842e-11 6.516062267394e+01 5.307487611789e-11 0.000000000000e+00
1.050000 2.434320533029e-12 6.692130556580e-01 5.923169539005e+01 2.804598702774e-09 0.000000000000e+00 5.353704450873e-01 4.684491389606e-01 1.402299351387e-09 6.397023102126e+01 2.580230806552e-09 0.000000000000e+00
1.100000 9.134720408365e-11 6.570236664476e-01 5.815281896558e+01 1.064529291668e-07 0.000000000000e+00 5.256189544487e-01 4.599165665133e-01 5.322646458341e-08 6.280504448283e+01 9.793669483348e-08 0.000000000000e+00
1.150000 2.669556614763e-09 6.450907765124e-01 5.709664515697e+01 3.156931232055e-06 0.000000000000e+00 5.160732525961e-01 4.515635435587e-01 1.578465616028e-06 6.166437676952e+01 2.904376733491e-06 0.000000000000e+00
1.200000 6.075882849823e-08 6.334074626233e-01 5.606256119286e+01 7.321141542133e-05 0.000000000000e+00 5.067406123817e-01 4.433852238363e-01 3.660570771067e-05 6.054756608829e+01 6.735450218763e-05 0.000000000000e+00
1.250000 1.076976004254e-06 6.219670468664e-01 5.504997601462e+01 1.329191958603e-03 0.000000000000e+00 4.978394758849e-01 4.353769328065e-01 6.645959793016e-04 5.945397409579e+01 1.222856601915e-03 0.000000000000e+00
1.300000 1.486719514734e-05 6.107630862048e-01 5.405831935242e+01 1.891954190573e-02 0.000000000000e+00 4.923943773450e-01 4.275341603433e-01 9.459770952865e-03 5.838298490062e+01 1.740597855327e-02 0.000000000000e+00
1.350000 1.598374110691e-04 5.997893625242e-01 5.308704084426e+01 2.115088323794e-01 0.000000000000e+00 5.221332564952e-01 4.198525537669e-01 1.057544161897e-01 5.733400411180e+01 1.945881257890e-01 0.000000000000e+00
1.400000 1.338302257649e-03 5.890398731399e-01 5.213560919566e+01 1.861335861636e+00 3.000000000000e+00 8.434990708391e-01 1.312327911198e+00 2.430667930818e+00 5.630645793131e+01 1.712428992705e+00 3.360000000000e+00
1.450000 8.726826950458e-03 5.785088217416e-01 5.120351137825e+01 1.293110318549e+01 1.000000000000e+01 3.049027694492e+00 3.404956175219e+00 1.146555159275e+01 5.529979228851e+01 1.189661493065e+01 1.120000000000e+01
1.500000 4.431848411938e-02 5.681906097562e-01 5.029025186527e+01 7.117297154929e+01 6.600000000000e+01 1.468914679766e+01 2.019773342683e+01 6.858648577464e+01 5.431347201449e+01 6.547913382535e+01 7.392000000000e+01
1.550000 1.752830049357e-01 5.580798281081e-01 4.939535190229e+01 3.117611823011e+02 3.050000000000e+02 6.279870032272e+01 9.189065587968e+01 3.083805911506e+02 5.334698005448e+01 2.868202877171e+02 3.416000000000e+02
1.600000 5.399096651319e-01 5.481712493585e-01 4.851834881145e+01 1.093052607468e+03 1.095000000000e+03 2.190490584930e+02 3.288837198746e+02 1.094026303734e+03 5.239981671636e+01 1.005608398870e+03 1.226400000000e+03
1.650000 1.295175956659e+00 5.384598202045e-01 4.765879532756e+01 3.090003785604e+03 3.126000000000e+03 6.184315249770e+02 9.381769218741e+02 3.108001892802e+03 5.147149895377e+01 2.842803482756e+03 3.501120000000e+03
1.700000 2.419707245191e+00 5.289406543226e-01 4.681625896471e+01 7.110908325115e+03 7.117000000000e+03 1.422604817547e+03 2.135470258458e+03 7.113954162558e+03 5.056155968189e+01 6.542035659106e+03 7.971040000000e+03
1.750000 3.520653267643e+00 5.196090255381e-01 4.599032141167e+01 1.349042480521e+04 1.342600000000e+04 2.698500648262e+03 4.028163726318e+03 1.345821240260e+04 4.966954712460e+01 1.241119082079e+04 1.503712000000e+04
1.800000 3.989422804014e+00 5.104603613068e-01 4.518057795494e+01 2.145743925773e+04 2.151900000000e+04 4.291896219835e+03 6.456057322253e+03 2.148821962886e+04 4.879502419134e+01 1.974084411711e+04 2.410128000000e+04
1.850000 3.520653267643e+00 5.014902364926e-01 4.438663692807e+01 2.925839639653e+04 2.938500000000e+04 5.852080471496e+03 8.815851043166e+03 2.932169819827e+04 4.793756788232e+01 2.691772468481e+04 3.291120000000e+04
1.900000 2.419707245191e+00 4.926943674281e-01 4.360811918590e+01 3.518110436429e+04 3.520600000000e+04 7.036615028351e+03 1.056214488606e+04 3.519355218214e+04 4.709676872077e+01 3.236661601514e+04 3.943072000000e+04
1.950000 1.295175956659e+00 4.840686062436e-01 4.284465760268e+01 3.855154258167e+04 3.823500000000e+04 7.710695771219e+03 1.147083884802e+04 3.839327129084e+04 4.627223021089e+01 3.546741917514e+04 4.282320000000e+04
2.000000 5.399096651319e-01 4.756089354530e-01 4.209589659281e+01 3.980339995411e+04 3.997700000000e+04 7.961060477971e+03 1.199343292625e+04 3.989019997706e+04 4.546356832024e+01 3.661912795778e+04 4.477424000000e+04
2.050000 1.752830049357e-01 4.673114627835e-01 4.136149165329e+01 3.981124355770e+04 3.989500000000e+04 7.962622560711e+03 1.196882711802e+04 3.985312177885e+04 4.467041098555e+01 3.662634407309e+04 4.468240000000e+04
2.100000 4.431848411938e-02 4.591724162376e-01 4.064110892660e+01 3.928170904857e+04 3.952100000000e+04 7.856709147648e+03 1.185662142069e+04 3.940135452429e+04 4.389239764073e+01 3.613917232469e+04 4.426352000000e+04
2.150000 8.726826950458e-03 4.511881393769e-01 3.993442478330e+01 3.858415977354e+04 3.848100000000e+04 7.717192905220e+03 1.154461583170e+04 3.853257988677e+04 4.312917876597e+01 3.549742699166e+04 4.309872000000e+04
2.200000 1.338302257649e-03 4.433550868171e-01 3.924112542329e+01 3.785635398630e+04 3.772000000000e+04 7.571625481329e+03 1.131631034856e+04 3.778817699315e+04 4.238041545715e+01 3.482784566739e+04 4.224640000000e+04
2.250000 1.598374110691e-04 4.356698199231e-01 3.856090649480e+01 3.713615295801e+04 3.676900000000e+04 7.427579127458e+03 1.103100496887e+04 3.695257647900e+04 4.164577901438e+01 3.416526072137e+04 4.118128000000e+04
2.300000 1.486719514734e-05 4.281290026971e-01 3.789347273040e+01 3.643110000985e+04 3.641300000000e+04 7.286562505172e+03 1.092419969030e+04 3.642205000492e+04 4.092495054883e+01 3.351661200906e+04 4.078256000000e+04
2.350000 1.076976004254e-06 4.207293978478e-01 3.723853759915e+01 3.574198687950e+04 3.550600000000e+04 7.148733959419e+03 1.065209451058e+04 3.562399343975e+04 4.021762060708e+01 3.288262792914e+04 3.976672000000e+04
2.400000 6.075882849823e-08 4.134678630344e-01 3.659582297412e+01 3.506848958734e+04 3.508300000000e+04 7.014028691758e+03 1.052518942750e+04 3.507574479367e+04 3.952348881205e+01 3.226301042035e+04 3.929296000000e+04
2.450000 2.669556614763e-09 4.063413472760e-01 3.596505881460e+01 3.441015811138e+04 3.421800000000e+04 6.882356695354e+03 1.026568443894e+04 3.431407905569e+04 3.884226351977e+01 3.165734546247e+04 3.832416000000e+04
2.500000 9.134720408365e-11 3.993468875188e-01 3.534598286224e+01 3.376654609513e+04 3.323100000000e+04 6.753628696535e+03 9.969579542821e+03 3.349877304756e+04 3.817366149122e+01 3.106522240752e+04 3.721872000000e+04
2.550000 2.434320533029e-12 3.924816053540e-01 3.473834035062e+01 3.313722311615e+04 3.311400000000e+04 6.627758608515e+03 9.934474737124e+03 3.312561155808e+04 3.751740757867e+01 3.048624526686e+04 3.708768000000e+04
2.600000 5.052271083537e-14 3.857427038792e-01 3.414188372737e+01 3.252177493551e+04 3.244800000000e+04 6.504663581265e+03 9.734670019893e+03 3.248488746776e+04 3.687323442556e+01 2.992003294067e+04 3.634176000000e+04
2.650000 8.166235631669e-16 3.791274646965e-01 3.355637238851e+01 3.191980284262e+04 3.211400000000e+04 6.384263870495e+03 9.634465389225e+03 3.201690142131e+04 3.624088217959e+01 2.936621861521e+04 3.596768000000e+04
2.700000 1.027977357167e-17 3.726332450405e-01 3.298157242426e+01 3.133092297769e+04 3.098400000000e+04 6.266482702134e+03 9.295460843272e+03 3.115746148885e+04 3.562009821821e+01 2.882444913947e+04 3.470208000000e+04
2.750000 1.007793539430e-19 3.662574750310e-01 3.241725637591e+01 3.075476568349e+04 3.100400000000e+04 6.151246142677e+03 9.301456380233e+03 3.087938284174e+04 3.501063688598e+01 2.829438442881e+04 3.472448000000e+04
2.800000 7.694598626706e-22 3.599976550443e-01 3.186320300304e+01 3.019097488732e+04 3.027300000000e+04 6.038482975588e+03 9.082151998359e+03 3.023198744366e+04 3.441225924328e+01 2.777569689634e+04 3.390576000000e+04
2.850000 4.575375590521e-24 3.538513531965e-01 3.131919706092e+01 2.963920751200e+04 2.950700000000e+04 5.928124583482e+03 8.852347695947e+03 2.957310375600e+04 3.382473282580e+01 2.726807091104e+04 3.304784000000e+04
2.900000 2.118819253509e-26 3.478162029360e-01 3.078502908730e+01 2.909913291423e+04 2.909300000000e+04 5.820104835809e+03 8.728143471342e+03 2.909606645712e+04 3.324783141428e+01 2.677120228110e+04 3.258416000000e+04
2.950000 7.641655411587e-29 3.418899007367e-01 3.026049519829e+01 2.857043234931e+04 2.879100000000e+04 5.714359981783e+03 8.637539322931e+03 2.868071617466e+04 3.268133481416e+01 2.628479776137e+04 3.224592000000e+04
3.000000 2.146383735663e-31 3.360702038911e-01 2.974539689304e+01 2.805279846063e+04 2.812800000000e+04 5.610828548290e+03 8.438635249143e+03 2.809039923032e+04 3.212502864448e+01 2.580857458378e+04 3.150336000000e+04
3.050000 4.695195357975e-34 3.303549283951e-01 2.923954086649e+01 2.754593479303e+04 2.756600000000e+04 5.509451242549e+03 8.270031248450e+03 2.755596739652e+04 3.157870413581e+01 2.534226000959e+04 3.087392000000e+04
3.100000 7.998827757007e-37 3.247419469230e-01 2.874273883016e+01 2.704955532868e+04 2.690300000000e+04 5.410170859294e+03 8.071127319363e+03 2.697627766434e+04 3.104215793658e+01 2.488559090239e+04 3.013136000000e+04
3.150000 1.061268813915e-39 3.192291868867e-01 2.825480734039e+01 2.656338404452e+04 2.651700000000e+04 5.312932192255e+03 7.955323460431e+03 2.654019202226e+04 3.051519192762e+01 2.443831332096e+04 2.969904000000e+04
3.200000 1.096606559389e-42 3.138146285767e-01 2.777556763372e+01 2.608715449017e+04 2.602900000000e+04 5.217681949737e+03 7.808919670240e+03 2.605807724509e+04 2.999761304442e+01 2.400018213096e+04 2.915248000000e+04
3.250000 8.824754974595e-46 3.084963033792e-01 2.730484546921e+01 2.562060938534e+04 2.567400000000e+04 5.124368674110e+03 7.702415947412e+03 2.564730469267e+04 2.948923310674e+01 2.357096063451e+04 2.875488000000e+04
3.300000 5.530709549844e-49 3.032722920684e-01 2.684247097716e+01 2.516350023581e+04 2.525800000000e+04 5.032942664996e+03 7.577612290604e+03 2.521075011790e+04 2.898986865534e+01 2.315042021694e+04 2.828896000000e+04
3.350000 2.699513024589e-52 2.981407231678e-01 2.638827851421e+01 2.471558696714e+04 2.499200000000e+04 4.943355906006e+03 7.497808698506e+03 2.485379348357e+04 2.849934079535e+01 2.273834000976e+04 2.799104000000e+04
3.400000 1.026163072792e-55 2.930997713799e-01 2.594210652421e+01 2.427663757512e+04 2.426600000000e+04 4.855561994842e+03 7.280005169840e+03 2.427131878756e+04 2.801747504615e+01 2.233450656911e+04 2.717792000000e+04
3.450000 3.037901698790e-59 2.881476560790e-01 2.550379740492e+01 2.384642779239e+04 2.372600000000e+04 4.769516076604e+03 7.118001703359e+03 2.378621389620e+04 2.754410119731e+01 2.193871356900e+04 2.657312000000e+04
3.500000 7.004182134319e-63 2.832826398654e-01 2.507319738002e+01 2.342474077019e+04 2.335200000000e+04 4.685174780149e+03 7.005798297848e+03 2.338837038509e+04 2.707905317042e+01 2.155076150857e+04 2.615424000000e+04
3.550000 1.257672382878e-66 2.785030271786e-01 2.465015637633e+01 2.301136677471e+04 2.334500000000e+04 4.602496157364e+03 7.003694952119e+03 2.317818338736e+04 2.662216888644e+01 2.117045743274e+04 2.614640000000e+04
3.600000 1.758749542595e-70 2.738071629657e-01 2.423452790600e+01 2.260610289737e+04 2.270300000000e+04 4.521439625205e+03 6.811091665014e+03 2.265455144869e+04 2.617329013847e+01 2.079761466558e+04 2.542736000000e+04
3.650000 1.915432491672e-74 2.691934314026e-01 2.382616895327e+01 2.220875277812e+04 2.208300000000e+04 4.441965910370e+03 6.625088435402e+03 2.214587638906e+04 2.573226246954e+01 2.043205255587e+04 2.473296000000e+04
3.700000 1.624636036774e-78 2.646602546672e-01 2.342493986595e+01 2.181912634144e+04 2.186400000000e+04 4.364036996492e+03 6.559385262178e+03 2.184156317072e+04 2.529893505523e+01 2.007359623413e+04 2.448768000000e+04
3.750000 1.073177834068e-82 2.602060917598e-01 2.303070425098e+01 2.143703954424e+04 2.156400000000e+04 4.287616073721e+03 6.469382144264e+03 2.150051977212e+04 2.487316059105e+01 1.972207638070e+04 2.415168000000e+04
3.800000 5.520948362160e-87 2.558294373711e-01 2.264332887420e+01 2.106231413516e+04 2.114400000000e+04 4.212667490583e+03 6.343379080606e+03 2.110315706758e+04 2.445479518414e+01 1.937732900435e+04 2.368128000000e+04
3.850000 2.211984380211e-91 2.515288207935e-01 2.226268356407e+01 2.069477742477e+04 2.063800000000e+04 4.139156708010e+03 6.191576070175e+03 2.066638871238e+04 2.404369824920e+01 1.903919523079e+04 2.311456000000e+04
3.900000 6.902029420127e-96 2.473028048752e-01 2.188864111904e+01 2.033426206601e+04 2.018200000000e+04 4.067050255445e+03 6.054773111963e+03 2.025813103300e+04 2.363973240856e+01 1.870752110073e+04 2.260384000000e+04
3.950000 1.677250522854e-100 2.431499850145e-01 2.152107721855e+01 1.998060584460e+04 2.011300000000e+04 3.996315688907e+03 6.034070204990e+03 2.004680292230e+04 2.324276339603e+01 1.838215737703e+04 2.252656000000e+04
4.000000 3.174281552825e-105 2.390689881930e-01 2.115987033746e+01 1.963365147874e+04 1.973900000000e+04 3.926921550938e+03 5.921867348292e+03 1.968632573937e+04 2.285265996446e+01 1.806295936044e+04 2.210768000000e+04
4.050000 4.678636817250e-110 2.350584720453e-01 2.080490166371e+01 1.929324642781e+04 1.922600000000e+04 3.858837332339e+03 5.767964540930e+03 1.925962321390e+04 2.246929379681e+01 1.774978671358e+04 2.153312000000e+04
4.100000 5.370560365020e-115 2.311171239640e-01 2.045605501913e+01 1.895924270953e+04 1.904700000000e+04 3.792033435606e+03 5.714261781987e+03 1.900312135477e+04 2.209253942067e+01 1.744250329277e+04 2.133264000000e+04
4.150000 4.801160785907e-120 2.272436602394e-01 2.011321678323e+01 1.863149672531e+04 1.841600000000e+04 3.726481139990e+03 5.524959070562e+03 1.852374836265e+04 2.172227412589e+01 1.714097698728e+04 2.062592000000e+04
4.200000 3.342714441794e-125 2.234368252295e-01 1.977627581982e+01 1.830986909323e+04 1.816600000000e+04 3.662152568107e+03 5.449956405778e+03 1.823793454662e+04 2.135837788540e+01 1.684507956578e+04 2.034592000000e+04
4.250000 1.812502793552e-130 2.196953905630e-01 1.944512340637e+01 1.799422448853e+04 1.794300000000e+04 3.599020654018e+03 5.383053786773e+03 1.796861224426e+04 2.100073327888e+01 1.655468652945e+04 2.009616000000e+04
4.300000 7.653929736420e-136 2.160181543701e-01 1.911965316605e+01 1.768443149095e+04 1.777500000000e+04 3.537059112714e+03 5.332651212708e+03 1.772971574548e+04 2.064922541933e+01 1.626967697168e+04 1.990800000000e+04
4.350000 2.517193705193e-141 2.124039405425e-01 1.879976100210e+01 1.738036243893e+04 1.747300000000e+04 3.476242410938e+03 5.242048682758e+03 1.742668121946e+04 2.030374188227e+01 1.598993344381e+04 1.956976000000e+04
4.400000 6.447259971397e-147 2.088515980198e-01 1.848534503480e+01 1.708189329006e+04 1.701300000000e+04 3.416545739290e+03 5.104046196119e+03 1.704744664503e+04 1.996417263759e+01 1.571534182685e+04 1.905456000000e+04
4.450000 1.286056674071e-152 2.053600001022e-01 1.817630554053e+01 1.678890348768e+04 1.693800000000e+04 3.357944985537e+03 5.081543752000e+03 1.686345174384e+04 1.963040998377e+01 1.544579120867e+04 1.897056000000e+04
4.500000 1.997889259168e-158 2.019280437874e-01 1.787254489314e+01 1.650127583328e+04 1.648600000000e+04 3.300416709091e+03 4.945941349631e+03 1.649363791664e+04 1.930234848460e+01 1.518117376662e+04 1.846432000000e+04
4.550000 2.417180578620e-164 1.985546491317e-01 1.757396750738e+01 1.621889636433e+04 1.642400000000e+04 3.243938116586e+03 4.927338988254e+03 1.632144818217e+04 1.897988490797e+01 1.492138465518e+04 1.839488000000e+04
4.600000 2.277577478736e-170 1.952387586333e-01 1.728047978432e+01 1.594165423753e+04 1.581300000000e+04 3.188487038512e+03 4.744036667131e+03 1.587732711876e+04 1.866291816706e+01 1.466632189852e+04 1.771056000000e+04
4.650000 1.671335365130e-176 1.919793366371e-01 1.699199005867e+01 1.566944161692e+04 1.563500000000e+04 3.134041906852e+03 4.690634385536e+03 1.565222080846e+04 1.835134926337e+01 1.441588628756e+04 1.751120000000e+04
4.700000 9.551694541949e-183 1.887753687612e-01 1.670840854803e+01 1.540215356690e+04 1.529200000000e+04 3.080581733676e+03 4.587732142758e+03 1.534707678345e+04 1.804508123188e+01 1.416998128155e+04 1.712704000000e+04
4.750000 4.251318353528e-189 1.856258613422e-01 1.642964730377e+01 1.513968794977e+04 1.521900000000e+04 3.028086090644e+03 4.565829938103e+03 1.517934397489e+04 1.774401908807e+01 1.392851291379e+04 1.704528000000e+04
4.800000 1.473646134878e-195 1.825298409001e-01 1.615562016368e+01 1.488194532759e+04 1.488700000000e+04 2.976535089390e+03 4.466227770889e+03 1.488447266379e+04 1.744806977678e+01 1.369138970138e+04 1.667344000000e+04
4.850000 3.978223427282e-202 1.794863536213e-01 1.588624270624e+01 1.462882886821e+04 1.465800000000e+04 2.925909362725e+03 4.397525640448e+03 1.464341443411e+04 1.715714212274e+01 1.345852255876e+04 1.641696000000e+04
4.900000 8.363951605856e-209 1.764944648592e-01 1.562143220636e+01 1.438024425534e+04 1.454300000000e+04 2.876190046640e+03 4.363023546125e+03 1.446162212767e+04 1.687114678287e+01 1.322982471491e+04 1.628816000000e+04
4.950000 1.369494308080e-215 1.735532586516e-01 1.536110759270e+01 1.413609960226e+04 1.389200000000e+04 2.827358763058e+03 4.167721487281e+03 1.401404980113e+04 1.658999620012e+01 1.300521163408e+04 1.555904000000e+04
5.000000 1.746366256759e-222 1.706618372537e-01 1.510518940635e+01 1.389630536920e+04 1.384900000000e+04 2.779397603310e+03 4.154819463286e+03 1.387265268460e+04 1.631360455886e+01 1.278460093967e+04 1.551088000000e+04
5.050000 1.734350263606e-229 1.678193206873e-01 1.485359976091e+01 1.366077428422e+04 1.376300000000e+04 2.732289112300e+03 4.129017473524e+03 1.371188714211e+04 1.604188774178e+01 1.256791234148e+04 1.541456000000e+04
5.100000 1.341419667349e-236 1.650248463040e-01 1.460626230380e+01 1.342942126722e+04 1.335100000000e+04 2.686016273321e+03 4.005415517392e+03 1.339021063361e+04 1.577476328811e+01 1.235506756584e+04 1.495312000000e+04
5.150000 8.080140413872e-244 1.622775683631e-01 1.436310217898e+01 1.320216335722e+04 1.299600000000e+04 2.640562493499e+03 3.898913594298e+03 1.309908167861e+04 1.551215035330e+01 1.214599028865e+04 1.455552000000e+04
5.200000 3.790526400093e-251 1.595766576230e-01 1.412404599070e+01 1.297891964256e+04 1.301300000000e+04 2.595911589838e+03 3.904011703660e+03 1.299595982128e+04 1.525396966995e+01 1.194060607115e+04 1.457456000000e+04
5.250000 1.384862078338e-258 1.569213009453e-01 1.388902176851e+01 1.275961119392e+04 1.278100000000e+04 2.552047775825e+03 3.834409844911e+03 1.277030559696e+04 1.500014350999e+01 1.173884229841e+04 1.431472000000e+04
5.300000 3.940396277135e-266 1.543107009121e-01 1.365795893337e+01 1.254416100016e+04 1.247600000000e+04 2.508955648592e+03 3.742908017491e+03 1.251008050008e+04 1.475059564804e+01 1.154062812014e+04 1.397312000000e+04
5.350000 8.731717100620e-274 1.517440754545e-01 1.343078826478e+01 1.233249390662e+04 1.244200000000e+04 2.466620176584e+03 3.732706220853e+03 1.238724695331e+04 1.450525132596e+01 1.134589439409e+04 1.393504000000e+04
5.400000 1.506904717620e-281 1.492206574937e-01 1.320744186899e+01 1.212453655603e+04 1.197200000000e+04 2.425026687732e+03 3.591704454460e+03 1.204826827801e+04 1.426403721851e+01 1.115457363155e+04 1.340864000000e+04
5.450000 2.025341716212e-289 1.467396945920e-01 1.298785314814e+01 1.192021733170e+04 1.184100000000e+04 2.384160858096e+03 3.552402717786e+03 1.188060866585e+04 1.402688139999e+01 1.096659994516e+04 1.326192000000e+04
5.500000 2.120006551525e-297 1.443004486156e-01 1.277195677039e+01 1.171946630300e+04 1.170400000000e+04 2.344008700958e+03 3.511301010314e+03 1.171173315150e+04 1.379371331202e+01 1.078190899876e+04 1.310848000000e+04
5.550000 1.728233732284e-305 1.419021954066e-01 1.255968864092e+01 1.152221517298e+04 1.171100000000e+04 2.304556556352e+03 3.513399331537e+03 1.161660758649e+04 1.356446373220e+01 1.060043795914e+04 1.311632000000e+04
5.600000 1.097221052044e-313 1.395442244660e-01 1.235098587382e+01 1.132839722808e+04 1.145700000000e+04 2.265791080996e+03 3.437197680957e+03 1.139269861404e+04 1.333906474373e+01 1.042212544983e+04 1.283184000000e+04
5.650000 5.533535233422e-322 1.372258386449e-01 1.214578676483e+01 1.113794728979e+04 1.130500000000e+04 2.227699238630e+03 3.391596058087e+03 1.122147364490e+04 1.311744970601e+01 1.024691150661e+04 1.266160000000e+04
5.700000 0.000000000000e+00 1.349463538461e-01 1.194403076484e+01 1.095080166819e+04 1.086200000000e+04 2.190268290721e+03 3.258694462448e+03 1.090640083410e+04 1.289955322603e+01 1.007473753474e+04 1.216544000000e+04
5.750000 0.000000000000e+00 1.327050987333e-01 1.174565845424e+01 1.076689811727e+04 1.072300000000e+04 2.153485787532e+03 3.216992893569e+03 1.074494905863e+04 1.268531113058e+01 9.905546267886e+03 1.200976000000e+04
5.800000 0.000000000000e+00 1.305014144496e-01 1.155061151796e+01 1.058617579199e+04 1.056800000000e+04 2.117339559531e+03 3.170491350990e+03 1.057708789600e+04 1.247466043940e+01 9.739281728635e+03 1.183616000000e+04
5.850000 0.000000000000e+00 1.283346543437e-01 1.135883272121e+01 1.040857520702e+04 1.049200000000e+04 2.081817709127e+03 3.147689834258e+03 1.045028760351e+04 1.226753933891e+01 9.575889190458e+03 1.175104000000e+04
5.900000 0.000000000000e+00 1.262041837038e-01 1.117026588601e+01 1.023403819692e+04 1.024200000000e+04 2.046908602731e+03 3.072688342929e+03 1.023801909846e+04 1.206388715689e+01 9.415315141167e+03 1.147104000000e+04
5.950000 0.000000000000e+00 1.241093794995e-01 1.098485586826e+01 1.006250787797e+04 1.028900000000e+04 2.012600863098e+03 3.086786876566e+03 1.017575393899e+04 1.186364433772e+01 9.257507247736e+03 1.152368000000e+04
6.000000 0.000000000000e+00 1.220496301306e-01 1.080254853554e+01 9.893928611341e+03 9.956000000000e+03 1.978883361972e+03 2.986885434741e+03 9.924964305671e+03 1.166675241839e+01 9.102414322434e+03 1.115072000000e+04
6.050000 0.000000000000e+00 1.200243351829e-01 1.062329074551e+01 9.728245967640e+03 9.850000000000e+03 1.945745212996e+03 2.955084017035e+03 9.789122983820e+03 1.147315400515e+01 8.949986290229e+03 1.103200000000e+04
6.100000 0.000000000000e+00 1.180329051907e-01 1.044703032487e+01 9.565406692815e+03 9.678000000000e+03 1.913175764887e+03 2.903482623034e+03 9.621703346408e+03 1.128279275086e+01 8.800174157390e+03 1.083936000000e+04
6.150000 0.000000000000e+00 1.160747614060e-01 1.027371604894e+01 9.405358675267e+03 9.363000000000e+03 1.881164594862e+03 2.808981252333e+03 9.384179337633e+03 1.109561333286e+01 8.652929981245e+03 1.048656000000e+04
6.200000 0.000000000000e+00 1.141493355738e-01 1.010329762177e+01 9.248050914178e+03 9.253000000000e+03 1.849701502304e+03 2.775979904535e+03 9.250525457089e+03 1.091156143151e+01 8.508206841044e+03 1.036336000000e+04
6.250000 0.000000000000e+00 1.122560697133e-01 9.935725656767e+00 9.093433488991e+03 8.997000000000e+03 1.818776502654e+03 2.699178579249e+03 9.045216744495e+03 1.073058370931e+01 8.365958809872e+03 1.007664000000e+04
6.300000 0.000000000000e+00 1.103944159054e-01 9.770951657902e+00 8.941457529974e+03 9.003000000000e+03 1.788379821528e+03 2.700977276091e+03 8.972228764987e+03 1.055262779053e+01 8.226140927576e+03 1.008336000000e+04
6.350000 0.000000000000e+00 1.085638360850e-01 9.608928001323e+00 8.792075189852e+03 8.912000000000e+03 1.758501889039e+03 2.673675994685e+03 8.852037594926e+03 1.037764224143e+01 8.088709174664e+03 9.981440000000e+03
6.400000 0.000000000000e+00 1.067638018397e-01 9.449607917523e+00 8.645239616428e+03 8.673000000000e+03 1.729133334327e+03 2.601974734661e+03 8.659119808214e+03 1.020557655093e+01 7.953620447113e+03 9.713760000000e+03
6.450000 0.000000000000e+00 1.049937942130e-01 9.292945473930e+00 8.500904926180e+03 8.598000000000e+03 1.700264980271e+03 2.579473495656e+03 8.549452463090e+03 1.003638111184e+01 7.820832532086e+03 9.629760000000e+03
6.500000 0.000000000000e+00 1.032533035127e-01 9.138895557961e+00 8.359026178775e+03 8.464000000000e+03 1.671887838398e+03 2.539272277312e+03 8.411513089388e+03 9.870007202597e+00 7.690304084473e+03 9.479680000000e+03
6.550000 0.000000000000e+00 1.015418291245e-01 8.987413860503e+00 8.219559352464e+03 8.286000000000e+03 1.643993103956e+03 2.485871079280e+03 8.252779676232e+03 9.706406969343e+00 7.561994604267e+03 9.280320000000e+03
6.600000 0.000000000000e+00 9.985887932986e-02 8.838456859815e+00 8.082461320329e+03 8.000000000000e+03 1.616572151169e+03 2.400069901216e+03 8.041230660165e+03 9.545533408600e+00 7.435864414703e+03 8.960000000000e+03
6.650000 0.000000000000e+00 9.820397112891e-02 8.691981805828e+00 7.947689827335e+03 8.011000000000e+03 1.589616528644e+03 2.403368742780e+03 7.979344913667e+03 9.387340350294e+00 7.311874641148e+03 8.972320000000e+03
6.700000 0.000000000000e+00 9.657663006734e-02 8.547946704839e+00 7.815203468162e+03 7.602000000000e+03 1.563117954936e+03 2.280667603641e+03 7.708601734081e+03 9.231782441226e+00 7.189987190709e+03 8.514240000000e+03
6.750000 0.000000000000e+00 9.497639006776e-02 8.406310304585e+00 7.684961665785e+03 7.625000000000e+03 1.537068314269e+03 2.287566483473e+03 7.654980832892e+03 9.078815128951e+00 7.070164732522e+03 8.540000000000e+03
6.800000 0.000000000000e+00 9.340279326516e-02 8.267032079675e+00 7.556924650758e+03 7.632000000000e+03 1.511459652386e+03 2.289665381955e+03 7.594462325379e+03 8.928394646049e+00 6.952370678697e+03 8.547840000000e+03
6.850000 0.000000000000e+00 9.185538984639e-02 8.130072217384e+00 7.431053441195e+03 7.581000000000e+03 1.486284172551e+03 2.274364298773e+03 7.506026720598e+03 8.780477994775e+00 6.836569165900e+03 8.490720000000e+03
6.900000 0.000000000000e+00 9.033373789343e-02 7.995391603781e+00 7.307309823399e+03 7.428000000000e+03 1.461534231670e+03 2.228463233617e+03 7.367654911700e+03 8.635022932083e+00 6.722725037527e+03 8.319360000000e+03
6.950000 0.000000000000e+00 8.883740323046e-02 7.862951810191e+00 7.185656333122e+03 7.188000000000e+03 1.437202336547e+03 2.156462186182e+03 7.186828166561e+03 8.491987955007e+00 6.610803826473e+03 8.050560000000e+03
7.000000 0.000000000000e+00 8.736595927452e-02 7.732715079983e+00 7.066056237434e+03 7.219000000000e+03 1.413281140254e+03 2.165761156171e+03 7.142528118717e+03 8.351332286382e+00 6.500771738439e+03 8.085280000000e+03
7.050000 0.000000000000e+00 8.591898688973e-02 7.604644315659e+00 6.948473517166e+03 6.972000000000e+03 1.389763438623e+03 2.091660143291e+03 6.960236758583e+03 8.213015860912e+00 6.392595635793e+03 7.808640000000e+03
7.100000 0.000000000000e+00 8.449607424482e-02 7.478703066251e+00 6.832872849915e+03 7.005000000000e+03 1.366642166842e+03 2.101559147252e+03 6.918936424957e+03 8.076999311551e+00 6.286243021922e+03 7.845600000000e+03
7.150000 0.000000000000e+00 8.309681667405e-02 7.354855515007e+00 6.719219593579e+03 6.631000000000e+03 1.343910396169e+03 1.989358167772e+03 6.675109796790e+03 7.943243956207e+00 6.181682026093e+03 7.426720000000e+03
7.200000 0.000000000000e+00 8.172081654131e-02 7.233066467363e+00 6.607479770410e+03 6.691000000000e+03 1.321561330735e+03 2.007357204572e+03 6.649239885205e+03 7.811711784752e+00 6.078881388777e+03 7.493920000000e+03
7.250000 0.000000000000e+00 8.036768310722e-02 7.113301339184e+00 6.497620051554e+03 6.555000000000e+03 1.299588304457e+03 1.966556257378e+03 6.526310025777e+03 7.682365446318e+00 5.977810447430e+03 7.341600000000e+03
7.300000 0.000000000000e+00 7.903703239938e-02 6.995526145274e+00 6.389607742073e+03 6.319000000000e+03 1.277984778041e+03 1.895755325923e+03 6.354303871037e+03 7.555168236896e+00 5.878439122707e+03 7.077280000000e+03
7.350000 0.000000000000e+00 7.772848708547e-02 6.879707488147e+00 6.283410766414e+03 6.289000000000e+03 1.256744336072e+03 1.886754409941e+03 6.286205383207e+03 7.430084087199e+00 5.780737905101e+03 7.043680000000e+03
7.400000 0.000000000000e+00 7.644167634913e-02 6.765812547044e+00 6.178997654319e+03 6.176000000000e+03 1.235860684205e+03 1.852853509173e+03 6.177498827160e+03 7.307077550808e+00 5.684677841974e+03 6.917120000000e+03
7.450000 0.000000000000e+00 7.517623576869e-02 6.653809067195e+00 6.076337527160e+03 6.119000000000e+03 1.215327646421e+03 1.835752623365e+03 6.097668763580e+03 7.186113792570e+00 5.590230524987e+03 6.853280000000e+03
7.500000 0.000000000000e+00 7.393180719852e-02 6.543665349316e+00 5.975400084670e+03 6.037000000000e+03 1.195139162380e+03 1.811151752265e+03 6.006200042335e+03 7.067158577261e+00 5.497368077896e+03 6.761440000000e+03
7.550000 0.000000000000e+00 7.270803865294e-02 6.435350239342e+00 5.876155592070e+03 5.956000000000e+03 1.175289284845e+03 1.786850895627e+03 5.916077796035e+03 6.950178258489e+00 5.406063144705e+03 6.670720000000e+03
7.600000 0.000000000000e+00 7.150458419271e-02 6.328833118372e+00 5.778574867570e+03 5.642000000000e+03 1.155772177181e+03 1.692650053209e+03 5.710287433785e+03 6.835139767842e+00 5.316288878164e+03 6.319040000000e+03
7.650000 0.000000000000e+00 7.032110381394e-02 6.224083892841e+00 5.682629270224e+03 5.779000000000e+03 1.136582110928e+03 1.733749224773e+03 5.730814635112e+03 6.722010604268e+00 5.228018928606e+03 6.472480000000e+03
7.700000 0.000000000000e+00 6.915726333936e-02 6.121072984894e+00 5.588290688143e+03 5.500000000000e+03 1.117713463439e+03 1.650048410084e+03 5.544145344072e+03 6.610758823686e+00 5.141227433092e+03 6.160000000000e+03
7.750000 0.000000000000e+00 6.801273431195e-02 6.019771322975e+00 5.495531527032e+03 5.531000000000e+03 1.099160715594e+03 1.659347608914e+03 5.513265763516e+03 6.501353028813e+00 5.055889004869e+03 6.194720000000e+03
7.800000 0.000000000000e+00 6.688719389080e-02 5.920150332602e+00 5.404324699051e+03 5.362000000000e+03 1.080918449565e+03 1.608646821036e+03 5.383162349525e+03 6.393762359210e+00 4.971978723127e+03 6.005440000000e+03
7.850000 0.000000000000e+00 6.578032474911e-02 5.822181927349e+00 5.314643611993e+03 5.311000000000e+03 1.062981346658e+03 1.593346046227e+03 5.312821805997e+03 6.287956481537e+00 4.889472123034e+03 5.948320000000e+03
7.900000 0.000000000000e+00 6.469181497443e-02 5.725838500009e+00 5.226462158752e+03 5.220000000000e+03 1.045344185202e+03 1.566045284270e+03 5.223231079376e+03 6.183905580009e+00 4.808345186052e+03 5.846400000000e+03
7.950000 0.000000000000e+00 6.362135797085e-02 5.631092913939e+00 5.139754707083e+03 5.193000000000e+03 1.028001838503e+03 1.557944534951e+03 5.166377353542e+03 6.081580347054e+00 4.728574330517e+03 5.816160000000e+03
8.000000 0.000000000000e+00 6.256865236331e-02 5.537918494591e+00 5.054496089639e+03 5.130000000000e+03 1.010949272850e+03 1.539043798057e+03 5.092248044820e+03 5.980951974158e+00 4.650136402468e+03 5.745600000000e+03
8.050000 0.000000000000e+00 6.153340190382e-02 5.446289021210e+00 4.970661594276e+03 5.133000000000e+03 9.941815455768e+02 1.539943073381e+03 5.051830797138e+03 5.881992142907e+00 4.573008666734e+03 5.748960000000e+03
8.100000 0.000000000000e+00 6.051531537958e-02 5.356178718707e+00 4.888226954617e+03 4.810000000000e+03 9.776938031756e+02 1.443042360721e+03 4.849113477308e+03 5.784673016204e+00 4.497168798247e+03 5.387200000000e+03
8.150000 0.000000000000e+00 5.951410652305e-02 5.267562249691e+00 4.807168340862e+03 4.824000000000e+03 9.614812794576e+02 1.447241659875e+03 4.815584170431e+03 5.688967229667e+00 4.422594873593e+03 5.402880000000e+03
8.200000 0.000000000000e+00 5.852949392373e-02 5.180414706667e+00 4.727462350845e+03 4.778000000000e+03 9.455392937642e+02 1.433440970646e+03 4.752731175423e+03 5.594847883200e+00 4.349265362778e+03 5.351360000000e+03
8.250000 0.000000000000e+00 5.756120094177e-02 5.094711604388e+00 4.649086001317e+03 4.694000000000e+03 9.298632492242e+02 1.408240292841e+03 4.671543000659e+03 5.502288532739e+00 4.277159121212e+03 5.257280000000e+03
8.300000 0.000000000000e+00 5.660895562331e-02 5.010428872360e+00 4.572016719454e+03 4.517000000000e+03 9.144486310554e+02 1.355139626269e+03 4.544508359727e+03 5.411263182149e+00 4.206255381898e+03 5.059040000000e+03
8.350000 0.000000000000e+00 5.567249061750e-02 4.927542847500e+00 4.496232334588e+03 4.473000000000e+03 8.992910049101e+02 1.341938970743e+03 4.484616167294e+03 5.321746275300e+00 4.136533747821e+03 5.009760000000e+03
8.400000 0.000000000000e+00 5.475154309511e-02 4.846030266933e+00 4.421711070137e+03 4.461000000000e+03 8.843860152620e+02 1.338338326080e+03 4.441355535069e+03 5.233712688287e+00 4.067974184526e+03 4.996320000000e+03
8.450000 0.000000000000e+00 5.384585466884e-02 4.765868260932e+00 4.348431535751e+03 4.419000000000e+03 8.697293838339e+02 1.325737692098e+03 4.383715767875e+03 5.147137721807e+00 4.000557012891e+03 4.949280000000e+03
8.500000 0.000000000000e+00 5.295517131509e-02 4.687034346004e+00 4.276372719636e+03 4.183000000000e+03 8.553169080643e+02 1.254937068620e+03 4.229686359818e+03 5.061997093685e+00 3.934262902065e+03 4.684960000000e+03
8.550000 0.000000000000e+00 5.207924329731e-02 4.609506418098e+00 4.205513981087e+03 4.109000000000e+03 8.411444596120e+02 1.232736455470e+03 4.157256990543e+03 4.978266931546e+00 3.869072862600e+03 4.602080000000e+03
8.600000 0.000000000000e+00 5.121782509086e-02 4.533262745958e+00 4.135835043188e+03 4.196000000000e+03 8.272079828976e+02 1.258835852478e+03 4.165917521594e+03 4.895923765634e+00 3.804968239733e+03 4.699520000000e+03
8.650000 0.000000000000e+00 5.037067530925e-02 4.458281964591e+00 4.067315985696e+03 3.968000000000e+03 8.135034936795e+02 1.190435259473e+03 4.017657992848e+03 4.814944521758e+00 3.741930706841e+03 4.444160000000e+03
8.700000 0.000000000000e+00 4.953755663187e-02 4.384543068875e+00 3.999937238101e+03 4.007000000000e+03 8.000270776655e+02 1.202134676290e+03 4.003468619050e+03 4.735306514385e+00 3.679942259053e+03 4.487840000000e+03
8.750000 0.000000000000e+00 4.871823573305e-02 4.312025407280e+00 3.933679572838e+03 3.907000000000e+03 7.867748891562e+02 1.172134102765e+03 3.920339786419e+03 4.656987439863e+00 3.618985207011e+03 4.375840000000e+03
8.800000 0.000000000000e+00 4.791248321254e-02 4.240708675708e+00 3.868524098677e+03 3.972000000000e+03 7.737431497220e+02 1.191633538738e+03 3.920262049338e+03 4.579965369765e+00 3.559042170783e+03 4.448640000000e+03
8.850000 0.000000000000e+00 4.712007352722e-02 4.170572911458e+00 3.804452254255e+03 3.793000000000e+03 7.609281469099e+02 1.137932984051e+03 3.798726127128e+03 4.504218744374e+00 3.500096073915e+03 4.248160000000e+03
8.900000 0.000000000000e+00 4.634078492418e-02 4.101598487295e+00 3.741445801768e+03 3.702000000000e+03 7.483262329815e+02 1.110632438549e+03 3.721722900884e+03 4.429726366279e+00 3.442130137626e+03 4.146240000000e+03
8.950000 0.000000000000e+00 4.557439937504e-02 4.033766105643e+00 3.679486820800e+03 3.651000000000e+03 7.359338236795e+02 1.095331902080e+03 3.665243410400e+03 4.356467394095e+00 3.385127875136e+03 4.089120000000e+03
9.000000 0.000000000000e+00 4.482070251149e-02 3.967056792875e+00 3.618557702307e+03 3.665000000000e+03 7.237473970233e+02 1.099531374492e+03 3.641778851153e+03 4.284421336305e+00 3.329073086122e+03 4.104800000000e+03
9.050000 0.000000000000e+00 4.407948356203e-02 3.901451893717e+00 3.558641142722e+03 3.577000000000e+03 7.117634921313e+02 1.073130855638e+03 3.567820571361e+03 4.213568045214e+00 3.273949851304e+03 4.006240000000e+03
9.100000 0.000000000000e+00 4.335053528993e-02 3.836933065754e+00 3.499720138211e+03 3.553000000000e+03 6.999787080704e+02 1.065930345375e+03 3.526360069106e+03 4.143887711015e+00 3.219742527154e+03 3.979360000000e+03
9.150000 0.000000000000e+00 4.263365393230e-02 3.773482274042e+00 3.441777979042e+03 3.345000000000e+03 6.883897027315e+02 1.003529843558e+03 3.393388989521e+03 4.075360855966e+00 3.166435740718e+03 3.746400000000e+03
9.200000 0.000000000000e+00 4.192863914033e-02 3.711081785811e+00 3.384798244090e+03 3.472000000000e+03 6.769931917293e+02 1.041629350047e+03 3.428399122045e+03 4.007968328676e+00 3.114014384563e+03 3.888640000000e+03
9.250000 0.000000000000e+00 4.123529392057e-02 3.649714165276e+00 3.328764795463e+03 3.287000000000e+03 6.657859473278e+02 9.861288647057e+02 3.307882397732e+03 3.941691298498e+00 3.062463611826e+03 3.681440000000e+03
9.300000 0.000000000000e+00 4.055342457735e-02 3.589362268534e+00 3.273661773243e+03 3.351000000000e+03 6.547647973882e+02 1.005328387397e+03 3.312330886621e+03 3.876511250017e+00 3.011768831383e+03 3.753120000000e+03
9.350000 0.000000000000e+00 3.988284065626e-02 3.530009238566e+00 3.219473590339e+03 3.228000000000e+03 6.439266243404e+02 9.684279179885e+02 3.223736795170e+03 3.812409977651e+00 2.961915703112e+03 3.615360000000e+03
9.400000 0.000000000000e+00 3.922335488859e-02 3.471638500316e+00 3.166184927466e+03 3.200000000000e+03 6.332683641770e+02 9.600274563484e+02 3.183092463733e+03 3.749369580342e+00 2.912890133268e+03 3.584000000000e+03
9.450000 0.000000000000e+00 3.857478313686e-02 3.414233755875e+00 3.113780728211e+03 3.163000000000e+03 6.227870054688e+02 9.489270023482e+02 3.138390364106e+03 3.687372456346e+00 2.864678269954e+03 3.542560000000e+03
9.500000 0.000000000000e+00 3.793694434134e-02 3.357778979739e+00 3.062246194228e+03 3.050000000000e+03 6.124795884010e+02 9.150265558610e+02 3.056123097114e+03 3.626401298118e+00 2.817266498690e+03 3.416000000000e+03
9.550000 0.000000000000e+00 3.730966046744e-02 3.302258414162e+00 3.011566780513e+03 3.015000000000e+03 6.023432038310e+02 9.045261167623e+02 3.013283390257e+03 3.566439087295e+00 2.770641438072e+03 3.376800000000e+03
9.600000 0.000000000000e+00 3.669275645418e-02 3.247656564588e+00 2.961728190799e+03 2.949000000000e+03 5.923749923649e+02 8.847256849295e+02 2.955364095399e+03 3.507469089755e+00 2.724789935535e+03 3.302880000000e+03
9.650000 0.000000000000e+00 3.608606016352e-02 3.193958195169e+00 2.912716373031e+03 2.870000000000e+03 5.825721434543e+02 8.610252602421e+02 2.891358186515e+03 3.449474850783e+00 2.679699063188e+03 3.214400000000e+03
9.700000 0.000000000000e+00 3.548940233061e-02 3.141148324363e+00 2.864517514949e+03 2.965000000000e+03 5.729318945117e+02 8.895248425816e+02 2.914758757475e+03 3.392440190312e+00 2.635356113753e+03 3.320800000000e+03
9.750000 0.000000000000e+00 3.490261651492e-02 3.089212220606e+00 2.817118039756e+03 2.826000000000e+03 5.634515300444e+02 8.478244318316e+02 2.821559019878e+03 3.336349198255e+00 2.591748596575e+03 3.165120000000e+03
9.800000 0.000000000000e+00 3.432553905228e-02 3.038135398069e+00 2.770504601873e+03 2.801000000000e+03 5.541283808058e+02 8.403240278773e+02 2.785752300936e+03 3.281186229914e+00 2.548864233723e+03 3.137120000000e+03
9.850000 0.000000000000e+00 3.375800900775e-02 2.987903612484e+00 2.724664082789e+03 2.680000000000e+03 5.449598229651e+02 8.040236306063e+02 2.702332041395e+03 3.226935901482e+00 2.506690956166e+03 3.001600000000e+03
9.900000 0.000000000000e+00 3.319986812932e-02 2.938502857050e+00 2.679583586992e+03 2.659000000000e+03 5.359432772928e+02 7.977232399077e+02 2.669291793496e+03 3.173583085614e+00 2.465216900032e+03 2.978080000000e+03
9.950000 0.000000000000e+00 3.265096080247e-02 2.889919358407e+00 2.635250437976e+03 2.733000000000e+03 5.270762083639e+02 8.199228556726e+02 2.684125218988e+03 3.121112907079e+00 2.424430402938e+03 3.060960000000e+03
10.000000 0.000000000000e+00 3.211113400550e-02 2.842139572685e+00 2.591652174346e+03 2.570000000000e+03 5.183561237763e+02 7.710224777938e+02 2.580826087173e+03 3.069510738500e+00 2.384320000398e+03 2.878400000000e+03
10.050000 0.000000000000e+00 3.158023726567e-02 2.795150181621e+00 2.548776545978e+03 2.548000000000e+03 5.097805733854e+02 7.644221061661e+02 2.548388272989e+03 3.018762196151e+00 2.344874422300e+03 2.853760000000e+03
10.100000 0.000000000000e+00 3.105812261608e-02 2.748938088743e+00 2.506611510278e+03 2.531000000000e+03 5.013471485537e+02 7.593217406858e+02 2.518805755139e+03 2.968853135843e+00 2.306082589456e+03 2.834720000000e+03
10.150000 0.000000000000e+00 3.054464455338e-02 2.703490415626e+00 2.465145228501e+03 2.552000000000e+03 4.930534814158e+02 7.656213812512e+02 2.508572614250e+03 2.919769648876e+00 2.267933610221e+03 2.858240000000e+03
10.200000 0.000000000000e+00 3.003965999616e-02 2.658794498210e+00 2.424366062147e+03 2.413000000000e+03 4.848972441574e+02 7.239210277620e+02 2.418683031073e+03 2.871498058066e+00 2.230416777175e+03 2.702560000000e+03
10.250000 0.000000000000e+00 2.954302824408e-02 2.614837883180e+00 2.384262569431e+03 2.435000000000e+03 4.768761483087e+02 7.305206801198e+02 2.409631284715e+03 2.824024913835e+00 2.193521563876e+03 2.727200000000e+03
10.300000 0.000000000000e+00 2.905461093774e-02 2.571608324420e+00 2.344823501816e+03 2.390000000000e+03 4.689879440520e+02 7.170203382277e+02 2.367411750908e+03 2.777336990374e+00 2.157237621671e+03 2.676800000000e+03
10.350000 0.000000000000e+00 2.857427201924e-02 2.529093779517e+00 2.306037800623e+03 2.235000000000e+03 4.612304195422e+02 6.705200019904e+02 2.270518900312e+03 2.731421281878e+00 2.121554776573e+03 2.503200000000e+03
10.400000 0.000000000000e+00 2.810187769341e-02 2.487282406330e+00 2.267894593695e+03 2.285000000000e+03 4.536014002411e+02 6.855196713144e+02 2.276447296847e+03 2.686264998837e+00 2.086463026199e+03 2.559200000000e+03
10.450000 0.000000000000e+00 2.763729638975e-02 2.446162559625e+00 2.230383192133e+03 2.260000000000e+03 4.460987482638e+02 6.780193461075e+02 2.245191596067e+03 2.641855564394e+00 2.051952536763e+03 2.531200000000e+03
10.500000 0.000000000000e+00 2.718039872502e-02 2.405722787757e+00 2.193493087099e+03 2.144000000000e+03 4.387203617388e+02 6.432190262791e+02 2.168746543550e+03 2.598180610777e+00 2.018013640131e+03 2.401280000000e+03
10.550000 0.000000000000e+00 2.673105746645e-02 2.365951829421e+00 2.157213946667e+03 2.143000000000e+03 4.314641741794e+02 6.429187117402e+02 2.150106973334e+03 2.555227975775e+00 1.984636830934e+03 2.400160000000e+03
10.600000 0.000000000000e+00 2.628914749562e-02 2.326838610454e+00 2.121535612746e+03 2.168000000000e+03 4.243281538672e+02 6.504184024032e+02 2.144767806373e+03 2.512985699290e+00 1.951812763726e+03 2.428160000000e+03
10.650000 0.000000000000e+00 2.585454577298e-02 2.288372240687e+00 2.086448098057e+03 2.057000000000e+03 4.173103032480e+02 6.171180981820e+02 2.071724049028e+03 2.471442019942e+00 1.919532250212e+03 2.303840000000e+03
10.700000 0.000000000000e+00 2.542713130292e-02 2.250542010865e+00 2.051941583168e+03 2.062000000000e+03 4.104086583386e+02 6.186177989919e+02 2.056970791584e+03 2.430585371734e+00 1.887786256514e+03 2.309440000000e+03
10.750000 0.000000000000e+00 2.500678509954e-02 2.213337389607e+00 2.018006413582e+03 2.007000000000e+03 4.036212881445e+02 6.021175047496e+02 2.012503206791e+03 2.390404380775e+00 1.856565900496e+03 2.247840000000e+03
10.800000 0.000000000000e+00 2.459339015290e-02 2.176748020424e+00 1.984633096888e+03 2.038000000000e+03 3.969462940897e+02 6.114172153731e+02 2.011316548444e+03 2.350887862058e+00 1.825862449137e+03 2.282560000000e+03
10.850000 0.000000000000e+00 2.418683139594e-02 2.140763718793e+00 1.951812299951e+03 1.893000000000e+03 3.903818094554e+02 5.679169307820e+02 1.922406149976e+03 2.312024816296e+00 1.795667315955e+03 2.120160000000e+03
10.900000 0.000000000000e+00 2.378699567191e-02 2.105374469268e+00 1.919534846173e+03 1.947000000000e+03 3.839259988311e+02 5.841166508970e+02 1.933267423086e+03 2.273804426809e+00 1.765972058479e+03 2.180640000000e+03
10.950000 0.000000000000e+00 2.339377170241e-02 2.070570422657e+00 1.887791712786e+03 1.912000000000e+03 3.775770575745e+02 5.736163756402e+02 1.899895856393e+03 2.236216056470e+00 1.736768375763e+03 2.141440000000e+03
11.000000 0.000000000000e+00 2.300705005594e-02 2.036341893236e+00 1.856574028210e+03 1.855000000000e+03 3.713332112820e+02 5.565161049350e+02 1.855787014105e+03 2.199249244695e+00 1.708048105953e+03 2.077600000000e+03
11.050000 0.000000000000e+00 2.262672311699e-02 2.002679356013e+00 1.825873069452e+03 1.773000000000e+03 3.651927152689e+02 5.319158387062e+02 1.799436534726e+03 2.162893704494e+00 1.679803223896e+03 1.985760000000e+03
11.100000 0.000000000000e+00 2.225268505569e-02 1.969573444041e+00 1.795680259556e+03 1.813000000000e+03 3.591538540592e+02 5.439155768795e+02 1.804340129778e+03 2.127139319564e+00 1.652025838791e+03 2.030560000000e+03
11.150000 0.000000000000e+00 2.188483179795e-02 1.937014945777e+00 1.765987165095e+03 1.811000000000e+03 3.532149408844e+02 5.433153193823e+02 1.788493582547e+03 2.091976141440e+00 1.624708191887e+03 2.028320000000e+03
11.200000 0.000000000000e+00 2.152306099613e-02 1.904994802486e+00 1.736785493717e+03 1.789000000000e+03 3.473743171922e+02 5.367150661427e+02 1.762892746859e+03 2.057394386685e+00 1.597842654220e+03 2.003680000000e+03
11.250000 0.000000000000e+00 2.116727200017e-02 1.873504105684e+00 1.708067091730e+03 1.705000000000e+03 3.416303521635e+02 5.115148170904e+02 1.706533545865e+03 2.023384434139e+00 1.571421724391e+03 1.909600000000e+03
11.300000 0.000000000000e+00 2.081736582928e-02 1.842534094633e+00 1.679823941729e+03 1.737000000000e+03 3.359814422384e+02 5.211145721561e+02 1.708411970864e+03 1.989936822204e+00 1.545438026391e+03 1.945440000000e+03
11.350000 0.000000000000e+00 2.047324514404e-02 1.812076153872e+00 1.652048160274e+03 1.683000000000e+03 3.304260106509e+02 5.049143312716e+02 1.667524080137e+03 1.957042246182e+00 1.519884307452e+03 1.884960000000e+03
11.400000 0.000000000000e+00 2.013481421903e-02 1.782121810795e+00 1.624731995602e+03 1.618000000000e+03 3.249625069718e+02 4.854140943700e+02 1.621365997801e+03 1.924691555659e+00 1.494753435954e+03 1.812160000000e+03
11.450000 0.000000000000e+00 1.980197891591e-02 1.752662733267e+00 1.597867825385e+03 1.617000000000e+03 3.195894066601e+02 4.851138613852e+02 1.607433912692e+03 1.892875751928e+00 1.470038399354e+03 1.811040000000e+03
11.500000 0.000000000000e+00 1.947464665690e-02 1.723690727277e+00 1.571448154525e+03 1.548000000000e+03 3.143052106223e+02 4.644136322527e+02 1.559724077263e+03 1.861585985460e+00 1.445732302163e+03 1.733760000000e+03
11.550000 0.000000000000e+00 1.915272639885e-02 1.695197734644e+00 1.545465612993e+03 1.529000000000e+03 3.091084447797e+02 4.587134069085e+02 1.537232806496e+03 1.830813553416e+00 1.421828363953e+03 1.712480000000e+03
11.600000 0.000000000000e+00 1.883612860757e-02 1.667175830744e+00 1.519912953701e+03 1.459000000000e+03 3.039976596431e+02 4.377131852900e+02 1.489456476850e+03 1.800549897203e+00 1.398319917405e+03 1.634080000000e+03
11.650000 0.000000000000e+00 1.852476523273e-02 1.639617222288e+00 1.494783050418e+03 1.476000000000e+03 2.989714298957e+02 4.428129673357e+02 1.485391525209e+03 1.770786600072e+00 1.375200406384e+03 1.653120000000e+03
11.700000 0.000000000000e+00 1.821854968314e-02 1.612514245137e+00 1.470068895717e+03 1.373000000000e+03 2.940283539832e+02 4.119127529848e+02 1.421534447859e+03 1.741515384748e+00 1.352463384060e+03 1.537760000000e+03
11.750000 0.000000000000e+00 1.791739680244e-02 1.585859362145e+00 1.445763598966e+03 1.459000000000e+03 2.891670537106e+02 4.377125421778e+02 1.452381799483e+03 1.712728111117e+00 1.330102511048e+03 1.634080000000e+03
11.800000 0.000000000000e+00 1.762122284521e-02 1.559645161049e+00 1.421860384344e+03 1.346000000000e+03 2.843861738471e+02 4.038123348560e+02 1.383930192172e+03 1.684416773933e+00 1.308111553597e+03 1.507520000000e+03
11.850000 0.000000000000e+00 1.732994545348e-02 1.533864352388e+00 1.398352588906e+03 1.433000000000e+03 2.796843817375e+02 4.299121309618e+02 1.415676294453e+03 1.656573500579e+00 1.286484381793e+03 1.604960000000e+03
11.900000 0.000000000000e+00 1.704348363363e-02 1.508509767461e+00 1.375233660666e+03 1.427000000000e+03 2.750603669202e+02 4.281119304385e+02 1.401116830333e+03 1.629190548858e+00 1.265214967813e+03 1.598240000000e+03
11.950000 0.000000000000e+00 1.676175773371e-02 1.483574356314e+00 1.352497156731e+03 1.377000000000e+03 2.705128407525e+02 4.131117332304e+02 1.364748578366e+03 1.602260304819e+00 1.244297384193e+03 1.542240000000e+03
12.000000 0.000000000000e+00 1.648468942110e-02 1.459051185769e+00 1.330136741453e+03 1.331000000000e+03 2.660405360421e+02 3.993115392826e+02 1.330568370726e+03 1.575775280631e+00 1.223725802136e+03 1.490720000000e+03
12.050000 0.000000000000e+00 1.621220166058e-02 1.434933437479e+00 1.308146184620e+03 1.233000000000e+03 2.616422066853e+02 3.699113485412e+02 1.270573092310e+03 1.549728112478e+00 1.203494489850e+03 1.380960000000e+03
12.100000 0.000000000000e+00 1.594421869274e-02 1.411214406020e+00 1.286519359682e+03 1.259000000000e+03 2.573166273113e+02 3.777111609531e+02 1.272759679841e+03 1.524111558501e+00 1.183597810907e+03 1.410080000000e+03
12.150000 0.000000000000e+00 1.568066601280e-02 1.387887497010e+00 1.265250242000e+03 1.172000000000e+03 2.530625929329e+02 3.516109764662e+02 1.218625121000e+03 1.498918496771e+00 1.164030222640e+03 1.312640000000e+03
12.200000 0.000000000000e+00 1.542147034972e-02 1.364946225269e+00 1.244332907135e+03 1.191000000000e+03 2.488789186033e+02 3.573107950292e+02 1.217666453568e+03 1.474141923291e+00 1.144786274564e+03 1.333920000000e+03
12.250000 0.000000000000e+00 1.516655964569e-02 1.342384213000e+00 1.223761529155e+03 1.258000000000e+03 2.447644390788e+02 3.774106165918e+02 1.240880764578e+03 1.449774950040e+00 1.125860606823e+03 1.408960000000e+03
12.300000 0.000000000000e+00 1.491586303603e-02 1.320195188005e+00 1.203530378985e+03 1.209000000000e+03 2.407180084873e+02 3.627104411041e+02 1.206265189492e+03 1.425810803046e+00 1.107247948666e+03 1.354080000000e+03
12.350000 0.000000000000e+00 1.466931082930e-02 1.298372981933e+00 1.183633822771e+03 1.165000000000e+03 2.367385000029e+02 3.495102685176e+02 1.174316911386e+03 1.402242820488e+00 1.088943116949e+03 1.304800000000e+03
12.400000 0.000000000000e+00 1.442683448785e-02 1.276911528552e+00 1.164066320289e+03 1.160000000000e+03 2.328248055255e+02 3.480100987841e+02 1.162033160145e+03 1.379064450836e+00 1.070941014666e+03 1.299200000000e+03
12.450000 0.000000000000e+00 1.418836660865e-02 1.255804862055e+00 1.144822423367e+03 1.206000000000e+03 2.289758353668e+02 3.618099318566e+02 1.175411211684e+03 1.356269251019e+00 1.053236629498e+03 1.350720000000e+03
12.500000 0.000000000000e+00 1.395384090443e-02 1.235047115391e+00 1.125896774341e+03 1.172000000000e+03 2.251905179410e+02 3.516097676886e+02 1.148948387171e+03 1.333850884622e+00 1.035825032394e+03 1.312640000000e+03
12.550000 0.000000000000e+00 1.372319218518e-02 1.214632518627e+00 1.107284104537e+03 1.111000000000e+03 2.214677994612e+02 3.333096062345e+02 1.109142052269e+03 1.311803120117e+00 1.018701376174e+03 1.244320000000e+03
12.600000 0.000000000000e+00 1.349635633995e-02 1.194555397336e+00 1.088979232780e+03 1.066000000000e+03 2.178066436410e+02 3.198094474494e+02 1.077489616390e+03 1.290119829123e+00 1.001860894157e+03 1.193920000000e+03
12.650000 0.000000000000e+00 1.327327031889e-02 1.174810171008e+00 1.070977063925e+03 1.051000000000e+03 2.142060314012e+02 3.153092912892e+02 1.060988531962e+03 1.268794984688e+00 9.852988988106e+02 1.177120000000e+03
12.700000 0.000000000000e+00 1.305387211566e-02 1.155391351496e+00 1.053272587418e+03 1.046000000000e+03 2.106649605813e+02 3.138091377105e+02 1.049636293709e+03 1.247822659616e+00 9.690107804248e+02 1.171520000000e+03
12.750000 0.000000000000e+00 1.283810075014e-02 1.136293541481e+00 1.035860875881e+03 1.015000000000e+03 2.071824456568e+02 3.045089866705e+02 1.025430437940e+03 1.227197024800e+00 9.529920058103e+02 1.136800000000e+03
12.800000 0.000000000000e+00 1.262589625138e-02 1.117511432966e+00 1.018737083714e+03 1.020000000000e+03 2.037575174598e+02 3.060088381274e+02 1.019368541857e+03 1.206912347604e+00 9.372381170171e+02 1.142400000000e+03
12.850000 0.000000000000e+00 1.241719964085e-02 1.099039805793e+00 1.001896445734e+03 9.580000000000e+02 2.003892229065e+02 2.874086920397e+02 9.799482228670e+02 1.186962990256e+00 9.217447300752e+02 1.072960000000e+03
12.900000 0.000000000000e+00 1.221195291601e-02 1.080873526186e+00 9.853342758241e+02 1.012000000000e+03 1.970766247272e+02 3.036085483670e+02 9.986671379121e+02 1.167343408281e+00 9.065075337582e+02 1.133440000000e+03
12.950000 0.000000000000e+00 1.201009903409e-02 1.063007545321e+00 9.690459656156e+02 9.160000000000e+02 1.938188012023e+02 2.748084070693e+02 9.425229828078e+02 1.148048148947e+00 8.915222883663e+02 1.025920000000e+03
13.000000 0.000000000000e+00 1.181158189619e-02 1.045436897913e+00 9.530269831866e+02 9.250000000000e+02 1.906148459028e+02 2.775082681073e+02 9.390134915933e+02 1.129071849746e+00 8.767848245317e+02 1.036000000000e+03
13.050000 0.000000000000e+00 1.161634633162e-02 1.028156700833e+00 9.372728717859e+02 9.640000000000e+02 1.874638674343e+02 2.892081314424e+02 9.506364358930e+02 1.110409236900e+00 8.622910420431e+02 1.079680000000e+03
13.100000 0.000000000000e+00 1.142433808252e-02 1.011162151748e+00 9.217792485773e+02 8.940000000000e+02 1.843649891859e+02 2.682079970367e+02 9.078896242886e+02 1.092055123887e+00 8.480369086911e+02 1.001280000000e+03
13.150000 0.000000000000e+00 1.123550378872e-02 9.944485277759e-01 9.065418034054e+02 9.440000000000e+02 1.813173490841e+02 2.832078648527e+02 9.252709017027e+02 1.074004409998e+00 8.340184591329e+02 1.057280000000e+03
13.200000 0.000000000000e+00 1.104979097288e-02 9.780111841751e-01 8.915562975830e+02 9.310000000000e+02 1.783200993494e+02 2.793077348537e+02 9.112781487915e+02 1.056252078909e+00 8.202317937764e+02 1.042720000000e+03
13.250000 0.000000000000e+00 1.086714802581e-02 9.618455530437e-01 8.768185626988e+02 8.080000000000e+02 1.753724062582e+02 2.424076070036e+02 8.424092813494e+02 1.038793197287e+00 8.066730776829e+02 9.049600000000e+02
13.300000 0.000000000000e+00 1.068752419213e-02 9.459471420494e-01 8.623244994449e+02 8.980000000000e+02 1.724734499083e+02 2.694074812669e+02 8.801622497224e+02 1.021622913413e+00 7.933385394893e+02 1.005760000000e+03
13.350000 0.000000000000e+00 1.051086955608e-02 9.303115331754e-01 8.480700764647e+02 8.260000000000e+02 1.696224239886e+02 2.478073576087e+02 8.370350382324e+02 1.004736455829e+00 7.802244703475e+02 9.251200000000e+02
13.400000 0.000000000000e+00 1.033713502765e-02 9.149343814899e-01 8.340513292206e+02 8.700000000000e+02 1.668185355521e+02 2.610072359945e+02 8.520256646103e+02 9.881291320091e-01 7.673272228830e+02 9.744000000000e+02
13.450000 0.000000000000e+00 1.016627232886e-02 8.998114139348e-01 8.202643588800e+02 8.070000000000e+02 1.640610047939e+02 2.421071163906e+02 8.136321794400e+02 9.717963270496e-01 7.546432101696e+02 9.038400000000e+02
13.500000 0.000000000000e+00 9.998233980327e-03 8.849384281347e-01 8.067053312208e+02 8.010000000000e+02 1.613490648314e+02 2.403069987638e+02 8.038526656104e+02 9.557335023855e-01 7.421689047232e+02 8.971200000000e+02
13.550000 0.000000000000e+00 9.832973288030e-03 8.703112912262e-01 7.933704755555e+02 8.400000000000e+02 1.586819614897e+02 2.520068830813e+02 8.166852377778e+02 9.399361945243e-01 7.299008375111e+02 9.408000000000e+02
13.600000 0.000000000000e+00 9.670444330296e-03 8.559259387063e-01 7.802560836730e+02 7.180000000000e+02 1.560589530901e+02 2.154067693110e+02 7.491280418365e+02 9.244000138028e-01 7.178355969791e+02 8.041600000000e+02
13.650000 0.000000000000e+00 9.510601945009e-03 8.417783732999e-01 7.673585087984e+02 8.270000000000e+02 1.534793102412e+02 2.481066574214e+02 7.971792543992e+02 9.091206431639e-01 7.059698280945e+02 9.262400000000e+02
13.700000 0.000000000000e+00 9.353401717032e-03 8.278646638466e-01 7.546741645709e+02 7.480000000000e+02 1.509423156355e+02 2.244065473812e+02 7.513370822854e+02 8.940938369544e-01 6.943002314052e+02 8.377600000000e+02
13.750000 0.000000000000e+00 9.198799965833e-03 8.141809442055e-01 7.421995240381e+02 7.800000000000e+02 1.484472638476e+02 2.340064391600e+02 7.610997620190e+02 8.793154197419e-01 6.828235621150e+02 8.736000000000e+02
13.800000 0.000000000000e+00 9.046753733317e-03 8.007234121782e-01 7.299311186680e+02 7.270000000000e+02 1.459934611366e+02 2.181063327276e+02 7.284655593340e+02 8.647812851525e-01 6.715366291745e+02 8.142400000000e+02
13.850000 0.000000000000e+00 8.897220771870e-03 7.874883284506e-01 7.178655373769e+02 6.840000000000e+02 1.435802252520e+02 2.052062280545e+02 7.009327686885e+02 8.504873947267e-01 6.604362943868e+02 7.660800000000e+02
13.900000 0.000000000000e+00 8.750159532585e-03 7.744720155509e-01 7.059994255747e+02 6.740000000000e+02 1.412068852426e+02 2.022061251117e+02 6.899997127873e+02 8.364297767950e-01 6.495194715287e+02 7.548800000000e+02
13.950000 0.000000000000e+00 8.605529153700e-03 7.616708568260e-01 6.943294842248e+02 6.590000000000e+02 1.388727812683e+02 1.977060238704e+02 6.766647421124e+02 8.226045253721e-01 6.387831254868e+02 7.380800000000e+02
14.000000 0.000000000000e+00 8.463289449218e-03 7.490812954344e-01 6.828524689214e+02 7.000000000000e+02 1.365772644158e+02 2.100059243026e+02 6.914262344607e+02 8.090077990692e-01 6.282242714076e+02 7.840000000000e+02
14.050000 0.000000000000e+00 8.323400897718e-03 7.366998333560e-01 6.715651889810e+02 6.930000000000e+02 1.343196965169e+02 2.079058263806e+02 6.822825944905e+02 7.956358200245e-01 6.178399738626e+02 7.761600000000e+02
14.100000 0.000000000000e+00 8.185824631356e-03 7.245230304184e-01 6.604645065503e+02 6.500000000000e+02 1.320994499698e+02 1.950057300772e+02 6.552322532752e+02 7.824848728519e-01 6.076273460263e+02 7.280000000000e+02
14.150000 0.000000000000e+00 8.050522425044e-03 7.125475033390e-01 6.495473357278e+02 6.460000000000e+02 1.299159075635e+02 1.938056353657e+02 6.477736678639e+02 7.695513036062e-01 5.975835488695e+02 7.235200000000e+02
14.200000 0.000000000000e+00 7.917456685808e-03 7.007699247837e-01 6.388106417011e+02 6.410000000000e+02 1.277684623056e+02 1.923055422197e+02 6.399053208506e+02 7.568315187664e-01 5.877057903651e+02 7.179200000000e+02
14.250000 0.000000000000e+00 7.786590442330e-03 6.891870224405e-01 6.282514398989e+02 6.280000000000e+02 1.256565172521e+02 1.884054506133e+02 6.281257199494e+02 7.443219842357e-01 5.779913247070e+02 7.033600000000e+02
14.300000 0.000000000000e+00 7.657887334654e-03 6.777955781086e-01 6.178667951557e+02 6.090000000000e+02 1.235794853410e+02 1.827053605211e+02 6.134333975778e+02 7.320192243573e-01 5.684374515432e+02 6.820800000000e+02
14.350000 0.000000000000e+00 7.531311604068e-03 6.665924268036e-01 6.076538208923e+02 6.040000000000e+02 1.215367892277e+02 1.812052719181e+02 6.058269104462e+02 7.199198209479e-01 5.590415152209e+02 6.764800000000e+02
14.400000 0.000000000000e+00 7.406828083155e-03 6.555744558757e-01 5.976096783090e+02 5.750000000000e+02 1.195278611243e+02 1.725051847797e+02 5.863048391545e+02 7.080204123458e-01 5.498009040443e+02 6.440000000000e+02
14.450000 0.000000000000e+00 7.284402186008e-03 6.447386041445e-01 5.877315755925e+02 5.870000000000e+02 1.175521426403e+02 1.761050990815e+02 5.873657877963e+02 6.963176924761e-01 5.407130495451e+02 6.574400000000e+02
14.500000 0.000000000000e+00 7.163999898602e-03 6.340818610467e-01 5.780167671360e+02 6.260000000000e+02 1.156090846271e+02 1.878050147999e+02 6.020083835680e+02 6.848084099304e-01 5.317754257651e+02 7.011200000000e+02
14.550000 0.000000000000e+00 7.045587769337e-03 6.236012657986e-01 5.684625527726e+02 5.750000000000e+02 1.136981470247e+02 1.725049319114e+02 5.717312763863e+02 6.734893670625e-01 5.229855485508e+02 6.440000000000e+02
14.600000 0.000000000000e+00 6.929132899725e-03 6.132939065724e-01 5.590662770214e+02 5.970000000000e+02 1.118187987106e+02 1.791048503930e+02 5.780331385107e+02 6.623574190982e-01 5.143409748597e+02 6.686400000000e+02
14.650000 0.000000000000e+00 6.814602935242e-03 6.031569196862e-01 5.498253283461e+02 5.110000000000e+02 1.099705173516e+02 1.533047702221e+02 5.304126641730e+02 6.514094732611e-01 5.058393020784e+02 5.723200000000e+02
14.700000 0.000000000000e+00 6.701966056326e-03 5.931874888072e-01 5.407371384258e+02 5.100000000000e+02 1.081527892580e+02 1.530046913762e+02 5.253685692129e+02 6.406424879118e-01 4.974781673517e+02 5.712000000000e+02
14.750000 0.000000000000e+00 6.591190969524e-03 5.833828441686e-01 5.317991814389e+02 5.370000000000e+02 1.063651092406e+02 1.611046138337e+02 5.343995907194e+02 6.300534717021e-01 4.892552469238e+02 6.014400000000e+02
14.800000 0.000000000000e+00 6.482246898791e-03 5.737402617987e-01 5.230089733576e+02 5.140000000000e+02 1.046069804690e+02 1.542045375728e+02 5.185044866788e+02 6.196394827426e-01 4.811682554889e+02 5.756800000000e+02
14.850000 0.000000000000e+00 6.375103576926e-03 5.642570627634e-01 5.143640712551e+02 4.920000000000e+02 1.028779143339e+02 1.476044625725e+02 5.031820356276e+02 6.093976277845e-01 4.732149455547e+02 5.510400000000e+02
14.900000 0.000000000000e+00 6.269731237156e-03 5.549306124215e-01 5.058620726246e+02 4.870000000000e+02 1.011774303099e+02 1.461043888119e+02 4.964310363123e+02 5.993250614152e-01 4.653931068146e+02 5.454400000000e+02
14.950000 0.000000000000e+00 6.166100604856e-03 5.457583196911e-01 4.975006147082e+02 4.780000000000e+02 9.950505582213e+01 1.434043162704e+02 4.877503073541e+02 5.894189852664e-01 4.577005655316e+02 5.353600000000e+02
15.000000 0.000000000000e+00 6.064182889409e-03 5.367376363300e-01 4.892773738390e+02 4.830000000000e+02 9.786032611412e+01 1.449042449280e+02 4.861386869195e+02 5.796766472364e-01 4.501351839319e+02 5.409600000000e+02
15.050000 0.000000000000e+00 5.963949776196e-03 5.278660562261e-01 4.811900647926e+02 5.030000000000e+02 9.624278411834e+01 1.509041747648e+02 4.920950323963e+02 5.700953407242e-01 4.426948596092e+02 5.633600000000e+02
15.100000 0.000000000000e+00 5.865373418725e-03 5.191411147012e-01 4.732364401498e+02 4.810000000000e+02 9.465198032870e+01 1.443041057614e+02 4.771182200749e+02 5.606724038773e-01 4.353775249378e+02 5.387200000000e+02
15.150000 0.000000000000e+00 5.768426430887e-03 5.105603878250e-01 4.654142896707e+02 4.520000000000e+02 9.308747267529e+01 1.356040378985e+02 4.587071448354e+02 5.514052188509e-01 4.281811464971e+02 5.062400000000e+02
15.200000 0.000000000000e+00 5.673081879339e-03 5.021214917415e-01 4.577214396781e+02 4.770000000000e+02 9.154882640112e+01 1.431039711573e+02 4.673607198390e+02 5.422912110808e-01 4.211037245038e+02 5.342400000000e+02
15.250000 0.000000000000e+00 5.579313276016e-03 4.938220820061e-01 4.501557524516e+02 4.240000000000e+02 9.003561394094e+01 1.272039055193e+02 4.370778762258e+02 5.333278485665e-01 4.141432922555e+02 4.748800000000e+02
15.300000 0.000000000000e+00 5.487094570765e-03 4.856598529334e-01 4.427151256324e+02 4.740000000000e+02 8.854741480214e+01 1.422038409662e+02 4.583575628162e+02 5.245126411681e-01 4.072979155818e+02 5.308800000000e+02
15.350000 0.000000000000e+00 5.396400144105e-03 4.776325369567e-01 4.353974916370e+02 4.170000000000e+02 8.708381544751e+01 1.251037774801e+02 4.261987458185e+02 5.158431399132e-01 4.005656923060e+02 4.670400000000e+02
15.400000 0.000000000000e+00 5.307204800098e-03 4.697379039968e-01 4.282008170812e+02 4.230000000000e+02 8.564440918007e+01 1.269037150434e+02 4.256004085406e+02 5.073169363165e-01 3.939447517147e+02 4.737600000000e+02
15.450000 0.000000000000e+00 5.219483759351e-03 4.619737608425e-01 4.211231022136e+02 4.340000000000e+02 8.422879602972e+01 1.302036536386e+02 4.275615511068e+02 4.989316617099e-01 3.874332540365e+02 4.860800000000e+02
15.500000 0.000000000000e+00 5.133212652120e-03 4.543379505407e-01 4.141623803588e+02 3.830000000000e+02 8.283658264188e+01 1.149035932489e+02 3.985811901794e+02 4.906849865840e-01 3.810293899301e+02 4.289600000000e+02
15.550000 0.000000000000e+00 5.048367511540e-03 4.468283517969e-01 4.073167173692e+02 4.040000000000e+02 8.146738216785e+01 1.212035338573e+02 4.056583586846e+02 4.825746199406e-01 3.747313799797e+02 4.524800000000e+02
15.600000 0.000000000000e+00 4.964924766960e-03 4.394428783849e-01 4.005842110866e+02 4.180000000000e+02 8.012081415714e+01 1.254034754473e+02 4.092921055433e+02 4.745983086557e-01 3.685374741997e+02 4.681600000000e+02
15.650000 0.000000000000e+00 4.882861237389e-03 4.321794785676e-01 3.939629908123e+02 4.000000000000e+02 7.879650445145e+01 1.200034180029e+02 3.969814954062e+02 4.667538368531e-01 3.624459515473e+02 4.480000000000e+02
15.700000 0.000000000000e+00 4.802154125055e-03 4.250361345262e-01 3.874512167861e+02 3.670000000000e+02 7.749408508053e+01 1.101033615079e+02 3.772256083931e+02 4.590390252883e-01 3.564551194432e+02 4.110400000000e+02
15.750000 0.000000000000e+00 4.722781009066e-03 4.180108617993e-01 3.810470796743e+02 3.750000000000e+02 7.621319415968e+01 1.125033059467e+02 3.780235398372e+02 4.514517307432e-01 3.505633133004e+02 4.200000000000e+02
15.800000 0.000000000000e+00 4.644719839176e-03 4.111017087312e-01 3.747488000657e+02 3.480000000000e+02 7.495347578901e+01 1.044032513039e+02 3.613744000328e+02 4.439898454297e-01 3.447688960604e+02 3.897600000000e+02
15.850000 0.000000000000e+00 4.567948929659e-03 4.043067559297e-01 3.685546279761e+02 3.710000000000e+02 7.371457995435e+01 1.113031975643e+02 3.697773139880e+02 4.366512964041e-01 3.390702577380e+02 4.155200000000e+02
15.900000 0.000000000000e+00 4.492446953279e-03 3.976241157325e-01 3.624628423614e+02 3.400000000000e+02 7.249616242984e+01 1.020031447129e+02 3.512314211807e+02 4.294340449911e-01 3.334658149725e+02 3.808000000000e+02
15.950000 0.000000000000e+00 4.418192935362e-03 3.910519316820e-01 3.564717506384e+02 3.730000000000e+02 7.129788468204e+01 1.119030927351e+02 3.647358753192e+02 4.223360862165e-01 3.279540105874e+02 4.177600000000e+02
16.000000 0.000000000000e+00 4.345166247966e-03 3.845883780100e-01 3.505796882138e+02 3.630000000000e+02 7.011941377576e+01 1.089030416164e+02 3.567898441069e+02 4.153554482508e-01 3.225333131567e+02 4.065600000000e+02
16.050000 0.000000000000e+00 4.273346604147e-03 3.782316591300e-01 3.447850180205e+02 3.150000000000e+02 6.896042228138e+01 9.450299134262e+01 3.298925090103e+02 4.084901918604e-01 3.172022165789e+02 3.528000000000e+02
16.100000 0.000000000000e+00 4.202714052324e-03 3.719800091377e-01 3.390861300624e+02 3.130000000000e+02 6.782058818373e+01 9.390294189984e+01 3.260430650312e+02 4.017384098687e-01 3.119592396574e+02 3.505600000000e+02
16.150000 0.000000000000e+00 4.133248970728e-03 3.658316913209e-01 3.334814409663e+02 3.700000000000e+02 6.669959479243e+01 1.110028932743e+02 3.517407204831e+02 3.950982266266e-01 3.068029256890e+02 4.144000000000e+02
16.200000 0.000000000000e+00 4.064932061952e-03 3.597849976762e-01 3.279693935409e+02 3.040000000000e+02 6.559713065383e+01 9.120284545244e+01 3.159846967705e+02 3.885677974903e-01 3.017318420576e+02 3.404800000000e+02
16.250000 0.000000000000e+00 3.997744347589e-03 3.538382484348e-01 3.225484563441e+02 3.410000000000e+02 6.451288946429e+01 1.023027984210e+02 3.317742281720e+02 3.821453083096e-01 2.967445798365e+02 3.819200000000e+02
16.300000 0.000000000000e+00 3.931667162953e-03 3.479897915951e-01 3.172171232563e+02 3.220000000000e+02 6.344656998499e+01 9.660275216701e+01 3.196085616281e+02 3.758289749227e-01 2.918397533958e+02 3.606400000000e+02
16.350000 0.000000000000e+00 3.866682151897e-03 3.422380024641e-01 3.119739130618e+02 3.250000000000e+02 6.239787595807e+01 9.750270667751e+01 3.184869565309e+02 3.696170426613e-01 2.870160000168e+02 3.640000000000e+02
16.400000 0.000000000000e+00 3.802771261706e-03 3.365812832057e-01 3.068173690364e+02 3.110000000000e+02 6.136651602428e+01 9.330266193988e+01 3.089086845182e+02 3.635077858622e-01 2.822719795135e+02 3.483200000000e+02
16.450000 0.000000000000e+00 3.739916738084e-03 3.310180623965e-01 3.017460585423e+02 3.090000000000e+02 6.035220364185e+01 9.270261794172e+01 3.053730292711e+02 3.574995073883e-01 2.776063738589e+02 3.460800000000e+02
16.500000 0.000000000000e+00 3.678101120221e-03 3.255467945893e-01 2.967585726295e+02 3.090000000000e+02 5.935465700680e+01 9.270257467078e+01 3.028792863148e+02 3.515905381564e-01 2.730178868192e+02 3.460800000000e+02
16.550000 0.000000000000e+00 3.617307235935e-03 3.201659598833e-01 2.918535256439e+02 3.050000000000e+02 5.837359897457e+01 9.150253211507e+01 2.984267628220e+02 3.457792366739e-01 2.685052435924e+02 3.416000000000e+02
16.600000 0.000000000000e+00 3.557518196907e-03 3.148740635022e-01 2.870295548419e+02 3.050000000000e+02 5.740875698293e+01 9.150249026274e+01 2.960147774209e+02 3.400639885824e-01 2.640671904545e+02 3.416000000000e+02
16.650000 0.000000000000e+00 3.498717393980e-03 3.096696353784e-01 2.822853200110e+02 2.690000000000e+02 5.645986297612e+01 8.070244910218e+01 2.756426600055e+02 3.344432062087e-01 2.597024944101e+02 3.012800000000e+02
16.700000 0.000000000000e+00 3.440888492551e-03 3.045512297448e-01 2.776195030977e+02 3.000000000000e+02 5.552665333034e+01 9.000240862194e+01 2.888097515489e+02 3.289153281244e-01 2.554099428499e+02 3.360000000000e+02
16.750000 0.000000000000e+00 3.384015428028e-03 2.995174247327e-01 2.730308078404e+02 2.690000000000e+02 5.460886878042e+01 8.070236881080e+01 2.710154039202e+02 3.234788187114e-01 2.511883432132e+02 3.012800000000e+02
16.800000 0.000000000000e+00 3.328082401366e-03 2.945668219770e-01 2.685179594089e+02 2.630000000000e+02 5.370625434771e+01 7.890232965768e+01 2.657589797045e+02 3.181321677352e-01 2.470365226562e+02 2.945600000000e+02
16.850000 0.000000000000e+00 3.273073874677e-03 2.896980462274e-01 2.640797040503e+02 2.600000000000e+02 5.281855926916e+01 7.800229115171e+01 2.620398520251e+02 3.128738899256e-01 2.429533277263e+02 2.912000000000e+02
16.900000 0.000000000000e+00 3.218974566912e-03 2.849097449664e-01 2.597148087397e+02 2.670000000000e+02 5.194553692759e+01 8.010225328220e+01 2.633574043698e+02 3.077025245637e-01 2.389376240405e+02 2.990400000000e+02
16.950000 0.000000000000e+00 3.165769449618e-03 2.802005880333e-01 2.554220608379e+02 2.530000000000e+02 5.108694478313e+01 7.590221603861e+01 2.542110304189e+02 3.026166350759e-01 2.349882959708e+02 2.833600000000e+02
17.000000 0.000000000000e+00 3.113443742756e-03 2.755692672548e-01 2.512002677538e+02 2.280000000000e+02 5.024254430575e+01 6.840217941062e+01 2.396001338769e+02 2.976148086351e-01 2.311042463335e+02 2.553600000000e+02
17.050000 0.000000000000e+00 3.061982910600e-03 2.710144960814e-01 2.470482566131e+02 2.570000000000e+02 4.941210090894e+01 7.710214338804e+01 2.520241283065e+02 2.926956557679e-01 2.272843960840e+02 2.878400000000e+02
17.100000 0.000000000000e+00 3.011372657695e-03 2.665350092298e-01 2.429648739318e+02 2.550000000000e+02 4.859538388449e+01 7.650210796086e+01 2.489824369659e+02 2.878578099682e-01 2.235276840173e+02 2.856000000000e+02
17.150000 0.000000000000e+00 2.961598924884e-03 2.621295623316e-01 2.389489852960e+02 2.580000000000e+02 4.779216633833e+01 7.740207311925e+01 2.484744926480e+02 2.830999273182e-01 2.198330664723e+02 2.889600000000e+02
17.200000 0.000000000000e+00 2.912647885405e-03 2.577969315873e-01 2.349994750458e+02 2.310000000000e+02 4.700222512746e+01 6.930203885352e+01 2.329997375229e+02 2.784206861143e-01 2.161995170421e+02 2.587200000000e+02
17.250000 0.000000000000e+00 2.864505941045e-03 2.535359134262e-01 2.311152459658e+02 2.140000000000e+02 4.622534079790e+01 6.420200515416e+01 2.225576229829e+02 2.738187865003e-01 2.126260262885e+02 2.396800000000e+02
17.300000 0.000000000000e+00 2.817159718366e-03 2.493453241723e-01 2.272952189795e+02 2.040000000000e+02 4.546129752368e+01 6.120197201180e+01 2.156476094898e+02 2.692929501061e-01 2.091116014612e+02 2.284800000000e+02
17.350000 0.000000000000e+00 2.770596064985e-03 2.452239997152e-01 2.235383328499e+02 2.180000000000e+02 4.470988304684e+01 6.540193941725e+01 2.207691664250e+02 2.648419196924e-01 2.056552662219e+02 2.441600000000e+02
17.400000 0.000000000000e+00 2.724802045921e-03 2.411707951865e-01 2.198435438838e+02 2.150000000000e+02 4.397088861840e+01 6.450190736143e+01 2.174217719419e+02 2.604644588014e-01 2.022560603731e+02 2.408000000000e+02
17.450000 0.000000000000e+00 2.679764940004e-03 2.371845846420e-01 2.162098256421e+02 2.290000000000e+02 4.324410894037e+01 6.870187583546e+01 2.226049128210e+02 2.561593514134e-01 1.989130395907e+02 2.564800000000e+02
17.500000 0.000000000000e+00 2.635472236336e-03 2.332642607489e-01 2.126361686542e+02 2.050000000000e+02 4.252934210864e+01 6.150184483057e+01 2.088180843271e+02 2.519254016088e-01 1.956252751619e+02 2.296000000000e+02
17.550000 0.000000000000e+00 2.591911630816e-03 2.294087344776e-01 2.091215801378e+02 2.150000000000e+02 4.182638955687e+01 6.450181433814e+01 2.120607900689e+02 2.477614332359e-01 1.923918537268e+02 2.408000000000e+02
17.600000 0.000000000000e+00 2.549071022724e-03 2.256169347999e-01 2.056650837224e+02 1.860000000000e+02 4.113505600129e+01 5.580178434972e+01 1.958325418612e+02 2.436662895839e-01 1.892118770246e+02 2.083200000000e+02
17.650000 0.000000000000e+00 2.506938511358e-03 2.218878083906e-01 2.022657191781e+02 1.820000000000e+02 4.045514938644e+01 5.460175485696e+01 1.921328595891e+02 2.396388330619e-01 1.860844616439e+02 2.038400000000e+02
17.700000 0.000000000000e+00 2.465502392724e-03 2.182203193356e-01 1.989225421491e+02 1.930000000000e+02 3.978648083173e+01 5.790172585167e+01 1.959612710745e+02 2.356779448825e-01 1.830087387771e+02 2.161600000000e+02
17.750000 0.000000000000e+00 2.424751156289e-03 2.146134488437e-01 1.956346238903e+02 1.800000000000e+02 3.912886457899e+01 5.400169732581e+01 1.878173119452e+02 2.317825247511e-01 1.799838539791e+02 2.016000000000e+02
17.800000 0.000000000000e+00 2.384673481779e-03 2.110661949633e-01 1.924010510101e+02 1.830000000000e+02 3.848211794081e+01 5.490166927144e+01 1.877005255051e+02 2.279514905604e-01 1.770089669293e+02 2.049600000000e+02
17.850000 0.000000000000e+00 2.345258236039e-03 2.075775723047e-01 1.892209252160e+02 1.870000000000e+02 3.784606124980e+01 5.610164168077e+01 1.881104626080e+02 2.241837780890e-01 1.740832511988e+02 2.094400000000e+02
17.900000 0.000000000000e+00 2.306494469933e-03 2.041466117656e-01 1.860933630650e+02 1.850000000000e+02 3.722051780858e+01 5.550161454613e+01 1.855466815325e+02 2.204783407069e-01 1.712058940198e+02 2.072000000000e+02
17.950000 0.000000000000e+00 2.268371415308e-03 2.007723602626e-01 1.830174957181e+02 2.070000000000e+02 3.660531384075e+01 6.210158785999e+01 1.950087478591e+02 2.168341490836e-01 1.683760960607e+02 2.318400000000e+02
18.000000 0.000000000000e+00 2.230878481998e-03 1.974538804656e-01 1.799924686988e+02 1.800000000000e+02 3.600027844255e+01 5.400156161494e+01 1.799962343494e+02 2.132501909029e-01 1.655930712029e+02 2.016000000000e+02
18.050000 0.000000000000e+00 2.194005254885e-03 1.941902505380e-01 1.770174416557e+02 1.840000000000e+02 3.540524353535e+01 5.520153580368e+01 1.805087208279e+02 2.097254705810e-01 1.628560463233e+02 2.060800000000e+02
18.100000 0.000000000000e+00 2.157741491004e-03 1.909805638803e-01 1.740915881289e+02 1.810000000000e+02 3.482004381897e+01 5.430151041904e+01 1.775457940644e+02 2.062590089908e-01 1.601642610786e+02 2.027200000000e+02
18.150000 0.000000000000e+00 2.122077116698e-03 1.878239288785e-01 1.712140953201e+02 1.770000000000e+02 3.424451672572e+01 5.310148545398e+01 1.741070476601e+02 2.028498431887e-01 1.575169676945e+02 1.982400000000e+02
18.200000 0.000000000000e+00 2.087002224816e-03 1.847194686558e-01 1.683841638672e+02 1.550000000000e+02 3.367850237522e+01 4.650146090156e+01 1.616920819336e+02 1.994970261482e-01 1.549134307578e+02 1.736000000000e+02
18.250000 0.000000000000e+00 2.052507071965e-03 1.816663208297e-01 1.656010076216e+02 1.610000000000e+02 3.312184352997e+01 4.830143675495e+01 1.633005038108e+02 1.961996264960e-01 1.523529270118e+02 1.803200000000e+02
18.300000 0.000000000000e+00 2.018582075802e-03 1.786636372719e-01 1.628638534300e+02 1.650000000000e+02 3.257438555167e+01 4.950141300745e+01 1.639319267150e+02 1.929567282537e-01 1.498347451556e+02 1.848000000000e+02
18.350000 0.000000000000e+00 1.985217812370e-03 1.757105838731e-01 1.601719409198e+02 1.600000000000e+02 3.203597635822e+01 4.800138965247e+01 1.600859704599e+02 1.897674305830e-01 1.473581856462e+02 1.792000000000e+02
18.400000 0.000000000000e+00 1.952405013480e-03 1.728063403108e-01 1.575245222872e+02 1.560000000000e+02 3.150646638145e+01 4.680136668351e+01 1.567622611436e+02 1.866308475357e-01 1.449225605042e+02 1.747200000000e+02
18.450000 0.000000000000e+00 1.920134564140e-03 1.699500998217e-01 1.549208620898e+02 1.650000000000e+02 3.098570852561e+01 4.950134409419e+01 1.599604310449e+02 1.835461078075e-01 1.425271931226e+02 1.848000000000e+02
18.500000 0.000000000000e+00 1.888397500018e-03 1.671410689775e-01 1.523602370421e+02 1.620000000000e+02 3.047355812642e+01 4.860132187825e+01 1.571801185211e+02 1.805123544957e-01 1.401714180788e+02 1.814400000000e+02
18.550000 0.000000000000e+00 1.857185004952e-03 1.643784674645e-01 1.498419358147e+02 1.430000000000e+02 2.996987291094e+01 4.290130002950e+01 1.464209679073e+02 1.775287448617e-01 1.378545809495e+02 1.601600000000e+02
18.600000 0.000000000000e+00 1.826488408505e-03 1.616615278667e-01 1.473652588362e+02 1.510000000000e+02 2.947451295796e+01 4.530127854189e+01 1.491826294181e+02 1.745944500961e-01 1.355760381293e+02 1.691200000000e+02
18.650000 0.000000000000e+00 1.796299183552e-03 1.589894954529e-01 1.449295180993e+02 1.060000000000e+02 2.898734065920e+01 3.180125740943e+01 1.254647590496e+02 1.717086550891e-01 1.333351566513e+02 1.187200000000e+02
18.700000 0.000000000000e+00 1.766608943911e-03 1.563616279665e-01 1.425340369693e+02 1.470000000000e+02 2.850822068101e+01 4.410123662626e+01 1.447670184846e+02 1.688705582038e-01 1.311313140117e+02 1.646400000000e+02
18.750000 0.000000000000e+00 1.737409442018e-03 1.537771954198e-01 1.401781499961e+02 1.560000000000e+02 2.803701992678e+01 4.680121618661e+01 1.480890749981e+02 1.660793710534e-01 1.289638979964e+02 1.747200000000e+02
18.800000 0.000000000000e+00 1.708692566630e-03 1.512354798912e-01 1.378612027296e+02 1.640000000000e+02 2.757360749997e+01 4.920119608480e+01 1.509306013648e+02 1.633343182824e-01 1.268323065112e+02 1.836800000000e+02
18.850000 0.000000000000e+00 1.680450340573e-03 1.487357753251e-01 1.355825515373e+02 1.430000000000e+02 2.711785466774e+01 4.290117631524e+01 1.392912757687e+02 1.606346373511e-01 1.247359474144e+02 1.601600000000e+02
18.900000 0.000000000000e+00 1.652674918531e-03 1.462773873366e-01 1.333415634261e+02 1.410000000000e+02 2.666963482515e+01 4.230115687244e+01 1.371707817130e+02 1.579795783235e-01 1.226742383520e+02 1.579200000000e+02
18.950000 0.000000000000e+00 1.625358584858e-03 1.438596330181e-01 1.311376158657e+02 1.310000000000e+02 2.622882346001e+01 3.930113775101e+01 1.310688079329e+02 1.553684036596e-01 1.206466065965e+02 1.467200000000e+02
19.000000 0.000000000000e+00 1.598493751441e-03 1.414818407497e-01 1.289700966164e+02 1.440000000000e+02 2.579529811828e+01 4.320111894563e+01 1.364850483082e+02 1.528003880097e-01 1.186524888871e+02 1.612800000000e+02
19.050000 0.000000000000e+00 1.572072955589e-03 1.391433500126e-01 1.268384035582e+02 1.330000000000e+02 2.536893837001e+01 3.990110045107e+01 1.299192017791e+02 1.502748180136e-01 1.166913312736e+02 1.489600000000e+02
19.100000 0.000000000000e+00 1.546088857964e-03 1.368435112056e-01 1.247419445243e+02 1.230000000000e+02 2.494962577595e+01 3.690108226220e+01 1.238709722621e+02 1.477909921020e-01 1.147625889624e+02 1.377600000000e+02
19.150000 0.000000000000e+00 1.520534240533e-03 1.345816854647e-01 1.226801371358e+02 1.230000000000e+02 2.453724385455e+01 3.690106437397e+01 1.228400685679e+02 1.453482203019e-01 1.128657261649e+02 1.377600000000e+02
19.200000 0.000000000000e+00 1.495402004575e-03 1.323572444855e-01 1.206524086404e+02 1.160000000000e+02 2.413167804969e+01 3.480104678140e+01 1.183262043202e+02 1.429458240444e-01 1.110002159492e+02 1.299200000000e+02
19.250000 0.000000000000e+00 1.470685168697e-03 1.301695703490e-01 1.186581957532e+02 1.000000000000e+02 2.373281569877e+01 3.000102947962e+01 1.093290978766e+02 1.405831359769e-01 1.091655400929e+02 1.120000000000e+02
19.300000 0.000000000000e+00 1.446376866903e-03 1.280180553492e-01 1.166969444998e+02 1.250000000000e+02 2.334054600146e+01 3.750101246381e+01 1.208484722499e+02 1.382594997772e-01 1.073611889398e+02 1.400000000000e+02
19.350000 0.000000000000e+00 1.422470346685e-03 1.259021018252e-01 1.147681100630e+02 1.090000000000e+02 2.295475998887e+01 3.270099572924e+01 1.118840550315e+02 1.359742699713e-01 1.055866612579e+02 1.220800000000e+02
19.400000 0.000000000000e+00 1.398958967143e-03 1.238211219945e-01 1.128711566308e+02 1.100000000000e+02 2.257535049333e+01 3.300097927128e+01 1.114355783154e+02 1.337268117541e-01 1.038414641003e+02 1.232000000000e+02
19.450000 0.000000000000e+00 1.375836197143e-03 1.217745377900e-01 1.110055572481e+02 1.230000000000e+02 2.220221211857e+01 3.690096308534e+01 1.170027786240e+02 1.315165008132e-01 1.021251126682e+02 1.377600000000e+02
19.500000 0.000000000000e+00 1.353095613507e-03 1.197617806993e-01 1.091707936698e+02 7.400000000000e+01 2.183524121045e+01 2.220094716693e+01 9.158539683489e+01 1.293427231553e-01 1.004371301762e+02 8.288000000000e+01
19.550000 0.000000000000e+00 1.330730899218e-03 1.177822916069e-01 1.073663562172e+02 1.030000000000e+02 2.147433582816e+01 3.090093151163e+01 1.051831781086e+02 1.272048749354e-01 9.877704771981e+01 1.153600000000e+02
19.600000 0.000000000000e+00 1.308735841677e-03 1.158355206386e-01 1.055917436361e+02 1.090000000000e+02 2.111939571590e+01 3.270091611509e+01 1.072958718181e+02 1.251023622897e-01 9.714440414524e+01 1.220800000000e+02
19.650000 0.000000000000e+00 1.287104330969e-03 1.139209270091e-01 1.038464629578e+02 9.600000000000e+01 2.077032227503e+01 2.880090097303e+01 9.992323147892e+01 1.230346011698e-01 9.553874592121e+01 1.075200000000e+02
19.700000 0.000000000000e+00 1.265830358167e-03 1.120379788717e-01 1.021300293619e+02 1.120000000000e+02 2.042701853667e+01 3.360088608125e+01 1.070650146810e+02 1.210010171814e-01 9.395962701297e+01 1.254400000000e+02
19.750000 0.000000000000e+00 1.244908013668e-03 1.101861531702e-01 1.004419660417e+02 9.500000000000e+01 2.008938913476e+01 2.850087143561e+01 9.772098302086e+01 1.190010454238e-01 9.240660875839e+01 1.064000000000e+02
19.800000 0.000000000000e+00 1.224331485543e-03 1.083649354940e-01 9.878180407178e+01 1.080000000000e+02 1.975734027954e+01 3.240085703204e+01 1.033909020359e+02 1.170341303335e-01 9.087925974604e+01 1.209600000000e+02
19.850000 0.000000000000e+00 1.204095057930e-03 1.065738199352e-01 9.714908227759e+01 8.600000000000e+01 1.943077973157e+01 2.580084286654e+01 9.157454113880e+01 1.150997255300e-01 8.937715569539e+01 9.632000000000e+01
19.900000 0.000000000000e+00 1.184193109440e-03 1.048123089476e-01 9.554334710750e+01 1.020000000000e+02 1.910961677599e+01 3.060082893518e+01 9.877167355375e+01 1.131972936634e-01 8.789987933890e+01 1.142400000000e+02
19.950000 0.000000000000e+00 1.164620111602e-03 1.030799132090e-01 9.396415250663e+01 9.800000000000e+01 1.879376219741e+01 2.940081523408e+01 9.598207625331e+01 1.113263062657e-01 8.644702030610e+01 1.097600000000e+02
20.000000 0.000000000000e+00 1.145370627321e-03 1.013761514851e-01 9.241105979302e+01 8.400000000000e+01 1.848312825511e+01 2.520080175944e+01 8.820552989651e+01 1.094862436039e-01 8.501817500958e+01 9.408000000000e+01
20.050000 0.000000000000e+00 1.126439309371e-03 9.970055049571e-02 9.088363753573e+01 8.700000000000e+01 1.817762865859e+01 2.610078850752e+01 8.894181876786e+01 1.076765945354e-01 8.361294653287e+01 9.744000000000e+01
20.100000 0.000000000000e+00 1.107820898907e-03 9.805264478333e-02 8.938146143496e+01 1.060000000000e+02 1.787717854371e+01 3.180077547463e+01 9.769073071748e+01 1.058968563660e-01 8.223094452016e+01 1.187200000000e+02
20.150000 0.000000000000e+00 1.089510224009e-03 9.643197658389e-02 8.790411420419e+01 8.900000000000e+01 1.758169444902e+01 2.670076265716e+01 8.845205710210e+01 1.041465347106e-01 8.087178506786e+01 9.968000000000e+01
20.200000 0.000000000000e+00 1.071502198240e-03 9.483809569958e-02 8.645118545426e+01 9.200000000000e+01 1.729109429261e+01 2.760075005154e+01 8.922559272713e+01 1.024251433556e-01 7.953509061792e+01 1.030400000000e+02
20.250000 0.000000000000e+00 1.053791819235e-03 9.327055937377e-02 8.502227157932e+01 7.000000000000e+01 1.700529734932e+01 2.100073765427e+01 7.751113578966e+01 1.007322041237e-01 7.822048985297e+01 7.840000000000e+01
20.300000 0.000000000000e+00 1.036374167313e-03 9.172893216799e-02 8.361697564475e+01 9.000000000000e+01 1.672422422828e+01 2.700072546192e+01 8.680848782237e+01 9.906724674143e-02 7.692761759317e+01 1.008000000000e+02
20.350000 0.000000000000e+00 1.019244404107e-03 9.021278584101e-02 8.223490727684e+01 8.200000000000e+01 1.644779685089e+01 2.460071347108e+01 8.211745363842e+01 9.742980870829e-02 7.565611469470e+01 9.184000000000e+01
20.400000 0.000000000000e+00 1.002397771224e-03 8.872169922986e-02 8.087568255439e+01 7.800000000000e+01 1.617593842909e+01 2.340070167844e+01 7.943784127719e+01 9.581943516825e-02 7.440562795003e+01 8.736000000000e+01
20.450000 0.000000000000e+00 9.858295889181e-04 8.725525813284e-02 7.953892390197e+01 9.200000000000e+01 1.590857344407e+01 2.760069008071e+01 8.576946195099e+01 9.423567878346e-02 7.317580998981e+01 1.030400000000e+02
20.500000 0.000000000000e+00 9.695352547963e-04 8.581305519443e-02 7.822425998513e+01 8.300000000000e+01 1.564562762523e+01 2.490067867468e+01 8.061212999257e+01 9.267809960998e-02 7.196631918632e+01 9.296000000000e+01
20.550000 0.000000000000e+00 9.535102425351e-04 8.439468979218e-02 7.693132560715e+01 9.400000000000e+01 1.538702792962e+01 2.820066745717e+01 8.546566280358e+01 9.114626497556e-02 7.077681955858e+01 1.052800000000e+02
20.600000 0.000000000000e+00 9.377501006256e-04 8.299976792538e-02 7.565976160764e+01 8.000000000000e+01 1.513270252161e+01 2.400065642507e+01 7.782988080382e+01 8.963974935941e-02 6.960698067903e+01 8.960000000000e+01
20.650000 0.000000000000e+00 9.222504511365e-04 8.162790210562e-02 7.440921476273e+01 8.500000000000e+01 1.488258075291e+01 2.550064557532e+01 7.970460738136e+01 8.815813427407e-02 6.845647758171e+01 9.520000000000e+01
20.700000 0.000000000000e+00 9.070069884975e-04 8.027871124916e-02 7.317933768695e+01 8.900000000000e+01 1.463659314298e+01 2.670063490489e+01 8.108966884348e+01 8.670100814909e-02 6.732499067200e+01 9.968000000000e+01
20.750000 0.000000000000e+00 8.920154783039e-04 7.895182057105e-02 7.196978873674e+01 6.800000000000e+01 1.439467135973e+01 2.040062441083e+01 6.998489436837e+01 8.526796621673e-02 6.621220563780e+01 7.616000000000e+01
20.800000 0.000000000000e+00 8.772717561398e-04 7.764686148103e-02 7.078023191551e+01 6.100000000000e+01 1.415674820051e+01 1.830061409023e+01 6.589011595776e+01 8.385861039951e-02 6.511781336227e+01 6.832000000000e+01
20.850000 0.000000000000e+00 8.627717264214e-04 7.636347148114e-02 6.961033678033e+01 7.200000000000e+01 1.392275757345e+01 2.160060394021e+01 7.080516839017e+01 8.247254919963e-02 6.404150983791e+01 8.064000000000e+01
20.900000 0.000000000000e+00 8.485113612594e-04 7.510129406502e-02 6.845977835010e+01 8.000000000000e+01 1.369263447911e+01 2.400059395795e+01 7.422988917505e+01 8.110939759022e-02 6.298299608209e+01 8.960000000000e+01
20.950000 0.000000000000e+00 8.344866993401e-04 7.385997861886e-02 6.732823701529e+01 6.800000000000e+01 1.346631499242e+01 2.040058414069e+01 6.766411850764e+01 7.976877690837e-02 6.194197805407e+01 7.616000000000e+01
21.000000 0.000000000000e+00 8.206938448247e-04 7.263918032405e-02 6.621539844914e+01 6.200000000000e+01 1.324373624490e+01 1.860057448569e+01 6.410769922457e+01 7.845031474997e-02 6.091816657321e+01 6.944000000000e+01
21.050000 0.000000000000e+00 8.071289662674e-04 7.143856006132e-02 6.512095352034e+01 4.000000000000e+01 1.302483640724e+01 1.200056499028e+01 5.256047676017e+01 7.715364486622e-02 5.991127723871e+01 4.480000000000e+01
21.100000 0.000000000000e+00 7.937882955510e-04 7.025778431659e-02 6.404459820717e+01 6.100000000000e+01 1.280955467207e+01 1.830055565181e+01 6.252229910359e+01 7.587840706192e-02 5.892103035060e+01 6.832000000000e+01
21.150000 0.000000000000e+00 7.806681268400e-04 6.909652508833e-02 6.298603351302e+01 6.500000000000e+01 1.259783123711e+01 1.950054646769e+01 6.399301675651e+01 7.462424709540e-02 5.794715083198e+01 7.280000000000e+01
21.200000 0.000000000000e+00 7.677648155513e-04 6.795445979640e-02 6.194496538333e+01 5.700000000000e+01 1.238960728852e+01 1.710053743537e+01 5.947248269166e+01 7.339081658011e-02 5.698936815266e+01 6.384000000000e+01
21.250000 0.000000000000e+00 7.550747773417e-04 6.683127119247e-02 6.092110462390e+01 8.300000000000e+01 1.218482498460e+01 2.490052855234e+01 7.196055231195e+01 7.217777288786e-02 5.604741625399e+01 9.296000000000e+01
21.300000 0.000000000000e+00 7.425944871123e-04 6.572664727188e-02 5.991416682059e+01 5.500000000000e+01 1.198342743971e+01 1.650051981614e+01 5.745708341029e+01 7.098477905363e-02 5.512103347494e+01 6.160000000000e+01
21.350000 0.000000000000e+00 7.303204780291e-04 6.464028118699e-02 5.892387226024e+01 8.200000000000e+01 1.178535870843e+01 2.460051122433e+01 7.046193613012e+01 6.981150368195e-02 5.420996247942e+01 9.184000000000e+01
21.400000 0.000000000000e+00 7.182493405602e-04 6.357187116193e-02 5.794994585302e+01 5.400000000000e+01 1.159056377008e+01 1.620050277454e+01 5.597497292651e+01 6.865762085488e-02 5.331395018478e+01 6.048000000000e+01
21.450000 0.000000000000e+00 7.063777215284e-04 6.252112040873e-02 5.699211705601e+01 5.300000000000e+01 1.139898851338e+01 1.590049446441e+01 5.499605852801e+01 6.752281004143e-02 5.243274769153e+01 5.936000000000e+01
21.500000 0.000000000000e+00 6.947023231799e-04 6.148773704496e-02 5.605011979801e+01 4.900000000000e+01 1.121057972146e+01 1.470048629163e+01 5.252505989901e+01 6.640675600856e-02 5.156611021417e+01 5.488000000000e+01
21.550000 0.000000000000e+00 6.832199022681e-04 6.047143401256e-02 5.512369240565e+01 5.600000000000e+01 1.102528505705e+01 1.680047825393e+01 5.556184620282e+01 6.530914873357e-02 5.071379701320e+01 6.272000000000e+01
21.600000 0.000000000000e+00 6.719272691530e-04 5.947192899817e-02 5.421257753067e+01 4.800000000000e+01 1.084305304795e+01 1.440047034909e+01 5.110628876534e+01 6.422968331802e-02 4.987557132822e+01 5.376000000000e+01
21.650000 0.000000000000e+00 6.608212869146e-04 5.848894435465e-02 5.331652207850e+01 6.300000000000e+01 1.066383307273e+01 1.890046257490e+01 5.815826103925e+01 6.316805990302e-02 4.905120031222e+01 7.056000000000e+01
21.700000 0.000000000000e+00 6.498988704818e-04 5.752220702400e-02 5.243527713785e+01 5.800000000000e+01 1.048757534667e+01 1.740045492921e+01 5.521763856892e+01 6.212398358592e-02 4.824045496682e+01 6.496000000000e+01
21.750000 0.000000000000e+00 6.391569857758e-04 5.657144846147e-02 5.156859791164e+01 3.800000000000e+01 1.031423090792e+01 1.140044740989e+01 4.478429895582e+01 6.109716433838e-02 4.744311007871e+01 4.256000000000e+01
21.800000 0.000000000000e+00 6.285926488663e-04 5.563640456098e-02 5.071624364897e+01 3.700000000000e+01 1.014375160391e+01 1.110044001485e+01 4.385812182449e+01 6.008731692586e-02 4.665894415706e+01 4.144000000000e+01
21.850000 0.000000000000e+00 6.182029251436e-04 5.471681558177e-02 4.987797757826e+01 5.500000000000e+01 9.976090077991e+00 1.650043274205e+01 5.243898878913e+01 5.909416082831e-02 4.588773937200e+01 6.160000000000e+01
21.900000 0.000000000000e+00 6.079849285028e-04 5.381242607620e-02 4.905356684141e+01 5.500000000000e+01 9.811199756225e+00 1.650042558945e+01 5.202678342071e+01 5.811742016230e-02 4.512928149410e+01 6.160000000000e+01
21.950000 0.000000000000e+00 5.979358205424e-04 5.292298481885e-02 4.824278242921e+01 4.100000000000e+01 9.649034834499e+00 1.230041855507e+01 4.462139121461e+01 5.715682360436e-02 4.438335983488e+01 4.592000000000e+01
22.000000 0.000000000000e+00 5.880528097753e-04 5.204824473669e-02 4.744539911766e+01 4.000000000000e+01 9.489550265779e+00 1.200041163697e+01 4.372269955883e+01 5.621210431563e-02 4.364976718825e+01 4.480000000000e+01
22.050000 0.000000000000e+00 5.783331508542e-04 5.118796284046e-02 4.666119540540e+01 4.800000000000e+01 9.332701747600e+00 1.440040483321e+01 4.733059770270e+01 5.528299986769e-02 4.292829977296e+01 5.376000000000e+01
22.100000 0.000000000000e+00 5.687741438083e-04 5.034190015715e-02 4.588995345221e+01 3.600000000000e+01 9.178445709756e+00 1.080039814190e+01 4.094497672610e+01 5.436925216972e-02 4.221875717603e+01 4.032000000000e+01
22.150000 0.000000000000e+00 5.593731332935e-04 4.950982166366e-02 4.513145901848e+01 3.700000000000e+01 9.026739302203e+00 1.110039156119e+01 4.106572950924e+01 5.347060739676e-02 4.152094229700e+01 4.144000000000e+01
22.200000 0.000000000000e+00 5.501275078548e-04 4.869149622150e-02 4.438550140571e+01 4.300000000000e+01 8.877540383149e+00 1.290038508926e+01 4.369275070286e+01 5.258681591922e-02 4.083466129325e+01 4.816000000000e+01
22.250000 0.000000000000e+00 5.410346992009e-04 4.788669651253e-02 4.365187339795e+01 5.500000000000e+01 8.730807507349e+00 1.650037872429e+01 4.932593669897e+01 5.171763223353e-02 4.015972352611e+01 6.160000000000e+01
22.300000 0.000000000000e+00 5.320921814906e-04 4.709519897590e-02 4.293037120425e+01 5.400000000000e+01 8.586499914596e+00 1.620037246453e+01 4.846518560213e+01 5.086281489397e-02 3.949594150791e+01 6.048000000000e+01
22.350000 0.000000000000e+00 5.232974706314e-04 4.631678374587e-02 4.222079440207e+01 4.400000000000e+01 8.444577518391e+00 1.320036630823e+01 4.311039720104e+01 5.002212644554e-02 3.884313084991e+01 4.928000000000e+01
22.400000 0.000000000000e+00 5.146481235893e-04 4.555123459080e-02 4.152294588158e+01 4.200000000000e+01 8.305000894815e+00 1.260036025369e+01 4.176147294079e+01 4.919533335806e-02 3.820111021105e+01 4.704000000000e+01
22.450000 0.000000000000e+00 5.061417377100e-04 4.479833885302e-02 4.083663179090e+01 3.900000000000e+01 8.167731271570e+00 1.170035429922e+01 3.991831589545e+01 4.838220596127e-02 3.756970124763e+01 4.368000000000e+01
22.500000 0.000000000000e+00 4.977759500520e-04 4.405788738982e-02 4.016166148227e+01 3.000000000000e+01 8.032730517215e+00 9.000348443165e+00 3.508083074114e+01 4.758251838100e-02 3.694872856369e+01 3.360000000000e+01
22.550000 0.000000000000e+00 4.895484367296e-04 4.332967451529e-02 3.949784745909e+01 4.000000000000e+01 7.899961130567e+00 1.200034268391e+01 3.974892372954e+01 4.679604847652e-02 3.633801966236e+01 4.480000000000e+01
22.600000 0.000000000000e+00 4.814569122677e-04 4.261349794324e-02 3.884500532379e+01 4.400000000000e+01 7.769386230288e+00 1.320033701984e+01 4.142250266190e+01 4.602257777870e-02 3.573740489789e+01 4.928000000000e+01
22.650000 0.000000000000e+00 4.734991289668e-04 4.190915873098e-02 3.820295372669e+01 4.300000000000e+01 7.640969544641e+00 1.290033144939e+01 4.060147686335e+01 4.526189142946e-02 3.514671742855e+01 4.816000000000e+01
22.700000 0.000000000000e+00 4.656728762787e-04 4.121646122404e-02 3.757151431554e+01 4.500000000000e+01 7.514675401408e+00 1.350032597101e+01 4.128575715777e+01 4.451377812196e-02 3.456579317029e+01 5.040000000000e+01
22.750000 0.000000000000e+00 4.579759801925e-04 4.053521300186e-02 3.695051168601e+01 2.700000000000e+01 7.390468717986e+00 8.100320583186e+00 3.197525584300e+01 4.377803004201e-02 3.399447075113e+01 3.024000000000e+01
22.800000 0.000000000000e+00 4.504063026304e-04 3.986522482431e-02 3.633977333298e+01 5.000000000000e+01 7.268314991638e+00 1.500031528441e+01 4.316988666649e+01 4.305444281025e-02 3.343259146634e+01 5.600000000000e+01
22.850000 0.000000000000e+00 4.429617408543e-04 3.920631057912e-02 3.573912960260e+01 4.300000000000e+01 7.148180289913e+00 1.290031007322e+01 3.936956480130e+01 4.234281542545e-02 3.287999923439e+01 4.816000000000e+01
22.900000 0.000000000000e+00 4.356402268809e-04 3.855828723020e-02 3.514841364516e+01 5.000000000000e+01 7.030031241213e+00 1.500030494816e+01 4.257420682258e+01 4.164295020862e-02 3.233654055354e+01 5.600000000000e+01
22.950000 0.000000000000e+00 4.284397269081e-04 3.792097476679e-02 3.456746136874e+01 3.300000000000e+01 6.913835025529e+00 9.900299907809e+00 3.378373068437e+01 4.095465274814e-02 3.180206445924e+01 3.696000000000e+01
23.000000 0.000000000000e+00 4.213582407494e-04 3.729419615345e-02 3.399611139365e+01 3.100000000000e+01 6.799559365322e+00 9.300294950769e+00 3.249805569682e+01 4.027773184572e-02 3.127642248216e+01 3.472000000000e+01
23.050000 0.000000000000e+00 4.143938012786e-04 3.667777728085e-02 3.343420500757e+01 4.100000000000e+01 6.687172516554e+00 1.230029007566e+01 3.721710250378e+01 3.961199946332e-02 3.075946860696e+01 4.592000000000e+01
23.100000 0.000000000000e+00 4.075444738834e-04 3.607154691749e-02 3.288158612148e+01 3.000000000000e+01 6.576643259875e+00 9.000285281132e+00 3.144079306074e+01 3.895727067089e-02 3.025105923176e+01 3.360000000000e+01
23.150000 0.000000000000e+00 4.008083559277e-04 3.547533666204e-02 3.233810122630e+01 4.100000000000e+01 6.467940891944e+00 1.230028056585e+01 3.666905061315e+01 3.831336359500e-02 2.975105312819e+01 4.592000000000e+01
23.200000 0.000000000000e+00 3.941835762233e-04 3.488898089662e-02 3.180359935023e+01 2.000000000000e+01 6.361035216908e+00 6.000275928503e+00 2.590179967512e+01 3.768009936835e-02 2.925931140222e+01 2.240000000000e+01
23.250000 0.000000000000e+00 3.876682945101e-04 3.431231674078e-02 3.127793201685e+01 2.100000000000e+01 6.255896538005e+00 6.300271367806e+00 2.613896600842e+01 3.705730208004e-02 2.877569745550e+01 2.352000000000e+01
23.300000 0.000000000000e+00 3.812607009447e-04 3.374518400624e-02 3.076095320381e+01 3.100000000000e+01 6.152495649323e+00 9.300266882491e+00 3.088047660191e+01 3.644479872674e-02 2.830007694751e+01 3.472000000000e+01
23.350000 0.000000000000e+00 3.749590155980e-04 3.318742515240e-02 3.025251930234e+01 3.300000000000e+01 6.050803827680e+00 9.900262471311e+00 3.162625965117e+01 3.584241916459e-02 2.783231775815e+01 3.696000000000e+01
23.400000 0.000000000000e+00 3.687614879606e-04 3.263888524259e-02 2.975248907730e+01 3.100000000000e+01 5.950792824651e+00 9.300258133042e+00 3.037624453865e+01 3.524999606199e-02 2.737228995112e+01 3.472000000000e+01
23.450000 0.000000000000e+00 3.626663964562e-04 3.209941190101e-02 2.926072362799e+01 1.900000000000e+01 5.852434858716e+00 5.700253866478e+00 2.413036181400e+01 3.466736485310e-02 2.691986573775e+01 2.128000000000e+01
23.500000 0.000000000000e+00 3.566720479641e-04 3.156885527044e-02 2.877708634953e+01 2.300000000000e+01 5.755702607544e+00 6.900249670434e+00 2.588854317476e+01 3.409436369207e-02 2.647491944157e+01 2.576000000000e+01
23.550000 0.000000000000e+00 3.507767773481e-04 3.104706797054e-02 2.830144289493e+01 3.300000000000e+01 5.660569200407e+00 9.900245543744e+00 3.065072144746e+01 3.353083340818e-02 2.603732746333e+01 3.696000000000e+01
23.600000 0.000000000000e+00 3.449789469945e-04 3.053390505699e-02 2.783366113776e+01 3.100000000000e+01 5.567008210709e+00 9.300241485263e+00 2.941683056888e+01 3.297661746155e-02 2.560696824674e+01 3.472000000000e+01
23.650000 0.000000000000e+00 3.392769463569e-04 3.002922398118e-02 2.737361113547e+01 2.900000000000e+01 5.474993648652e+00 8.700237493862e+00 2.818680556774e+01 3.243156189967e-02 2.518372224463e+01 3.248000000000e+01
23.700000 0.000000000000e+00 3.336691915091e-04 2.953288455061e-02 2.692116509328e+01 2.000000000000e+01 5.384499954008e+00 6.000233568434e+00 2.346058254664e+01 3.189551531466e-02 2.476747188581e+01 2.240000000000e+01
23.750000 0.000000000000e+00 3.281541247046e-04 2.904474889000e-02 2.647619732865e+01 3.100000000000e+01 5.295501989029e+00 9.300229707887e+00 2.873809866432e+01 3.136832880120e-02 2.435810154236e+01 3.472000000000e+01
23.800000 0.000000000000e+00 3.227302139445e-04 2.856468140290e-02 2.603858423642e+01 2.800000000000e+01 5.207975031455e+00 8.400225911150e+00 2.701929211821e+01 3.084985591513e-02 2.395549749751e+01 3.136000000000e+01
23.850000 0.000000000000e+00 3.173959525515e-04 2.809254873410e-02 2.560820425445e+01 2.800000000000e+01 5.121894767652e+00 8.400222177167e+00 2.680410212722e+01 3.033995263283e-02 2.355954791409e+01 3.136000000000e+01
23.900000 0.000000000000e+00 3.121498587515e-04 2.762821973256e-02 2.518493782983e+01 2.600000000000e+01 5.037237285853e+00 7.800218504901e+00 2.559246891492e+01 2.983847731117e-02 2.317014280345e+01 2.912000000000e+01
23.950000 0.000000000000e+00 3.069904752620e-04 2.717156541498e-02 2.476866738572e+01 2.400000000000e+01 4.953979069524e+00 7.200214893333e+00 2.438433369286e+01 2.934529064818e-02 2.278717399486e+01 2.688000000000e+01
24.000000 0.000000000000e+00 3.019163688874e-04 2.672245892995e-02 2.435927728863e+01 1.200000000000e+01 4.872096990820e+00 3.600211341458e+00 1.817963864431e+01 2.886025564435e-02 2.241053510554e+01 1.344000000000e+01
24.050000 0.000000000000e+00 2.969261301205e-04 2.628077552276e-02 2.395665381634e+01 2.500000000000e+01 4.791568304172e+00 7.500207848291e+00 2.447832690817e+01 2.838323756458e-02 2.204012151103e+01 2.800000000000e+01
24.100000 0.000000000000e+00 2.920183727515e-04 2.584639250068e-02 2.356068512630e+01 3.100000000000e+01 4.712370639959e+00 9.300204412861e+00 2.728034256315e+01 2.791410390073e-02 2.167583031620e+01 3.472000000000e+01
24.150000 0.000000000000e+00 2.871917334824e-04 2.541918919894e-02 2.317126122456e+01 2.000000000000e+01 4.634481998300e+00 6.000201034213e+00 2.158563061228e+01 2.745272433485e-02 2.131756032660e+01 2.240000000000e+01
24.200000 0.000000000000e+00 2.824448715487e-04 2.499904694717e-02 2.278827393521e+01 1.600000000000e+01 4.557880742940e+00 4.800197711410e+00 1.939413696761e+01 2.699897070295e-02 2.096521202040e+01 1.792000000000e+01
24.250000 0.000000000000e+00 2.777764683468e-04 2.458584903647e-02 2.241161687034e+01 2.800000000000e+01 4.482545595242e+00 8.400194443528e+00 2.520580843517e+01 2.655271695939e-02 2.061868752071e+01 3.136000000000e+01
24.300000 0.000000000000e+00 2.731852270677e-04 2.417948068695e-02 2.204118540046e+01 3.100000000000e+01 4.408455628273e+00 9.300191229659e+00 2.652059270023e+01 2.611383914190e-02 2.027789056842e+01 3.472000000000e+01
24.350000 0.000000000000e+00 2.686698723367e-04 2.377982901586e-02 2.167687662548e+01 2.000000000000e+01 4.335590260993e+00 6.000188068911e+00 2.083843831274e+01 2.568221533713e-02 1.994272649544e+01 2.240000000000e+01
24.400000 0.000000000000e+00 2.642291498592e-04 2.338678300627e-02 2.131858934609e+01 2.600000000000e+01 4.263929252538e+00 7.800184960405e+00 2.365929467305e+01 2.525772564677e-02 1.961310219840e+01 2.912000000000e+01
24.450000 0.000000000000e+00 2.598618260725e-04 2.300023347616e-02 2.096622403567e+01 1.200000000000e+01 4.193452696596e+00 3.600181903278e+00 1.648311201784e+01 2.484025215426e-02 1.928892611282e+01 1.344000000000e+01
24.500000 0.000000000000e+00 2.555666878027e-04 2.262007304817e-02 2.061968281263e+01 1.500000000000e+01 4.124141015876e+00 4.500178896681e+00 1.780984140632e+01 2.442967889202e-02 1.897010818762e+01 1.680000000000e+01
24.550000 0.000000000000e+00 2.513425419278e-04 2.224619611970e-02 2.027886941321e+01 2.300000000000e+01 4.055974956676e+00 6.900175939779e+00 2.163943470661e+01 2.402589180928e-02 1.865655986016e+01 2.576000000000e+01
24.600000 0.000000000000e+00 2.471882150468e-04 2.187849883363e-02 1.994368916478e+01 1.800000000000e+01 3.988935583528e+00 5.400173031751e+00 1.897184458239e+01 2.362877874032e-02 1.834819403160e+01 2.016000000000e+01
24.650000 0.000000000000e+00 2.431025531528e-04 2.151687904943e-02 1.961404895948e+01 1.700000000000e+01 3.923004273938e+00 5.100170171787e+00 1.830702447974e+01 2.323822937338e-02 1.804492504272e+01 1.904000000000e+01
24.700000 0.000000000000e+00 2.390844213134e-04 2.116123631482e-02 1.928985722841e+01 1.900000000000e+01 3.858162713219e+00 5.700167359095e+00 1.914492861420e+01 2.285413522001e-02 1.774666865013e+01 2.128000000000e+01
24.750000 0.000000000000e+00 2.351327033547e-04 2.081147183785e-02 1.897102391617e+01 1.500000000000e+01 3.794392889397e+00 4.500164592892e+00 1.698551195809e+01 2.247638958488e-02 1.745334200288e+01 1.680000000000e+01
24.800000 0.000000000000e+00 2.312463015518e-04 2.046748845945e-02 1.865746045585e+01 2.000000000000e+01 3.731677088211e+00 6.000161872411e+00 1.932873022793e+01 2.210488753621e-02 1.716486361938e+01 2.240000000000e+01
24.850000 0.000000000000e+00 2.274241363233e-04 2.012919062645e-02 1.834907974442e+01 1.600000000000e+01 3.669997888193e+00 4.800159196895e+00 1.717453987221e+01 2.173952587657e-02 1.688115336487e+01 1.792000000000e+01
24.900000 0.000000000000e+00 2.236651459320e-04 1.979648436504e-02 1.804579611853e+01 2.600000000000e+01 3.609338155824e+00 7.800156565602e+00 2.202289805927e+01 2.138020311425e-02 1.660213242905e+01 2.912000000000e+01
24.950000 0.000000000000e+00 2.199682861895e-04 1.946927725467e-02 1.774752533075e+01 2.000000000000e+01 3.549681040779e+00 6.000153977800e+00 1.887376266537e+01 2.102681943504e-02 1.632772330429e+01 2.240000000000e+01
25.000000 0.000000000000e+00 2.163325301664e-04 1.914747840234e-02 1.745418452610e+01 2.100000000000e+01 3.491009971244e+00 6.300151432771e+00 1.922709226305e+01 2.067927667452e-02 1.605784976401e+01 2.352000000000e+01
25.050000 0.000000000000e+00 2.127568679068e-04 1.883099841740e-02 1.716569221911e+01 1.400000000000e+01 3.433308649316e+00 4.200148929808e+00 1.558284610955e+01 2.033747829079e-02 1.579243684158e+01 1.568000000000e+01
25.100000 0.000000000000e+00 2.092403061483e-04 1.851974938670e-02 1.688196827112e+01 1.600000000000e+01 3.376561046469e+00 4.800146468214e+00 1.644098413556e+01 2.000132933764e-02 1.553141080943e+01 1.792000000000e+01
25.150000 0.000000000000e+00 2.057818680452e-04 1.821364485017e-02 1.660293386807e+01 1.900000000000e+01 3.320751399108e+00 5.700144047308e+00 1.780146693403e+01 1.967073643818e-02 1.527469915862e+01 2.128000000000e+01
25.200000 0.000000000000e+00 2.023805928980e-04 1.791259977677e-02 1.632851149856e+01 2.400000000000e+01 3.265864204187e+00 7.200141666415e+00 2.016425574928e+01 1.934560775892e-02 1.502223057868e+01 2.688000000000e+01
25.250000 0.000000000000e+00 1.990355358860e-04 1.761653054094e-02 1.605862493237e+01 1.700000000000e+01 3.211884214902e+00 5.100139324875e+00 1.652931246618e+01 1.902585298422e-02 1.477393493778e+01 1.904000000000e+01
25.300000 0.000000000000e+00 1.957457678051e-04 1.732535489931e-02 1.579319919923e+01 1.800000000000e+01 3.158796436460e+00 5.400137022037e+00 1.689659959961e+01 1.871138329125e-02 1.452974326329e+01 2.016000000000e+01
25.350000 0.000000000000e+00 1.925103748096e-04 1.703899196786e-02 1.553216056804e+01 1.100000000000e+01 3.106586121907e+00 3.300134757262e+00 1.326608028402e+01 1.840211132529e-02 1.428958772259e+01 1.232000000000e+01
25.400000 0.000000000000e+00 1.893284581582e-04 1.675736219950e-02 1.527543652635e+01 1.900000000000e+01 3.055238768036e+00 5.700132529921e+00 1.713771826317e+01 1.809795117546e-02 1.405340160424e+01 2.128000000000e+01
25.450000 0.000000000000e+00 1.861991339646e-04 1.648038736190e-02 1.502295576025e+01 1.600000000000e+01 3.004740111357e+00 4.800130339394e+00 1.551147788012e+01 1.779881835085e-02 1.382111929943e+01 1.792000000000e+01
25.500000 0.000000000000e+00 1.831215329519e-04 1.620799051582e-02 1.477464813455e+01 1.500000000000e+01 2.955076124136e+00 4.500128185073e+00 1.488732406727e+01 1.750462975709e-02 1.359267628378e+01 1.680000000000e+01
25.550000 0.000000000000e+00 1.800948002111e-04 1.594009599372e-02 1.453044467328e+01 1.300000000000e+01 2.906233010496e+00 3.900126066360e+00 1.376522233664e+01 1.721530367321e-02 1.336800909942e+01 1.456000000000e+01
25.600000 0.000000000000e+00 1.771180949635e-04 1.567662937871e-02 1.429027754055e+01 1.500000000000e+01 2.858197202587e+00 4.500123982666e+00 1.464513877028e+01 1.693075972901e-02 1.314705533731e+01 1.680000000000e+01