# names: raw; raw_scaled; convolved; noisy; raw_x1.10; raw_scaled_x0.90; convolved_x1.05; noisy_x0.85; raw_x0.75; convolved_x0.90
0.000000 1.758749542595e-70 1.000000000000e+00 8.850947376066e+01 0.000000000000e+00 0.000000000000e+00 1.100000000000e+00 7.965852638460e+01 0.000000000000e+00 0.000000000000e+00 7.500000000000e-01 0.000000000000e+00
0.050000 1.257672382878e-66 9.802472508895e-01 8.676116833157e+01 1.391639748605e-63 0.000000000000e+00 1.078271975978e+00 7.808505149841e+01 1.461221736035e-63 0.000000000000e+00 7.351854381671e-01 1.252475773744e-63
0.100000 7.004182134319e-63 9.609782322374e-01 8.505567763078e+01 7.751934050528e-60 0.000000000000e+00 1.057076055461e+00 7.655010986771e+01 8.139530753054e-60 0.000000000000e+00 7.207336741781e-01 6.976740645475e-60
0.150000 3.037901698790e-59 9.421772796931e-01 8.339161521489e+01 3.362558003718e-56 0.000000000000e+00 1.036395007662e+00 7.505245369340e+01 3.530685903904e-56 0.000000000000e+00 7.066329597699e-01 3.026302203346e-56
0.200000 1.026163072792e-55 9.238293618363e-01 8.176765066078e+01 1.135973498282e-52 0.000000000000e+00 1.016212298020e+00 7.359088559470e+01 1.192772173196e-52 0.000000000000e+00 6.928720213772e-01 1.022376148454e-52
0.250000 2.699513024589e-52 9.059200514735e-01 8.018250702516e+01 2.988882389005e-49 0.000000000000e+00 9.965120566209e-01 7.216425632264e+01 3.138326508456e-49 0.000000000000e+00 6.794400386051e-01 2.689994150105e-49
0.300000 5.530709549845e-49 8.884354983005e-01 7.863495842487e+01 6.124859902505e-46 0.000000000000e+00 9.772790481306e-01 7.077146258239e+01 6.431102897630e-46 0.000000000000e+00 6.663266237254e-01 5.512373912254e-46
0.350000 8.824754974595e-46 8.713624028611e-01 7.712382773206e+01 9.775432248771e-43 0.000000000000e+00 9.584986431472e-01 6.941144495886e+01 1.026420386121e-42 0.000000000000e+00 6.535218021458e-01 8.797889023894e-43
0.400000 1.096606559389e-42 8.546879917422e-01 7.564798437866e+01 1.215166160413e-39 0.000000000000e+00 9.401567909164e-01 6.808318594080e+01 1.275924468434e-39 0.000000000000e+00 6.410159938067e-01 1.093649544372e-39
0.450000 1.061268813915e-39 8.383999939447e-01 7.420634226499e+01 1.176534752278e-36 0.000000000000e+00 9.222399933392e-01 6.678570803849e+01 1.235361489892e-36 0.000000000000e+00 6.287999954585e-01 1.058881277050e-36
0.500000 7.998827757007e-37 8.224866183728e-01 7.279785776737e+01 8.872693010551e-34 0.000000000000e+00 9.047352802101e-01 6.551807199063e+01 9.316327661078e-34 0.000000000000e+00 6.168649637796e-01 7.985423709496e-34
0.550000 4.695195357975e-34 8.069365323885e-01 7.142152783996e+01 5.211988159875e-31 0.000000000000e+00 8.876301856273e-01 6.427937505596e+01 5.472587567869e-31 0.000000000000e+00 6.052023992914e-01 4.690789343888e-31
0.600000 2.146383735663e-31 7.917388413796e-01 7.007638820638e+01 2.384892233310e-28 0.000000000000e+00 8.709127255175e-01 6.306874938575e+01 2.504136844976e-28 0.000000000000e+00 5.938041310347e-01 2.146403009979e-28
0.650000 7.641655411587e-29 7.768830692924e-01 6.876151163664e+01 8.501141934629e-26 0.000000000000e+00 8.545713762216e-01 6.188536047297e+01 8.926199031361e-26 0.000000000000e+00 5.826623019693e-01 7.651027741166e-26
0.700000 2.118819253509e-26 7.623591400822e-01 6.747600630531e+01 2.360815426393e-23 0.000000000000e+00 8.385950540905e-01 6.072840567478e+01 2.478856197712e-23 0.000000000000e+00 5.717693550617e-01 2.124733883754e-23
0.750000 4.575375590521e-24 7.481573600384e-01 6.621901422716e+01 5.108171820641e-21 0.000000000000e+00 8.229730960422e-01 5.959711280445e+01 5.363580411674e-21 0.000000000000e+00 5.611180200288e-01 4.597354638577e-21
0.800000 7.694598626706e-22 7.342684009399e-01 6.498970976627e+01 8.612754315104e-19 0.000000000000e+00 8.076952410339e-01 5.849073878965e+01 9.043392030859e-19 0.000000000000e+00 5.507013007049e-01 7.751478883594e-19
0.850000 1.007793539430e-19 7.206832840041e-01 6.378729821531e+01 1.131778490810e-16 0.000000000000e+00 7.927516124045e-01 5.740856839378e+01 1.188367415351e-16 0.000000000000e+00 5.405124630030e-01 1.018600641729e-16
0.900000 1.027977357167e-17 7.073933645876e-01 6.261101444143e+01 1.159345598280e-14 0.000000000000e+00 7.781327010464e-01 5.634991299729e+01 1.217312878194e-14 0.000000000000e+00 5.305450234407e-01 1.043411038452e-14
0.950000 8.166235631670e-16 6.943903176057e-01 6.146012159578e+01 9.259995620515e-13 0.000000000000e+00 7.638293493663e-01 5.531410943620e+01 9.722995401541e-13 0.000000000000e+00 5.207927382043e-01 8.333996058463e-13
1.000000 5.052271083537e-14 6.816661236336e-01 6.033390988328e+01 5.769008273683e-11 0.000000000000e+00 7.498327359969e-01 5.430051889495e+01 6.057458687368e-11 0.000000000000e+00 5.112495927252e-01 5.192107446315e-11
1.050000 2.434320533029e-12 6.692130556580e-01 5.923169539005e+01 2.804598702774e-09 0.000000000000e+00 7.361343612238e-01 5.330852585105e+01 2.944828637912e-09 0.000000000000e+00 5.019097917435e-01 2.524138832496e-09
1.100000 9.134720408365e-11 6.570236664476e-01 5.815281896558e+01 1.064529291668e-07 0.000000000000e+00 7.227260330924e-01 5.233753706902e+01 1.117755756252e-07 0.000000000000e+00 4.927677498357e-01 9.580763625015e-08
1.150000 2.669556614763e-09 6.450907765124e-01 5.709664515697e+01 3.156931232055e-06 0.000000000000e+00 7.095998541636e-01 5.138698064127e+01 3.314777793658e-06 0.000000000000e+00 4.838180823843e-01 2.841238108850e-06
1.200000 6.075882849823e-08 6.334074626233e-01 5.606256119286e+01 7.321141542133e-05 0.000000000000e+00 6.967482088856e-01 5.045630507358e+01 7.687198619240e-05 0.000000000000e+00 4.750555969675e-01 6.589027387920e-05
1.250000 1.076976004254e-06 6.219670468664e-01 5.504997601462e+01 1.329191958603e-03 0.000000000000e+00 6.841637515531e-01 4.954497841316e+01 1.395651556533e-03 0.000000000000e+00 4.664752851498e-01 1.196272762743e-03
1.300000 1.486719514734e-05 6.107630862048e-01 5.405831935242e+01 1.891954190573e-02 0.000000000000e+00 6.718393948252e-01 4.865248741718e+01 1.986551900102e-02 0.000000000000e+00 4.580723146536e-01 1.702758771516e-02
1.350000 1.598374110691e-04 5.997893625242e-01 5.308704084426e+01 2.115088323794e-01 0.000000000000e+00 6.597682987766e-01 4.777833675983e+01 2.220842739983e-01 0.000000000000e+00 4.498420218931e-01 1.903579491414e-01
1.400000 1.338302257649e-03 5.890398731399e-01 5.213560919566e+01 1.861335861636e+00 3.000000000000e+00 6.479438604539e-01 4.692204827610e+01 1.954402654718e+00 2.550000000000e+00 4.417799048549e-01 1.675202275472e+00
1.450000 8.726826950458e-03 5.785088217416e-01 5.120351137825e+01 1.293110318549e+01 1.000000000000e+01 6.363597039158e-01 4.608316024043e+01 1.357765834477e+01 8.500000000000e+00 4.338816163062e-01 1.163799286694e+01
1.500000 4.431848411938e-02 5.681906097562e-01 5.029025186527e+01 7.117297154929e+01 6.600000000000e+01 6.250096707318e-01 4.526122667875e+01 7.473162012675e+01 5.610000000000e+01 4.261429573172e-01 6.405567439436e+01
1.550000 1.752830049357e-01 5.580798281081e-01 4.939535190229e+01 3.117611823011e+02 3.050000000000e+02 6.138878109190e-01 4.445581671206e+01 3.273492414162e+02 2.592500000000e+02 4.185598710811e-01 2.805850640710e+02
1.600000 5.399096651319e-01 5.481712493585e-01 4.851834881145e+01 1.093052607468e+03 1.095000000000e+03 6.029883742943e-01 4.366651393030e+01 1.147705237841e+03 9.307500000000e+02 4.111284370189e-01 9.837473467208e+02
1.650000 1.295175956659e+00 5.384598202045e-01 4.765879532756e+01 3.090003785604e+03 3.126000000000e+03 5.923058022250e-01 4.289291579481e+01 3.244503974885e+03 2.657100000000e+03 4.038448651534e-01 2.781003407044e+03
1.700000 2.419707245191e+00 5.289406543226e-01 4.681625896471e+01 7.110908325115e+03 7.117000000000e+03 5.818347197548e-01 4.213463306824e+01 7.466453741371e+03 6.049450000000e+03 3.967054907419e-01 6.399817492604e+03
1.750000 3.520653267643e+00 5.196090255381e-01 4.599032141167e+01 1.349042480521e+04 1.342600000000e+04 5.715699280919e-01 4.139128927050e+01 1.416494604547e+04 1.141210000000e+04 3.897067691536e-01 1.214138232469e+04
1.800000 3.989422804014e+00 5.104603613068e-01 4.518057795494e+01 2.145743925773e+04 2.151900000000e+04 5.615063974375e-01 4.066252015945e+01 2.253031122062e+04 1.829115000000e+04 3.828452709801e-01 1.931169533196e+04
1.850000 3.520653267643e+00 5.014902364926e-01 4.438663692807e+01 2.925839639653e+04 2.938500000000e+04 5.516392601419e-01 3.994797323526e+01 3.072131621636e+04 2.497725000000e+04 3.761176773695e-01 2.633255675688e+04
1.900000 2.419707245191e+00 4.926943674281e-01 4.360811918590e+01 3.518110436429e+04 3.520600000000e+04 5.419638041709e-01 3.924730726731e+01 3.694015958250e+04 2.992510000000e+04 3.695207755711e-01 3.166299392786e+04
1.950000 1.295175956659e+00 4.840686062436e-01 4.284465760268e+01 3.855154258167e+04 3.823500000000e+04 5.324754668679e-01 3.856019184241e+01 4.047911971075e+04 3.249975000000e+04 3.630514546827e-01 3.469638832350e+04
2.000000 5.399096651319e-01 4.756089354530e-01 4.209589659281e+01 3.980339995411e+04 3.997700000000e+04 5.231698289983e-01 3.788630693353e+01 4.179356995182e+04 3.398045000000e+04 3.567067015897e-01 3.582305995870e+04
2.050000 1.752830049357e-01 4.673114627835e-01 4.136149165329e+01 3.981124355770e+04 3.989500000000e+04 5.140426090618e-01 3.722534248796e+01 4.180180573559e+04 3.391075000000e+04 3.504835970876e-01 3.583011920193e+04
2.100000 4.431848411938e-02 4.591724162376e-01 4.064110892660e+01 3.928170904857e+04 3.952100000000e+04 5.050896578613e-01 3.657699803394e+01 4.124579450100e+04 3.359285000000e+04 3.443793121782e-01 3.535353814372e+04
2.150000 8.726826950458e-03 4.511881393769e-01 3.993442478330e+01 3.858415977354e+04 3.848100000000e+04 4.963069533146e-01 3.594098230497e+01 4.051336776222e+04 3.270885000000e+04 3.383911045327e-01 3.472574379619e+04
2.200000 1.338302257649e-03 4.433550868171e-01 3.924112542329e+01 3.785635398630e+04 3.772000000000e+04 4.876905954988e-01 3.531701288096e+01 3.974917168561e+04 3.206200000000e+04 3.325163151128e-01 3.407071858767e+04
2.250000 1.598374110691e-04 4.356698199231e-01 3.856090649480e+01 3.713615295801e+04 3.676900000000e+04 4.792368019154e-01 3.470481584532e+01 3.899296060591e+04 3.125365000000e+04 3.267523649423e-01 3.342253766221e+04
2.300000 1.486719514734e-05 4.281290026971e-01 3.789347273040e+01 3.643110000985e+04 3.641300000000e+04 4.709419029668e-01 3.410412545736e+01 3.825265501034e+04 3.095105000000e+04 3.210967520228e-01 3.278799000886e+04
2.350000 1.076976004254e-06 4.207293978478e-01 3.723853759915e+01 3.574198687950e+04 3.550600000000e+04 4.628023376326e-01 3.351468383924e+01 3.752908622348e+04 3.018010000000e+04 3.155470483859e-01 3.216778819155e+04
2.400000 6.075882849823e-08 4.134678630344e-01 3.659582297412e+01 3.506848958734e+04 3.508300000000e+04 4.548146493379e-01 3.293624067671e+01 3.682191406671e+04 2.982055000000e+04 3.101008972758e-01 3.156164062861e+04
2.450000 2.669556614763e-09 4.063413472760e-01 3.596505881460e+01 3.441015811138e+04 3.421800000000e+04 4.469754820036e-01 3.236855293314e+01 3.613066601695e+04 2.908530000000e+04 3.047560104570e-01 3.096914230024e+04
2.500000 9.134720408365e-11 3.993468875188e-01 3.534598286224e+01 3.376654609513e+04 3.323100000000e+04 4.392815762706e-01 3.181138457602e+01 3.545487339988e+04 2.824635000000e+04 2.995101656391e-01 3.038989148561e+04
2.550000 2.434320533029e-12 3.924816053540e-01 3.473834035062e+01 3.313722311615e+04 3.311400000000e+04 4.317297658894e-01 3.126450631556e+01 3.479408427196e+04 2.814690000000e+04 2.943612040155e-01 2.982350080454e+04
2.600000 5.052271083537e-14 3.857427038792e-01 3.414188372737e+01 3.252177493551e+04 3.244800000000e+04 4.243169742672e-01 3.072769535463e+01 3.414786368229e+04 2.758080000000e+04 2.893070279094e-01 2.926959744196e+04
2.650000 8.166235631669e-16 3.791274646965e-01 3.355637238851e+01 3.191980284262e+04 3.211400000000e+04 4.170402111662e-01 3.020073514966e+01 3.351579298475e+04 2.729690000000e+04 2.843455985224e-01 2.872782255836e+04
2.700000 1.027977357167e-17 3.726332450405e-01 3.298157242426e+01 3.133092297769e+04 3.098400000000e+04 4.098965695446e-01 2.968341518184e+01 3.289746912657e+04 2.633640000000e+04 2.794749337804e-01 2.819783067992e+04
2.750000 1.007793539430e-19 3.662574750310e-01 3.241725637591e+01 3.075476568349e+04 3.100400000000e+04 4.028832225341e-01 2.917553073832e+01 3.229250396766e+04 2.635340000000e+04 2.746931062733e-01 2.767928911514e+04
2.800000 7.694598626706e-22 3.599976550443e-01 3.186320300304e+01 3.019097488732e+04 3.027300000000e+04 3.959974205487e-01 2.867688270274e+01 3.170052363169e+04 2.573205000000e+04 2.699982412832e-01 2.717187739859e+04
2.850000 4.575375590521e-24 3.538513531965e-01 3.131919706092e+01 2.963920751200e+04 2.950700000000e+04 3.892364885162e-01 2.818727735483e+01 3.112116788760e+04 2.508095000000e+04 2.653885148974e-01 2.667528676080e+04
2.900000 2.118819253509e-26 3.478162029360e-01 3.078502908730e+01 2.909913291423e+04 2.909300000000e+04 3.825978232296e-01 2.770652617857e+01 3.055408955995e+04 2.472905000000e+04 2.608621522020e-01 2.618921962281e+04
2.950000 7.641655411587e-29 3.418899007367e-01 3.026049519829e+01 2.857043234931e+04 2.879100000000e+04 3.760788908104e-01 2.723444567846e+01 2.999895396678e+04 2.447235000000e+04 2.564174255525e-01 2.571338911438e+04
3.000000 2.146383735663e-31 3.360702038911e-01 2.974539689304e+01 2.805279846063e+04 2.812800000000e+04 3.696772242802e-01 2.677085720373e+01 2.945543838367e+04 2.390880000000e+04 2.520526529183e-01 2.524751861457e+04
3.050000 4.695195357975e-34 3.303549283951e-01 2.923954086649e+01 2.754593479303e+04 2.756600000000e+04 3.633904212346e-01 2.631558677984e+01 2.892323153269e+04 2.343110000000e+04 2.477661962963e-01 2.479134131373e+04
3.100000 7.998827757007e-37 3.247419469230e-01 2.874273883016e+01 2.704955532868e+04 2.690300000000e+04 3.572161416153e-01 2.586846494715e+01 2.840203309512e+04 2.286755000000e+04 2.435564601922e-01 2.434459979582e+04
3.150000 1.061268813915e-39 3.192291868867e-01 2.825480734039e+01 2.656338404452e+04 2.651700000000e+04 3.511521055754e-01 2.542932660635e+01 2.789155324675e+04 2.253945000000e+04 2.394218901651e-01 2.390704564007e+04
3.200000 1.096606559389e-42 3.138146285767e-01 2.777556763372e+01 2.608715449017e+04 2.602900000000e+04 3.451960914344e-01 2.499801087035e+01 2.739151221468e+04 2.212465000000e+04 2.353609714325e-01 2.347843904116e+04
3.250000 8.824754974595e-46 3.084963033792e-01 2.730484546921e+01 2.562060938534e+04 2.567400000000e+04 3.393459337172e-01 2.457436092229e+01 2.690163985460e+04 2.182290000000e+04 2.313722275344e-01 2.305854844680e+04
3.300000 5.530709549844e-49 3.032722920684e-01 2.684247097716e+01 2.516350023581e+04 2.525800000000e+04 3.335995212752e-01 2.415822387945e+01 2.642167524760e+04 2.146930000000e+04 2.274542190513e-01 2.264715021223e+04
3.350000 2.699513024589e-52 2.981407231678e-01 2.638827851421e+01 2.471558696714e+04 2.499200000000e+04 3.279547954846e-01 2.374945066279e+01 2.595136631549e+04 2.124320000000e+04 2.236055423759e-01 2.224402827042e+04
3.400000 1.026163072792e-55 2.930997713799e-01 2.594210652421e+01 2.427663757512e+04 2.426600000000e+04 3.224097485179e-01 2.334789587179e+01 2.549046945388e+04 2.062610000000e+04 2.198248285350e-01 2.184897381761e+04
3.450000 3.037901698790e-59 2.881476560790e-01 2.550379740492e+01 2.384642779239e+04 2.372600000000e+04 3.169624216869e-01 2.295341766443e+01 2.503874918201e+04 2.016710000000e+04 2.161107420592e-01 2.146178501315e+04
3.500000 7.004182134319e-63 2.832826398654e-01 2.507319738002e+01 2.342474077019e+04 2.335200000000e+04 3.116109038519e-01 2.256587764201e+01 2.459597780869e+04 1.984920000000e+04 2.124619798990e-01 2.108226669317e+04
3.550000 1.257672382878e-66 2.785030271786e-01 2.465015637633e+01 2.301136677471e+04 2.334500000000e+04 3.063533298965e-01 2.218514073870e+01 2.416193511345e+04 1.984325000000e+04 2.088772703840e-01 2.071023009724e+04
3.600000 1.758749542595e-70 2.738071629657e-01 2.423452790600e+01 2.260610289737e+04 2.270300000000e+04 3.011878792623e-01 2.181107511540e+01 2.373640804224e+04 1.929755000000e+04 2.053553722243e-01 2.034549260764e+04
3.650000 1.915432491672e-74 2.691934314026e-01 2.382616895327e+01 2.220875277812e+04 2.208300000000e+04 2.961127745429e-01 2.144355205795e+01 2.331919041703e+04 1.877055000000e+04 2.018950735520e-01 1.998787750031e+04
3.700000 1.624636036774e-78 2.646602546672e-01 2.342493986595e+01 2.181912634144e+04 2.186400000000e+04 2.911262801339e-01 2.108244587936e+01 2.291008265851e+04 1.858440000000e+04 1.984951910004e-01 1.963721370730e+04
3.750000 1.073177834068e-82 2.602060917598e-01 2.303070425098e+01 2.143703954424e+04 2.156400000000e+04 2.862267009357e-01 2.072763382588e+01 2.250889152145e+04 1.832940000000e+04 1.951545688198e-01 1.929333558982e+04
3.800000 5.520948362160e-87 2.558294373711e-01 2.264332887420e+01 2.106231413516e+04 2.114400000000e+04 2.814123811082e-01 2.037899598678e+01 2.211542984192e+04 1.797240000000e+04 1.918720780283e-01 1.895608272165e+04
3.850000 2.211984380211e-91 2.515288207935e-01 2.226268356407e+01 2.069477742477e+04 2.063800000000e+04 2.766817028728e-01 2.003641520766e+01 2.172951629601e+04 1.754230000000e+04 1.886466155951e-01 1.862529968229e+04
3.900000 6.902029420127e-96 2.473028048752e-01 2.188864111904e+01 2.033426206601e+04 2.018200000000e+04 2.720330853627e-01 1.969977700714e+01 2.135097516931e+04 1.715470000000e+04 1.854771036564e-01 1.830083585941e+04
3.950000 1.677250522854e-100 2.431499850145e-01 2.152107721855e+01 1.998060584460e+04 2.011300000000e+04 2.674649835160e-01 1.936896949669e+01 2.097963613683e+04 1.709605000000e+04 1.823624887609e-01 1.798254526014e+04
4.000000 3.174281552825e-105 2.390689881930e-01 2.115987033746e+01 1.963365147874e+04 1.973900000000e+04 2.629758870123e-01 1.904388330371e+01 2.061533405268e+04 1.677815000000e+04 1.793017411448e-01 1.767028633087e+04
4.050000 4.678636817250e-110 2.350584720453e-01 2.080490166371e+01 1.929324642781e+04 1.922600000000e+04 2.585643192498e-01 1.872441149734e+01 2.025790874920e+04 1.634210000000e+04 1.762938540339e-01 1.736392178503e+04
4.100000 5.370560365020e-115 2.311171239640e-01 2.045605501913e+01 1.895924270953e+04 1.904700000000e+04 2.542288363604e-01 1.841044951722e+01 1.990720484501e+04 1.618995000000e+04 1.733378429730e-01 1.706331843858e+04
4.150000 4.801160785907e-120 2.272436602394e-01 2.011321678323e+01 1.863149672531e+04 1.841600000000e+04 2.499680262633e-01 1.810189510491e+01 1.956307156157e+04 1.565360000000e+04 1.704327451795e-01 1.676834705278e+04
4.200000 3.342714441794e-125 2.234368252295e-01 1.977627581982e+01 1.830986909323e+04 1.816600000000e+04 2.457805077524e-01 1.779864823783e+01 1.922536254790e+04 1.544110000000e+04 1.675776189221e-01 1.647888218391e+04
4.250000 1.812502793552e-130 2.196953905630e-01 1.944512340637e+01 1.799422448853e+04 1.794300000000e+04 2.416649296193e-01 1.750061106574e+01 1.889393571296e+04 1.525155000000e+04 1.647715429222e-01 1.619480203968e+04
4.300000 7.653929736420e-136 2.160181543701e-01 1.911965316605e+01 1.768443149095e+04 1.777500000000e+04 2.376199698071e-01 1.720768784944e+01 1.856865306550e+04 1.510875000000e+04 1.620136157776e-01 1.591598834186e+04
4.350000 2.517193705193e-141 2.124039405425e-01 1.879976100210e+01 1.738036243893e+04 1.747300000000e+04 2.336443345967e-01 1.691978490189e+01 1.824938056088e+04 1.485205000000e+04 1.593029554068e-01 1.564232619504e+04
4.400000 6.447259971397e-147 2.088515980198e-01 1.848534503480e+01 1.708189329006e+04 1.701300000000e+04 2.297367578218e-01 1.663681053132e+01 1.793598795456e+04 1.446105000000e+04 1.566386985148e-01 1.537370396105e+04
4.450000 1.286056674071e-152 2.053600001022e-01 1.817630554053e+01 1.678890348768e+04 1.693800000000e+04 2.258960001124e-01 1.635867498648e+01 1.762834866207e+04 1.439730000000e+04 1.540200000766e-01 1.511001313892e+04
4.500000 1.997889259168e-158 2.019280437874e-01 1.787254489314e+01 1.650127583328e+04 1.648600000000e+04 2.221208481662e-01 1.608529040383e+01 1.732633962494e+04 1.401310000000e+04 1.514460328406e-01 1.485114824995e+04
4.550000 2.417180578620e-164 1.985546491317e-01 1.757396750738e+01 1.621889636433e+04 1.642400000000e+04 2.184101140449e-01 1.581657075665e+01 1.702984118255e+04 1.396040000000e+04 1.489159868488e-01 1.459700672790e+04
4.600000 2.277577478736e-170 1.952387586333e-01 1.728047978432e+01 1.594165423753e+04 1.581300000000e+04 2.147626344966e-01 1.555243180589e+01 1.673873694940e+04 1.344105000000e+04 1.464290689750e-01 1.434748881377e+04
4.650000 1.671335365130e-176 1.919793366371e-01 1.699199005867e+01 1.566944161692e+04 1.563500000000e+04 2.111772703008e-01 1.529279105281e+01 1.645291369776e+04 1.328975000000e+04 1.439845024778e-01 1.410249745522e+04
4.700000 9.551694541949e-183 1.887753687612e-01 1.670840854803e+01 1.540215356690e+04 1.529200000000e+04 2.076529056374e-01 1.503756769323e+01 1.617226124525e+04 1.299820000000e+04 1.415815265709e-01 1.386193821021e+04
4.750000 4.251318353528e-189 1.856258613422e-01 1.642964730377e+01 1.513968794977e+04 1.521900000000e+04 2.041884474765e-01 1.478668257339e+01 1.589667234726e+04 1.293615000000e+04 1.392193960067e-01 1.362571915480e+04
4.800000 1.473646134878e-195 1.825298409001e-01 1.615562016368e+01 1.488194532759e+04 1.488700000000e+04 2.007828249901e-01 1.454005814732e+01 1.562604259396e+04 1.265395000000e+04 1.368973806751e-01 1.339375079483e+04
4.850000 3.978223427282e-202 1.794863536213e-01 1.588624270624e+01 1.462882886821e+04 1.465800000000e+04 1.974349889834e-01 1.429761843562e+01 1.536027031162e+04 1.245930000000e+04 1.346147652160e-01 1.316594598139e+04
4.900000 8.363951605856e-209 1.764944648592e-01 1.562143220636e+01 1.438024425534e+04 1.454300000000e+04 1.941439113451e-01 1.405928898572e+01 1.509925646811e+04 1.236155000000e+04 1.323708486444e-01 1.294221982981e+04
4.950000 1.369494308080e-215 1.735532586516e-01 1.536110759270e+01 1.413609960226e+04 1.389200000000e+04 1.909085845167e-01 1.382499683343e+01 1.484290458237e+04 1.180820000000e+04 1.301649439887e-01 1.272248964203e+04
5.000000 1.746366256759e-222 1.706618372537e-01 1.510518940635e+01 1.389630536920e+04 1.384900000000e+04 1.877280209791e-01 1.359467046572e+01 1.459112063766e+04 1.177165000000e+04 1.279963779403e-01 1.250667483228e+04
5.050000 1.734350263606e-229 1.678193206873e-01 1.485359976091e+01 1.366077428422e+04 1.376300000000e+04 1.846012527560e-01 1.336823978482e+01 1.434381299843e+04 1.169855000000e+04 1.258644905155e-01 1.229469685580e+04
5.100000 1.341419667349e-236 1.650248463040e-01 1.460626230380e+01 1.342942126722e+04 1.335100000000e+04 1.815273309344e-01 1.314563607342e+01 1.410089233058e+04 1.134835000000e+04 1.237686347280e-01 1.208647914050e+04
5.150000 8.080140413872e-244 1.622775683631e-01 1.436310217898e+01 1.320216335722e+04 1.299600000000e+04 1.785053251995e-01 1.292679196108e+01 1.386227152508e+04 1.104660000000e+04 1.217081762724e-01 1.188194702150e+04
5.200000 3.790526400093e-251 1.595766576230e-01 1.412404599070e+01 1.297891964256e+04 1.301300000000e+04 1.755343233853e-01 1.271164139163e+01 1.362786562469e+04 1.106105000000e+04 1.196824932173e-01 1.168102767830e+04
5.250000 1.384862078338e-258 1.569213009453e-01 1.388902176851e+01 1.275961119392e+04 1.278100000000e+04 1.726134310399e-01 1.250011959166e+01 1.339759175362e+04 1.086385000000e+04 1.176909757090e-01 1.148365007453e+04
5.300000 3.940396277135e-266 1.543107009121e-01 1.365795893337e+01 1.254416100016e+04 1.247600000000e+04 1.697417710033e-01 1.229216304003e+01 1.317136905016e+04 1.060460000000e+04 1.157330256840e-01 1.128974490014e+04
5.350000 8.731717100620e-274 1.517440754545e-01 1.343078826478e+01 1.233249390662e+04 1.244200000000e+04 1.669184830000e-01 1.208770943830e+01 1.294911860195e+04 1.057570000000e+04 1.138080565909e-01 1.109924451595e+04
5.400000 1.506904717620e-281 1.492206574937e-01 1.320744186899e+01 1.212453655603e+04 1.197200000000e+04 1.641427232431e-01 1.188669768209e+01 1.273076338383e+04 1.017620000000e+04 1.119154931203e-01 1.091208290043e+04
5.450000 2.025341716212e-289 1.467396945920e-01 1.298785314814e+01 1.192021733170e+04 1.184100000000e+04 1.614136640512e-01 1.168906783333e+01 1.251622819828e+04 1.006485000000e+04 1.100547709440e-01 1.072819559853e+04
5.500000 2.120006551525e-297 1.443004486156e-01 1.277195677039e+01 1.171946630300e+04 1.170400000000e+04 1.587304934771e-01 1.149476109335e+01 1.230543961815e+04 9.948400000000e+03 1.082253364617e-01 1.054751967270e+04
5.550000 1.728233732284e-305 1.419021954066e-01 1.255968864092e+01 1.152221517298e+04 1.171100000000e+04 1.560924149473e-01 1.130371977683e+01 1.209832593163e+04 9.954350000000e+03 1.064266465550e-01 1.036999365568e+04
5.600000 1.097221052044e-313 1.395442244660e-01 1.235098587382e+01 1.132839722808e+04 1.145700000000e+04 1.534986469126e-01 1.111588728644e+01 1.189481708948e+04 9.738450000000e+03 1.046581683495e-01 1.019555750527e+04
5.650000 5.533535233422e-322 1.372258386449e-01 1.214578676483e+01 1.113794728979e+04 1.130500000000e+04 1.509484225094e-01 1.093120808835e+01 1.169484465428e+04 9.609250000000e+03 1.029193789837e-01 1.002415256082e+04
5.700000 0.000000000000e+00 1.349463538461e-01 1.194403076484e+01 1.095080166819e+04 1.086200000000e+04 1.484409892307e-01 1.074962768836e+01 1.149834175160e+04 9.232700000000e+03 1.012097653846e-01 9.855721501373e+03
5.750000 0.000000000000e+00 1.327050987333e-01 1.174565845424e+01 1.076689811727e+04 1.072300000000e+04 1.459756086067e-01 1.057109260882e+01 1.130524302313e+04 9.114550000000e+03 9.952882405000e-02 9.690208305541e+03
5.800000 0.000000000000e+00 1.305014144496e-01 1.155061151796e+01 1.058617579199e+04 1.056800000000e+04 1.435515558946e-01 1.039555036616e+01 1.111548458159e+04 8.982800000000e+03 9.787606083722e-02 9.527558212795e+03
5.850000 0.000000000000e+00 1.283346543437e-01 1.135883272121e+01 1.040857520702e+04 1.049200000000e+04 1.411681197780e-01 1.022294944909e+01 1.092900396737e+04 8.918200000000e+03 9.625099075775e-02 9.367717686318e+03
5.900000 0.000000000000e+00 1.262041837038e-01 1.117026588601e+01 1.023403819692e+04 1.024200000000e+04 1.388246020741e-01 1.005323929741e+01 1.074574010677e+04 8.705700000000e+03 9.465313777782e-02 9.210634377229e+03
5.950000 0.000000000000e+00 1.241093794995e-01 1.098485586826e+01 1.006250787797e+04 1.028900000000e+04 1.365203174494e-01 9.886370281436e+00 1.056563327187e+04 8.745650000000e+03 9.308203462461e-02 9.056257090176e+03
6.000000 0.000000000000e+00 1.220496301306e-01 1.080254853554e+01 9.893928611341e+03 9.956000000000e+03 1.342545931437e-01 9.722293681990e+00 1.038862504191e+04 8.462600000000e+03 9.153722259796e-02 8.904535750207e+03
6.050000 0.000000000000e+00 1.200243351829e-01 1.062329074551e+01 9.728245967640e+03 9.850000000000e+03 1.320267687012e-01 9.560961670962e+00 1.021465826602e+04 8.372500000000e+03 9.001825138719e-02 8.755421370876e+03
6.100000 0.000000000000e+00 1.180329051907e-01 1.044703032487e+01 9.565406692815e+03 9.678000000000e+03 1.298361957098e-01 9.402327292385e+00 1.004367702746e+04 8.226300000000e+03 8.852467889304e-02 8.608866023534e+03
6.150000 0.000000000000e+00 1.160747614060e-01 1.027371604894e+01 9.405358675267e+03 9.363000000000e+03 1.276822375466e-01 9.246344444048e+00 9.875626609030e+03 7.958550000000e+03 8.705607105452e-02 8.464822807740e+03
6.200000 0.000000000000e+00 1.141493355738e-01 1.010329762177e+01 9.248050914178e+03 9.253000000000e+03 1.255642691312e-01 9.092967859590e+00 9.710453459887e+03 7.865050000000e+03 8.561200168035e-02 8.323245822761e+03
6.250000 0.000000000000e+00 1.122560697133e-01 9.935725656767e+00 9.093433488991e+03 8.997000000000e+03 1.234816766847e-01 8.942153091091e+00 9.548105163440e+03 7.647450000000e+03 8.419205228500e-02 8.184090140092e+03
6.300000 0.000000000000e+00 1.103944159054e-01 9.770951657902e+00 8.941457529974e+03 9.003000000000e+03 1.214338574959e-01 8.793856492111e+00 9.388530406473e+03 7.652550000000e+03 8.279581192904e-02 8.047311776977e+03
6.350000 0.000000000000e+00 1.085638360850e-01 9.608928001323e+00 8.792075189852e+03 8.912000000000e+03 1.194202196935e-01 8.648035201191e+00 9.231678949344e+03 7.575200000000e+03 8.142287706376e-02 7.912867670867e+03
6.400000 0.000000000000e+00 1.067638018397e-01 9.449607917523e+00 8.645239616428e+03 8.673000000000e+03 1.174401820237e-01 8.504647125771e+00 9.077501597249e+03 7.372050000000e+03 8.007285137981e-02 7.780715654785e+03
6.450000 0.000000000000e+00 1.049937942130e-01 9.292945473930e+00 8.500904926180e+03 8.598000000000e+03 1.154931736343e-01 8.363650926537e+00 8.925950172489e+03 7.308300000000e+03 7.874534565977e-02 7.650814433562e+03
6.500000 0.000000000000e+00 1.032533035127e-01 9.138895557961e+00 8.359026178775e+03 8.464000000000e+03 1.135786338640e-01 8.225006002165e+00 8.776977487714e+03 7.194400000000e+03 7.743997763454e-02 7.523123560898e+03
6.550000 0.000000000000e+00 1.015418291245e-01 8.987413860503e+00 8.219559352464e+03 8.286000000000e+03 1.116960120369e-01 8.088672474453e+00 8.630537320088e+03 7.043100000000e+03 7.615637184336e-02 7.397603417218e+03
6.600000 0.000000000000e+00 9.985887932986e-02 8.838456859815e+00 8.082461320329e+03 8.000000000000e+03 1.098447672628e-01 7.954611173834e+00 8.486584386346e+03 6.800000000000e+03 7.489415949739e-02 7.274215188296e+03
6.650000 0.000000000000e+00 9.820397112891e-02 8.691981805828e+00 7.947689827335e+03 8.011000000000e+03 1.080243682418e-01 7.822783625245e+00 8.345074318702e+03 6.809350000000e+03 7.365297834669e-02 7.152920844601e+03
6.700000 0.000000000000e+00 9.657663006734e-02 8.547946704839e+00 7.815203468162e+03 7.602000000000e+03 1.062342930741e-01 7.693152034355e+00 8.205963641570e+03 6.461700000000e+03 7.243247255051e-02 7.033683121346e+03
6.750000 0.000000000000e+00 9.497639006776e-02 8.406310304585e+00 7.684961665785e+03 7.625000000000e+03 1.044740290745e-01 7.565679274126e+00 8.069209749074e+03 6.481250000000e+03 7.123229255082e-02 6.916465499206e+03
6.800000 0.000000000000e+00 9.340279326516e-02 8.267032079675e+00 7.556924650758e+03 7.632000000000e+03 1.027430725917e-01 7.440328871708e+00 7.934770883296e+03 6.487200000000e+03 7.005209494887e-02 6.801232185682e+03
6.850000 0.000000000000e+00 9.185538984639e-02 8.130072217384e+00 7.431053441195e+03 7.581000000000e+03 1.010409288310e-01 7.317064995646e+00 7.802606113255e+03 6.443850000000e+03 6.889154238479e-02 6.687948097076e+03
6.900000 0.000000000000e+00 9.033373789343e-02 7.995391603781e+00 7.307309823399e+03 7.428000000000e+03 9.936711168277e-02 7.195852443403e+00 7.672675314569e+03 6.313800000000e+03 6.775030342007e-02 6.576578841059e+03
6.950000 0.000000000000e+00 8.883740323046e-02 7.862951810191e+00 7.185656333122e+03 7.188000000000e+03 9.772114355350e-02 7.076656629172e+00 7.544939149779e+03 6.109800000000e+03 6.662805242284e-02 6.467090699810e+03
7.000000 0.000000000000e+00 8.736595927452e-02 7.732715079983e+00 7.066056237434e+03 7.219000000000e+03 9.610255520197e-02 6.959443571985e+00 7.419359049306e+03 6.136150000000e+03 6.552446945589e-02 6.359450613691e+03
7.050000 0.000000000000e+00 8.591898688973e-02 7.604644315659e+00 6.948473517166e+03 6.972000000000e+03 9.451088557870e-02 6.844179884093e+00 7.295897193024e+03 5.926200000000e+03 6.443924016729e-02 6.253626165450e+03
7.100000 0.000000000000e+00 8.449607424482e-02 7.478703066251e+00 6.832872849915e+03 7.005000000000e+03 9.294568166930e-02 6.730832759625e+00 7.174516492411e+03 5.954250000000e+03 6.337205568361e-02 6.149585564923e+03
7.150000 0.000000000000e+00 8.309681667405e-02 7.354855515007e+00 6.719219593579e+03 6.631000000000e+03 9.140649834146e-02 6.619369963506e+00 7.055180573258e+03 5.636350000000e+03 6.232261250554e-02 6.047297634221e+03
7.200000 0.000000000000e+00 8.172081654131e-02 7.233066467363e+00 6.607479770410e+03 6.691000000000e+03 8.989289819544e-02 6.509759820627e+00 6.937853758930e+03 5.687350000000e+03 6.129061240598e-02 5.946731793369e+03
7.250000 0.000000000000e+00 8.036768310722e-02 7.113301339184e+00 6.497620051554e+03 6.555000000000e+03 8.840445141794e-02 6.401971205265e+00 6.822501054132e+03 5.571750000000e+03 6.027576233041e-02 5.847858046399e+03
7.300000 0.000000000000e+00 7.903703239938e-02 6.995526145274e+00 6.389607742073e+03 6.319000000000e+03 8.694073563932e-02 6.295973530747e+00 6.709088129177e+03 5.371150000000e+03 5.927777429954e-02 5.750646967866e+03
7.350000 0.000000000000e+00 7.772848708547e-02 6.879707488147e+00 6.283410766414e+03 6.289000000000e+03 8.550133579402e-02 6.191736739333e+00 6.597581304735e+03 5.345650000000e+03 5.829636531410e-02 5.655069689773e+03
7.400000 0.000000000000e+00 7.644167634913e-02 6.765812547044e+00 6.178997654319e+03 6.176000000000e+03 8.408584398404e-02 6.089231292340e+00 6.487947537035e+03 5.249600000000e+03 5.733125726185e-02 5.561097888887e+03
7.450000 0.000000000000e+00 7.517623576869e-02 6.653809067195e+00 6.076337527160e+03 6.119000000000e+03 8.269385934556e-02 5.988428160475e+00 6.380154403518e+03 5.201150000000e+03 5.638217682652e-02 5.468703774444e+03
7.500000 0.000000000000e+00 7.393180719852e-02 6.543665349316e+00 5.975400084670e+03 6.037000000000e+03 8.132498791838e-02 5.889298814385e+00 6.274170088904e+03 5.131450000000e+03 5.544885539889e-02 5.377860076203e+03
7.550000 0.000000000000e+00 7.270803865294e-02 6.435350239342e+00 5.876155592070e+03 5.956000000000e+03 7.997884251824e-02 5.791815215408e+00 6.169963371674e+03 5.062600000000e+03 5.453102898971e-02 5.288540032863e+03
7.600000 0.000000000000e+00 7.150458419271e-02 6.328833118372e+00 5.778574867570e+03 5.642000000000e+03 7.865504261199e-02 5.695949806535e+00 6.067503610948e+03 4.795700000000e+03 5.362843814454e-02 5.200717380813e+03
7.650000 0.000000000000e+00 7.032110381394e-02 6.224083892841e+00 5.682629270224e+03 5.779000000000e+03 7.735321419533e-02 5.601675503557e+00 5.966760733736e+03 4.912150000000e+03 5.274082786046e-02 5.114366343202e+03
7.700000 0.000000000000e+00 6.915726333936e-02 6.121072984894e+00 5.588290688143e+03 5.500000000000e+03 7.607298967330e-02 5.508965686405e+00 5.867705222551e+03 4.675000000000e+03 5.186794750452e-02 5.029461619329e+03
7.750000 0.000000000000e+00 6.801273431195e-02 6.019771322975e+00 5.495531527032e+03 5.531000000000e+03 7.481400774315e-02 5.417794190677e+00 5.770308103383e+03 4.701350000000e+03 5.100955073397e-02 4.945978374328e+03
7.800000 0.000000000000e+00 6.688719389080e-02 5.920150332602e+00 5.404324699051e+03 5.362000000000e+03 7.357591327988e-02 5.328135299342e+00 5.674540934003e+03 4.557700000000e+03 5.016539541810e-02 4.863892229146e+03
7.850000 0.000000000000e+00 6.578032474911e-02 5.822181927349e+00 5.314643611993e+03 5.311000000000e+03 7.235835722402e-02 5.239963734614e+00 5.580375792593e+03 4.514350000000e+03 4.933524356183e-02 4.783179250794e+03
7.900000 0.000000000000e+00 6.469181497443e-02 5.725838500009e+00 5.226462158752e+03 5.220000000000e+03 7.116099647187e-02 5.153254650008e+00 5.487785266690e+03 4.437000000000e+03 4.851886123082e-02 4.703815942877e+03
7.950000 0.000000000000e+00 6.362135797085e-02 5.631092913939e+00 5.139754707083e+03 5.193000000000e+03 6.998349376793e-02 5.067983622545e+00 5.396742442437e+03 4.414050000000e+03 4.771601847814e-02 4.625779236375e+03
8.000000 0.000000000000e+00 6.256865236331e-02 5.537918494591e+00 5.054496089639e+03 5.130000000000e+03 6.882551759964e-02 4.984126645132e+00 5.307220894121e+03 4.360500000000e+03 4.692648927248e-02 4.549046480675e+03
8.050000 0.000000000000e+00 6.153340190382e-02 5.446289021210e+00 4.970661594276e+03 5.133000000000e+03 6.768674209420e-02 4.901660119089e+00 5.219194673990e+03 4.363050000000e+03 4.615005142786e-02 4.473595434849e+03
8.100000 0.000000000000e+00 6.051531537958e-02 5.356178718707e+00 4.888226954617e+03 4.810000000000e+03 6.656684691754e-02 4.820560846837e+00 5.132638302348e+03 4.088500000000e+03 4.538648653469e-02 4.399404259155e+03
8.150000 0.000000000000e+00 5.951410652305e-02 5.267562249691e+00 4.807168340862e+03 4.824000000000e+03 6.546551717536e-02 4.740806024722e+00 5.047526757905e+03 4.100400000000e+03 4.463557989229e-02 4.326451506776e+03
8.200000 0.000000000000e+00 5.852949392373e-02 5.180414706667e+00 4.727462350845e+03 4.778000000000e+03 6.438244331610e-02 4.662373236000e+00 4.963835468388e+03 4.061300000000e+03 4.389712044280e-02 4.254716115761e+03
8.250000 0.000000000000e+00 5.756120094177e-02 5.094711604388e+00 4.649086001317e+03 4.694000000000e+03 6.331732103594e-02 4.585240443949e+00 4.881540301383e+03 3.989900000000e+03 4.317090070633e-02 4.184177401185e+03
8.300000 0.000000000000e+00 5.660895562331e-02 5.010428872360e+00 4.572016719454e+03 4.517000000000e+03 6.226985118564e-02 4.509385985124e+00 4.800617555427e+03 3.839450000000e+03 4.245671671748e-02 4.114815047509e+03
8.350000 0.000000000000e+00 5.567249061750e-02 4.927542847500e+00 4.496232334588e+03 4.473000000000e+03 6.123973967925e-02 4.434788562750e+00 4.721043951317e+03 3.802050000000e+03 4.175436796312e-02 4.046609101129e+03
8.400000 0.000000000000e+00 5.475154309511e-02 4.846030266933e+00 4.421711070137e+03 4.461000000000e+03 6.022669740463e-02 4.361427240240e+00 4.642796623644e+03 3.791850000000e+03 4.106365732134e-02 3.979539963124e+03
8.450000 0.000000000000e+00 5.384585466884e-02 4.765868260932e+00 4.348431535751e+03 4.419000000000e+03 5.923044013573e-02 4.289281434839e+00 4.565853112538e+03 3.756150000000e+03 4.038439100163e-02 3.913588382176e+03
8.500000 0.000000000000e+00 5.295517131509e-02 4.687034346004e+00 4.276372719636e+03 4.183000000000e+03 5.825068844660e-02 4.218330911404e+00 4.490191355618e+03 3.555550000000e+03 3.971637848632e-02 3.848735447672e+03
8.550000 0.000000000000e+00 5.207924329731e-02 4.609506418098e+00 4.205513981087e+03 4.109000000000e+03 5.728716762704e-02 4.148555776289e+00 4.415789680141e+03 3.492650000000e+03 3.905943247298e-02 3.784962582978e+03
8.600000 0.000000000000e+00 5.121782509086e-02 4.533262745958e+00 4.135835043188e+03 4.196000000000e+03 5.633960759994e-02 4.079936471362e+00 4.342626795347e+03 3.566600000000e+03 3.841336881814e-02 3.722251538869e+03
8.650000 0.000000000000e+00 5.037067530925e-02 4.458281964591e+00 4.067315985696e+03 3.968000000000e+03 5.540774284017e-02 4.012453768132e+00 4.270681784981e+03 3.372800000000e+03 3.777800648194e-02 3.660584387127e+03
8.700000 0.000000000000e+00 4.953755663187e-02 4.384543068875e+00 3.999937238101e+03 4.007000000000e+03 5.449131229505e-02 3.946088761988e+00 4.199934100006e+03 3.405950000000e+03 3.715316747390e-02 3.599943514291e+03
8.750000 0.000000000000e+00 4.871823573305e-02 4.312025407280e+00 3.933679572838e+03 3.907000000000e+03 5.359005930636e-02 3.880822866552e+00 4.130363551480e+03 3.320950000000e+03 3.653867679979e-02 3.540311615554e+03
8.800000 0.000000000000e+00 4.791248321254e-02 4.240708675708e+00 3.868524098677e+03 3.972000000000e+03 5.270373153379e-02 3.816637808138e+00 4.061950303611e+03 3.376200000000e+03 3.593436240940e-02 3.481671688809e+03
8.850000 0.000000000000e+00 4.712007352722e-02 4.170572911458e+00 3.804452254255e+03 3.793000000000e+03 5.183208087994e-02 3.753515620312e+00 3.994674866968e+03 3.224050000000e+03 3.534005514541e-02 3.424007028830e+03
8.900000 0.000000000000e+00 4.634078492418e-02 4.101598487295e+00 3.741445801768e+03 3.702000000000e+03 5.097486341660e-02 3.691438638566e+00 3.928518091856e+03 3.146700000000e+03 3.475558869313e-02 3.367301221591e+03
8.950000 0.000000000000e+00 4.557439937504e-02 4.033766105643e+00 3.679486820800e+03 3.651000000000e+03 5.013183931254e-02 3.630389495079e+00 3.863461161840e+03 3.103350000000e+03 3.418079953128e-02 3.311538138720e+03
9.000000 0.000000000000e+00 4.482070251149e-02 3.967056792875e+00 3.618557702307e+03 3.665000000000e+03 4.930277276263e-02 3.570351113587e+00 3.799485587422e+03 3.115250000000e+03 3.361552688361e-02 3.256701932076e+03
9.050000 0.000000000000e+00 4.407948356203e-02 3.901451893717e+00 3.558641142722e+03 3.577000000000e+03 4.848743191823e-02 3.511306704345e+00 3.736573199858e+03 3.040450000000e+03 3.305961267152e-02 3.202777028450e+03
9.100000 0.000000000000e+00 4.335053528993e-02 3.836933065754e+00 3.499720138211e+03 3.553000000000e+03 4.768558881892e-02 3.453239759179e+00 3.674706145122e+03 3.020050000000e+03 3.251290146744e-02 3.149748124390e+03
9.150000 0.000000000000e+00 4.263365393230e-02 3.773482274042e+00 3.441777979042e+03 3.345000000000e+03 4.689701932553e-02 3.396134046638e+00 3.613866877994e+03 2.843250000000e+03 3.197524044923e-02 3.097600181137e+03
9.200000 0.000000000000e+00 4.192863914033e-02 3.711081785811e+00 3.384798244090e+03 3.472000000000e+03 4.612150305436e-02 3.339973607230e+00 3.554038156295e+03 2.951200000000e+03 3.144647935525e-02 3.046318419681e+03
9.250000 0.000000000000e+00 4.123529392057e-02 3.649714165276e+00 3.328764795463e+03 3.287000000000e+03 4.535882331262e-02 3.284742748748e+00 3.495203035237e+03 2.793950000000e+03 3.092647044042e-02 2.995888315917e+03
9.300000 0.000000000000e+00 4.055342457735e-02 3.589362268534e+00 3.273661773243e+03 3.351000000000e+03 4.460876703508e-02 3.230426041681e+00 3.437344861905e+03 2.848350000000e+03 3.041506843301e-02 2.946295595918e+03
9.350000 0.000000000000e+00 3.988284065626e-02 3.530009238566e+00 3.219473590339e+03 3.228000000000e+03 4.387112472188e-02 3.177008314709e+00 3.380447269856e+03 2.743800000000e+03 2.991213049219e-02 2.897526231305e+03
9.400000 0.000000000000e+00 3.922335488859e-02 3.471638500316e+00 3.166184927466e+03 3.200000000000e+03 4.314569037744e-02 3.124474650285e+00 3.324494173839e+03 2.720000000000e+03 2.941751616644e-02 2.849566434719e+03
9.450000 0.000000000000e+00 3.857478313686e-02 3.414233755875e+00 3.113780728211e+03 3.163000000000e+03 4.243226145055e-02 3.072810380288e+00 3.269469764622e+03 2.688550000000e+03 2.893108735265e-02 2.802402655390e+03
9.500000 0.000000000000e+00 3.793694434134e-02 3.357778979739e+00 3.062246194228e+03 3.050000000000e+03 4.173063877547e-02 3.022001081765e+00 3.215358503939e+03 2.592500000000e+03 2.845270825600e-02 2.756021574805e+03
9.550000 0.000000000000e+00 3.730966046744e-02 3.302258414162e+00 3.011566780513e+03 3.015000000000e+03 4.104062651418e-02 2.972032572746e+00 3.162145119539e+03 2.562750000000e+03 2.798224535058e-02 2.710410102462e+03
9.600000 0.000000000000e+00 3.669275645418e-02 3.247656564588e+00 2.961728190799e+03 2.949000000000e+03 4.036203209960e-02 2.922890908129e+00 3.109814600338e+03 2.506650000000e+03 2.751956734063e-02 2.665555371719e+03
9.650000 0.000000000000e+00 3.608606016352e-02 3.193958195169e+00 2.912716373031e+03 2.870000000000e+03 3.969466617988e-02 2.874562375652e+00 3.058352191682e+03 2.439500000000e+03 2.706454512264e-02 2.621444735728e+03
9.700000 0.000000000000e+00 3.548940233061e-02 3.141148324363e+00 2.864517514949e+03 2.965000000000e+03 3.903834256367e-02 2.827033491927e+00 3.007743390697e+03 2.520250000000e+03 2.661705174796e-02 2.578065763454e+03
9.750000 0.000000000000e+00 3.490261651492e-02 3.089212220606e+00 2.817118039756e+03 2.826000000000e+03 3.839287816642e-02 2.780290998545e+00 2.957973941744e+03 2.402100000000e+03 2.617696238619e-02 2.535406235780e+03
9.800000 0.000000000000e+00 3.432553905228e-02 3.038135398069e+00 2.770504601873e+03 2.801000000000e+03 3.775809295751e-02 2.734321858262e+00 2.909029831967e+03 2.380850000000e+03 2.574415428921e-02 2.493454141686e+03
9.850000 0.000000000000e+00 3.375800900775e-02 2.987903612484e+00 2.724664082789e+03 2.680000000000e+03 3.713380990853e-02 2.689113251235e+00 2.860897286929e+03 2.278000000000e+03 2.531850675581e-02 2.452197674510e+03
9.900000 0.000000000000e+00 3.319986812932e-02 2.938502857050e+00 2.679583586992e+03 2.659000000000e+03 3.651985494225e-02 2.644652571345e+00 2.813562766341e+03 2.260150000000e+03 2.489990109699e-02 2.411625228292e+03
9.950000 0.000000000000e+00 3.265096080247e-02 2.889919358407e+00 2.635250437976e+03 2.733000000000e+03 3.591605688272e-02 2.600927422566e+00 2.767012959875e+03 2.323050000000e+03 2.448822060185e-02 2.371725394179e+03
10.000000 0.000000000000e+00 3.211113400550e-02 2.842139572685e+00 2.591652174346e+03 2.570000000000e+03 3.532224740605e-02 2.557925615417e+00 2.721234783063e+03 2.184500000000e+03 2.408335050413e-02 2.332486956911e+03
10.050000 0.000000000000e+00 3.158023726567e-02 2.795150181621e+00 2.548776545978e+03 2.548000000000e+03 3.473826099223e-02 2.515635163459e+00 2.676215373277e+03 2.165800000000e+03 2.368517794925e-02 2.293898891380e+03
10.100000 0.000000000000e+00 3.105812261608e-02 2.748938088743e+00 2.506611510278e+03 2.531000000000e+03 3.416393487769e-02 2.474044279869e+00 2.631942085792e+03 2.151350000000e+03 2.329359196206e-02 2.255950359250e+03
10.150000 0.000000000000e+00 3.054464455338e-02 2.703490415626e+00 2.465145228501e+03 2.552000000000e+03 3.359910900872e-02 2.433141374064e+00 2.588402489926e+03 2.169200000000e+03 2.290848341504e-02 2.218630705651e+03
10.200000 0.000000000000e+00 3.003965999616e-02 2.658794498210e+00 2.424366062147e+03 2.413000000000e+03 3.304362599578e-02 2.392915048389e+00 2.545584365254e+03 2.051050000000e+03 2.252974499712e-02 2.181929455932e+03
10.250000 0.000000000000e+00 2.954302824408e-02 2.614837883180e+00 2.384262569431e+03 2.435000000000e+03 3.249733106849e-02 2.353354094862e+00 2.503475697902e+03 2.069750000000e+03 2.215727118306e-02 2.145836312487e+03
10.300000 0.000000000000e+00 2.905461093774e-02 2.571608324420e+00 2.344823501816e+03 2.390000000000e+03 3.196007203152e-02 2.314447491978e+00 2.462064676907e+03 2.031500000000e+03 2.179095820331e-02 2.110341151635e+03
10.350000 0.000000000000e+00 2.857427201924e-02 2.529093779517e+00 2.306037800623e+03 2.235000000000e+03 3.143169922116e-02 2.276184401565e+00 2.421339690654e+03 1.899750000000e+03 2.143070401443e-02 2.075434020561e+03
10.400000 0.000000000000e+00 2.810187769341e-02 2.487282406330e+00 2.267894593695e+03 2.285000000000e+03 3.091206546275e-02 2.238554165697e+00 2.381289323379e+03 1.942250000000e+03 2.107640827006e-02 2.041105134325e+03
10.450000 0.000000000000e+00 2.763729638975e-02 2.446162559625e+00 2.230383192133e+03 2.260000000000e+03 3.040102602873e-02 2.201546303662e+00 2.341902351740e+03 1.921000000000e+03 2.072797229231e-02 2.007344872920e+03
10.500000 0.000000000000e+00 2.718039872502e-02 2.405722787757e+00 2.193493087099e+03 2.144000000000e+03 2.989843859752e-02 2.165150508981e+00 2.303167741454e+03 1.822400000000e+03 2.038529904377e-02 1.974143778389e+03
10.550000 0.000000000000e+00 2.673105746645e-02 2.365951829421e+00 2.157213946667e+03 2.143000000000e+03 2.940416321309e-02 2.129356646479e+00 2.265074644000e+03 1.821550000000e+03 2.004829309984e-02 1.941492552000e+03
10.600000 0.000000000000e+00 2.628914749562e-02 2.326838610454e+00 2.121535612746e+03 2.168000000000e+03 2.891806224518e-02 2.094154749408e+00 2.227612393383e+03 1.842800000000e+03 1.971686062171e-02 1.909382051471e+03
10.650000 0.000000000000e+00 2.585454577298e-02 2.288372240687e+00 2.086448098057e+03 2.057000000000e+03 2.844000035027e-02 2.059535016618e+00 2.190770502960e+03 1.748450000000e+03 1.939090932973e-02 1.877803288251e+03
10.700000 0.000000000000e+00 2.542713130292e-02 2.250542010865e+00 2.051941583168e+03 2.062000000000e+03 2.796984443321e-02 2.025487809778e+00 2.154538662326e+03 1.752700000000e+03 1.907034847719e-02 1.846747424851e+03
10.750000 0.000000000000e+00 2.500678509954e-02 2.213337389607e+00 2.018006413582e+03 2.007000000000e+03 2.750746360950e-02 1.992003650646e+00 2.118906734261e+03 1.705950000000e+03 1.875508882466e-02 1.816205772224e+03
10.800000 0.000000000000e+00 2.459339015290e-02 2.176748020424e+00 1.984633096888e+03 2.038000000000e+03 2.705272916819e-02 1.959073218382e+00 2.083864751732e+03 1.732300000000e+03 1.844504261468e-02 1.786169787199e+03
10.850000 0.000000000000e+00 2.418683139594e-02 2.140763718793e+00 1.951812299951e+03 1.893000000000e+03 2.660551453553e-02 1.926687346913e+00 2.049402914949e+03 1.609050000000e+03 1.814012354696e-02 1.756631069956e+03
10.900000 0.000000000000e+00 2.378699567191e-02 2.105374469268e+00 1.919534846173e+03 1.947000000000e+03 2.616569523910e-02 1.894837022341e+00 2.015511588481e+03 1.654950000000e+03 1.784024675393e-02 1.727581361555e+03
10.950000 0.000000000000e+00 2.339377170241e-02 2.070570422657e+00 1.887791712786e+03 1.912000000000e+03 2.573314887265e-02 1.863513380392e+00 1.982181298425e+03 1.625200000000e+03 1.754532877681e-02 1.699012541507e+03
11.000000 0.000000000000e+00 2.300705005594e-02 2.036341893236e+00 1.856574028210e+03 1.855000000000e+03 2.530775506153e-02 1.832707703912e+00 1.949402729620e+03 1.576750000000e+03 1.725528754195e-02 1.670916625389e+03
11.050000 0.000000000000e+00 2.262672311699e-02 2.002679356013e+00 1.825873069452e+03 1.773000000000e+03 2.488939542868e-02 1.802411420411e+00 1.917166722925e+03 1.507050000000e+03 1.697004233774e-02 1.643285762507e+03
11.100000 0.000000000000e+00 2.225268505569e-02 1.969573444041e+00 1.795680259556e+03 1.813000000000e+03 2.447795356126e-02 1.772616099637e+00 1.885464272533e+03 1.541050000000e+03 1.668951379177e-02 1.616112233600e+03
11.150000 0.000000000000e+00 2.188483179795e-02 1.937014945777e+00 1.765987165095e+03 1.811000000000e+03 2.407331497775e-02 1.743313451200e+00 1.854286523349e+03 1.539350000000e+03 1.641362384846e-02 1.589388448585e+03
11.200000 0.000000000000e+00 2.152306099613e-02 1.904994802486e+00 1.736785493717e+03 1.789000000000e+03 2.367536709574e-02 1.714495322238e+00 1.823624768403e+03 1.520650000000e+03 1.614229574710e-02 1.563106944345e+03
11.250000 0.000000000000e+00 2.116727200017e-02 1.873504105684e+00 1.708067091730e+03 1.705000000000e+03 2.328399920019e-02 1.686153695116e+00 1.793470446316e+03 1.449250000000e+03 1.587545400013e-02 1.537260382557e+03
11.300000 0.000000000000e+00 2.081736582928e-02 1.842534094633e+00 1.679823941729e+03 1.737000000000e+03 2.289910241221e-02 1.658280685170e+00 1.763815138815e+03 1.476450000000e+03 1.561302437196e-02 1.511841547556e+03
11.350000 0.000000000000e+00 2.047324514404e-02 1.812076153872e+00 1.652048160274e+03 1.683000000000e+03 2.252056965844e-02 1.630868538485e+00 1.734650568288e+03 1.430550000000e+03 1.535493385803e-02 1.486843344247e+03
11.400000 0.000000000000e+00 2.013481421903e-02 1.782121810795e+00 1.624731995602e+03 1.618000000000e+03 2.214829564094e-02 1.603909629716e+00 1.705968595382e+03 1.375300000000e+03 1.510111066427e-02 1.462258796042e+03
11.450000 0.000000000000e+00 1.980197891591e-02 1.752662733267e+00 1.597867825385e+03 1.617000000000e+03 2.178217680750e-02 1.577396459940e+00 1.677761216654e+03 1.374450000000e+03 1.485148418693e-02 1.438081042846e+03
11.500000 0.000000000000e+00 1.947464665690e-02 1.723690727277e+00 1.571448154525e+03 1.548000000000e+03 2.142211132259e-02 1.551321654550e+00 1.650020562251e+03 1.315800000000e+03 1.460598499268e-02 1.414303339073e+03
11.550000 0.000000000000e+00 1.915272639885e-02 1.695197734644e+00 1.545465612993e+03 1.529000000000e+03 2.106799903873e-02 1.525677961180e+00 1.622738893642e+03 1.299650000000e+03 1.436454479914e-02 1.390919051694e+03
11.600000 0.000000000000e+00 1.883612860757e-02 1.667175830744e+00 1.519912953701e+03 1.459000000000e+03 2.071974146832e-02 1.500458247669e+00 1.595908601386e+03 1.240150000000e+03 1.412709645567e-02 1.367921658331e+03
11.650000 0.000000000000e+00 1.852476523273e-02 1.639617222288e+00 1.494783050418e+03 1.476000000000e+03 2.037724175600e-02 1.475655500060e+00 1.569522202939e+03 1.254600000000e+03 1.389357392455e-02 1.345304745376e+03
11.700000 0.000000000000e+00 1.821854968314e-02 1.612514245137e+00 1.470068895717e+03 1.373000000000e+03 2.004040465145e-02 1.451262820623e+00 1.543572340503e+03 1.167050000000e+03 1.366391226236e-02 1.323062006145e+03
11.750000 0.000000000000e+00 1.791739680244e-02 1.585859362145e+00 1.445763598966e+03 1.459000000000e+03 1.970913648269e-02 1.427273425931e+00 1.518051778914e+03 1.240150000000e+03 1.343804760183e-02 1.301187239069e+03
11.800000 0.000000000000e+00 1.762122284521e-02 1.559645161049e+00 1.421860384344e+03 1.346000000000e+03 1.938334512973e-02 1.403680644944e+00 1.492953403561e+03 1.144100000000e+03 1.321591713391e-02 1.279674345910e+03
11.850000 0.000000000000e+00 1.732994545348e-02 1.533864352388e+00 1.398352588906e+03 1.433000000000e+03 1.906293999883e-02 1.380477917150e+00 1.468270218351e+03 1.218050000000e+03 1.299745909011e-02 1.258517330015e+03
11.900000 0.000000000000e+00 1.704348363363e-02 1.508509767461e+00 1.375233660666e+03 1.427000000000e+03 1.874783199699e-02 1.357658790715e+00 1.443995343700e+03 1.212950000000e+03 1.278261272522e-02 1.237710294600e+03
11.950000 0.000000000000e+00 1.676175773371e-02 1.483574356314e+00 1.352497156731e+03 1.377000000000e+03 1.843793350708e-02 1.335216920683e+00 1.420122014568e+03 1.170450000000e+03 1.257131830028e-02 1.217247441058e+03
12.000000 0.000000000000e+00 1.648468942110e-02 1.459051185769e+00 1.330136741453e+03 1.331000000000e+03 1.813315836321e-02 1.313146067192e+00 1.396643578525e+03 1.131350000000e+03 1.236351706582e-02 1.197123067307e+03
12.050000 0.000000000000e+00 1.621220166058e-02 1.434933437479e+00 1.308146184620e+03 1.233000000000e+03 1.783342182663e-02 1.291440093731e+00 1.373553493851e+03 1.048050000000e+03 1.215915124543e-02 1.177331566158e+03
12.100000 0.000000000000e+00 1.594421869274e-02 1.411214406020e+00 1.286519359682e+03 1.259000000000e+03 1.753864056202e-02 1.270092965418e+00 1.350845327666e+03 1.070150000000e+03 1.195816401956e-02 1.157867423713e+03
12.150000 0.000000000000e+00 1.568066601280e-02 1.387887497010e+00 1.265250242000e+03 1.172000000000e+03 1.724873261408e-02 1.249098747309e+00 1.328512754100e+03 9.962000000000e+02 1.176049950960e-02 1.138725217800e+03
12.200000 0.000000000000e+00 1.542147034972e-02 1.364946225269e+00 1.244332907135e+03 1.191000000000e+03 1.696361738469e-02 1.228451602742e+00 1.306549552492e+03 1.012350000000e+03 1.156610276229e-02 1.119899616422e+03
12.250000 0.000000000000e+00 1.516655964569e-02 1.342384213000e+00 1.223761529155e+03 1.258000000000e+03 1.668321561026e-02 1.208145791700e+00 1.284949605613e+03 1.069300000000e+03 1.137491973427e-02 1.101385376240e+03
12.300000 0.000000000000e+00 1.491586303603e-02 1.320195188005e+00 1.203530378985e+03 1.209000000000e+03 1.640744933963e-02 1.188175669205e+00 1.263706897934e+03 1.027650000000e+03 1.118689727702e-02 1.083177341086e+03
12.350000 0.000000000000e+00 1.466931082930e-02 1.298372981933e+00 1.183633822771e+03 1.165000000000e+03 1.613624191223e-02 1.168535683740e+00 1.242815513910e+03 9.902500000000e+02 1.100198312198e-02 1.065270440494e+03
12.400000 0.000000000000e+00 1.442683448785e-02 1.276911528552e+00 1.164066320289e+03 1.160000000000e+03 1.586951793664e-02 1.149220375697e+00 1.222269636304e+03 9.860000000000e+02 1.082012586589e-02 1.047659688261e+03
12.450000 0.000000000000e+00 1.418836660865e-02 1.255804862055e+00 1.144822423367e+03 1.206000000000e+03 1.560720326951e-02 1.130224375849e+00 1.202063544536e+03 1.025100000000e+03 1.064127495648e-02 1.030340181031e+03
12.500000 0.000000000000e+00 1.395384090443e-02 1.235047115391e+00 1.125896774341e+03 1.172000000000e+03 1.534922499487e-02 1.111542403852e+00 1.182191613058e+03 9.962000000000e+02 1.046538067832e-02 1.013307096907e+03
12.550000 0.000000000000e+00 1.372319218518e-02 1.214632518627e+00 1.107284104537e+03 1.111000000000e+03 1.509551140370e-02 1.093169266764e+00 1.162648309764e+03 9.443500000000e+02 1.029239413889e-02 9.965556940835e+02
12.600000 0.000000000000e+00 1.349635633995e-02 1.194555397336e+00 1.088979232780e+03 1.066000000000e+03 1.484599197395e-02 1.075099857602e+00 1.143428194419e+03 9.061000000000e+02 1.012226725497e-02 9.800813095017e+02
12.650000 0.000000000000e+00 1.327327031889e-02 1.174810171008e+00 1.070977063925e+03 1.051000000000e+03 1.460059735078e-02 1.057329153907e+00 1.124525917121e+03 8.933500000000e+02 9.954952739165e-03 9.638793575321e+02
12.700000 0.000000000000e+00 1.305387211566e-02 1.155391351496e+00 1.053272587418e+03 1.046000000000e+03 1.435925932722e-02 1.039852216346e+00 1.105936216789e+03 8.891000000000e+02 9.790404086744e-03 9.479453286764e+02
12.750000 0.000000000000e+00 1.283810075014e-02 1.136293541481e+00 1.035860875881e+03 1.015000000000e+03 1.412191082515e-02 1.022664187333e+00 1.087653919675e+03 8.627500000000e+02 9.628575562605e-03 9.322747882927e+02
12.800000 0.000000000000e+00 1.262589625138e-02 1.117511432966e+00 1.018737083714e+03 1.020000000000e+03 1.388848587652e-02 1.005760289670e+00 1.069673937900e+03 8.670000000000e+02 9.469422188534e-03 9.168633753428e+02
12.850000 0.000000000000e+00 1.241719964085e-02 1.099039805793e+00 1.001896445734e+03 9.580000000000e+02 1.365891960494e-02 9.891358252137e-01 1.051991268021e+03 8.143000000000e+02 9.312899730640e-03 9.017068011605e+02
12.900000 0.000000000000e+00 1.221195291601e-02 1.080873526186e+00 9.853342758241e+02 1.012000000000e+03 1.343314820761e-02 9.727861735677e-01 1.034600989615e+03 8.602000000000e+02 9.158964687010e-03 8.868008482417e+02
12.950000 0.000000000000e+00 1.201009903409e-02 1.063007545321e+00 9.690459656156e+02 9.160000000000e+02 1.321110893750e-02 9.567067907888e-01 1.017498263896e+03 7.786000000000e+02 9.007574275569e-03 8.721413690540e+02
13.000000 0.000000000000e+00 1.181158189619e-02 1.045436897913e+00 9.530269831866e+02 9.250000000000e+02 1.299274008581e-02 9.408932081213e-01 1.000678332346e+03 7.862500000000e+02 8.858686422141e-03 8.577242848679e+02
13.050000 0.000000000000e+00 1.161634633162e-02 1.028156700833e+00 9.372728717859e+02 9.640000000000e+02 1.277798096478e-02 9.253410307496e-01 9.841365153752e+02 8.194000000000e+02 8.712259748712e-03 8.435455846073e+02
13.100000 0.000000000000e+00 1.142433808252e-02 1.011162151748e+00 9.217792485773e+02 8.940000000000e+02 1.256677189077e-02 9.100459365728e-01 9.678682110061e+02 7.599000000000e+02 8.568253561888e-03 8.296013237195e+02
13.150000 0.000000000000e+00 1.123550378872e-02 9.944485277759e-01 9.065418034054e+02 9.440000000000e+02 1.235905416760e-02 8.950036749983e-01 9.518688935756e+02 8.024000000000e+02 8.426627841543e-03 8.158876230648e+02
13.200000 0.000000000000e+00 1.104979097288e-02 9.780111841751e-01 8.915562975830e+02 9.310000000000e+02 1.215477007017e-02 8.802100657575e-01 9.361341124622e+02 7.913500000000e+02 8.287343229661e-03 8.024006678247e+02
13.250000 0.000000000000e+00 1.086714802581e-02 9.618455530437e-01 8.768185626988e+02 8.080000000000e+02 1.195386282839e-02 8.656609977394e-01 9.206594908337e+02 6.868000000000e+02 8.150361019358e-03 7.891367064289e+02
13.300000 0.000000000000e+00 1.068752419213e-02 9.459471420494e-01 8.623244994449e+02 8.980000000000e+02 1.175627661134e-02 8.513524278444e-01 9.054407244171e+02 7.633000000000e+02 8.015643144094e-03 7.760920495004e+02
13.350000 0.000000000000e+00 1.051086955608e-02 9.303115331754e-01 8.480700764647e+02 8.260000000000e+02 1.156195651168e-02 8.372803798578e-01 8.904735802880e+02 7.021000000000e+02 7.883152167058e-03 7.632630688182e+02
13.400000 0.000000000000e+00 1.033713502765e-02 9.149343814899e-01 8.340513292206e+02 8.700000000000e+02 1.137084853041e-02 8.234409433409e-01 8.757538956816e+02 7.395000000000e+02 7.752851270735e-03 7.506461962986e+02
13.450000 0.000000000000e+00 1.016627232886e-02 8.998114139348e-01 8.202643588800e+02 8.070000000000e+02 1.118289956174e-02 8.098302725413e-01 8.612775768240e+02 6.859500000000e+02 7.624704246643e-03 7.382379229920e+02
13.500000 0.000000000000e+00 9.998233980327e-03 8.849384281347e-01 8.067053312208e+02 8.010000000000e+02 1.099805737836e-02 7.964445853212e-01 8.470405977819e+02 6.808500000000e+02 7.498675485245e-03 7.260347980988e+02
13.550000 0.000000000000e+00 9.832973288030e-03 8.703112912262e-01 7.933704755555e+02 8.400000000000e+02 1.081627061683e-02 7.832801621036e-01 8.330389993333e+02 7.140000000000e+02 7.374729966023e-03 7.140334280000e+02
13.600000 0.000000000000e+00 9.670444330296e-03 8.559259387063e-01 7.802560836730e+02 7.180000000000e+02 1.063748876333e-02 7.703333448357e-01 8.192688878566e+02 6.103000000000e+02 7.252833247722e-03 7.022304753057e+02
13.650000 0.000000000000e+00 9.510601945009e-03 8.417783732999e-01 7.673585087984e+02 8.270000000000e+02 1.046166213951e-02 7.576005359699e-01 8.057264342383e+02 7.029500000000e+02 7.132951458757e-03 6.906226579186e+02
13.700000 0.000000000000e+00 9.353401717032e-03 8.278646638466e-01 7.546741645709e+02 7.480000000000e+02 1.028874188874e-02 7.450781974620e-01 7.924078727994e+02 6.358000000000e+02 7.015051287774e-03 6.792067481138e+02
13.750000 0.000000000000e+00 9.198799965833e-03 8.141809442055e-01 7.421995240381e+02 7.800000000000e+02 1.011867996242e-02 7.327628497849e-01 7.793095002400e+02 6.630000000000e+02 6.899099974375e-03 6.679795716343e+02
13.800000 0.000000000000e+00 9.046753733317e-03 8.007234121782e-01 7.299311186680e+02 7.270000000000e+02 9.951429106649e-03 7.206510709604e-01 7.664276746014e+02 6.179500000000e+02 6.785065299988e-03 6.569380068012e+02
13.850000 0.000000000000e+00 8.897220771870e-03 7.874883284506e-01 7.178655373769e+02 6.840000000000e+02 9.786942849057e-03 7.087394956056e-01 7.537588142458e+02 5.814000000000e+02 6.672915578902e-03 6.460789836392e+02
13.900000 0.000000000000e+00 8.750159532585e-03 7.744720155509e-01 7.059994255747e+02 6.740000000000e+02 9.625175485843e-03 6.970248139958e-01 7.412993968534e+02 5.729000000000e+02 6.562619649439e-03 6.353994830172e+02
13.950000 0.000000000000e+00 8.605529153700e-03 7.616708568260e-01 6.943294842248e+02 6.590000000000e+02 9.466082069070e-03 6.855037711434e-01 7.290459584360e+02 5.601500000000e+02 6.454146865275e-03 6.248965358023e+02
14.000000 0.000000000000e+00 8.463289449218e-03 7.490812954344e-01 6.828524689214e+02 7.000000000000e+02 9.309618394139e-03 6.741731658910e-01 7.169950923674e+02 5.950000000000e+02 6.347467086913e-03 6.145672220292e+02
14.050000 0.000000000000e+00 8.323400897718e-03 7.366998333560e-01 6.715651889810e+02 6.930000000000e+02 9.155740987490e-03 6.630298500204e-01 7.051434484301e+02 5.890500000000e+02 6.242550673288e-03 6.044086700829e+02
14.100000 0.000000000000e+00 8.185824631356e-03 7.245230304184e-01 6.604645065503e+02 6.500000000000e+02 9.004407094492e-03 6.520707273766e-01 6.934877318778e+02 5.525000000000e+02 6.139368473517e-03 5.944180558953e+02
14.150000 0.000000000000e+00 8.050522425044e-03 7.125475033390e-01 6.495473357278e+02 6.460000000000e+02 8.855574667548e-03 6.412927530051e-01 6.820247025141e+02 5.491000000000e+02 6.037891818783e-03 5.845926021550e+02
14.200000 0.000000000000e+00 7.917456685808e-03 7.007699247837e-01 6.388106417011e+02 6.410000000000e+02 8.709202354389e-03 6.306929323054e-01 6.707511737862e+02 5.448500000000e+02 5.938092514356e-03 5.749295775310e+02
14.250000 0.000000000000e+00 7.786590442330e-03 6.891870224405e-01 6.282514398989e+02 6.280000000000e+02 8.565249486563e-03 6.202683201964e-01 6.596640118938e+02 5.338000000000e+02 5.839942831748e-03 5.654262959090e+02
14.300000 0.000000000000e+00 7.657887334654e-03 6.777955781086e-01 6.178667951557e+02 6.090000000000e+02 8.423676068119e-03 6.100160202978e-01 6.487601349134e+02 5.176500000000e+02 5.743415500990e-03 5.560801156401e+02
14.350000 0.000000000000e+00 7.531311604068e-03 6.665924268036e-01 6.076538208923e+02 6.040000000000e+02 8.284442764474e-03 5.999331841232e-01 6.380365119369e+02 5.134000000000e+02 5.648483703051e-03 5.468884388031e+02
14.400000 0.000000000000e+00 7.406828083155e-03 6.555744558757e-01 5.976096783090e+02 5.750000000000e+02 8.147510891470e-03 5.900170102882e-01 6.274901622245e+02 4.887500000000e+02 5.555121062366e-03 5.378487104781e+02
14.450000 0.000000000000e+00 7.284402186008e-03 6.447386041445e-01 5.877315755925e+02 5.870000000000e+02 8.012842404608e-03 5.802647437301e-01 6.171181543721e+02 4.989500000000e+02 5.463301639506e-03 5.289584180333e+02
14.500000 0.000000000000e+00 7.163999898602e-03 6.340818610467e-01 5.780167671360e+02 6.260000000000e+02 7.880399888462e-03 5.706736749420e-01 6.069176054928e+02 5.321000000000e+02 5.372999923952e-03 5.202150904224e+02
14.550000 0.000000000000e+00 7.045587769337e-03 6.236012657986e-01 5.684625527726e+02 5.750000000000e+02 7.750146546271e-03 5.612411392187e-01 5.968856804113e+02 4.887500000000e+02 5.284190827003e-03 5.116162974954e+02
14.600000 0.000000000000e+00 6.929132899725e-03 6.132939065724e-01 5.590662770214e+02 5.970000000000e+02 7.622046189698e-03 5.519645159151e-01 5.870195908725e+02 5.074500000000e+02 5.196849674794e-03 5.031596493193e+02
14.650000 0.000000000000e+00 6.814602935242e-03 6.031569196862e-01 5.498253283461e+02 5.110000000000e+02 7.496063228767e-03 5.428412277176e-01 5.773165947634e+02 4.343500000000e+02 5.110952201432e-03 4.948427955114e+02
14.700000 0.000000000000e+00 6.701966056326e-03 5.931874888072e-01 5.407371384258e+02 5.100000000000e+02 7.372162661959e-03 5.338687399265e-01 5.677739953471e+02 4.335000000000e+02 5.026474542245e-03 4.866634245832e+02
14.750000 0.000000000000e+00 6.591190969524e-03 5.833828441686e-01 5.317991814389e+02 5.370000000000e+02 7.250310066477e-03 5.250445597518e-01 5.583891405108e+02 4.564500000000e+02 4.943393227143e-03 4.786192632950e+02
14.800000 0.000000000000e+00 6.482246898791e-03 5.737402617987e-01 5.230089733576e+02 5.140000000000e+02 7.130471588670e-03 5.163662356188e-01 5.491594220254e+02 4.369000000000e+02 4.861685174093e-03 4.707080760218e+02
14.850000 0.000000000000e+00 6.375103576926e-03 5.642570627634e-01 5.143640712551e+02 4.920000000000e+02 7.012613934619e-03 5.078313564871e-01 5.400822748179e+02 4.182000000000e+02 4.781327682694e-03 4.629276641296e+02
14.900000 0.000000000000e+00 6.269731237156e-03 5.549306124215e-01 5.058620726246e+02 4.870000000000e+02 6.896704360872e-03 4.994375511793e-01 5.311551762558e+02 4.139500000000e+02 4.702298427867e-03 4.552758653621e+02
14.950000 0.000000000000e+00 6.166100604856e-03 5.457583196911e-01 4.975006147082e+02 4.780000000000e+02 6.782710665342e-03 4.911824877220e-01 5.223756454436e+02 4.063000000000e+02 4.624575453642e-03 4.477505532374e+02
15.000000 0.000000000000e+00 6.064182889409e-03 5.367376363300e-01 4.892773738390e+02 4.830000000000e+02 6.670601178350e-03 4.830638726970e-01 5.137412425310e+02 4.105500000000e+02 4.548137167057e-03 4.403496364551e+02
15.050000 0.000000000000e+00 5.963949776196e-03 5.278660562261e-01 4.811900647926e+02 5.030000000000e+02 6.560344753816e-03 4.750794506035e-01 5.052495680322e+02 4.275500000000e+02 4.472962332147e-03 4.330710583133e+02
15.100000 0.000000000000e+00 5.865373418725e-03 5.191411147012e-01 4.732364401498e+02 4.810000000000e+02 6.451910760598e-03 4.672270032311e-01 4.968982621573e+02 4.088500000000e+02 4.399030064044e-03 4.259127961348e+02
15.150000 0.000000000000e+00 5.768426430887e-03 5.105603878250e-01 4.654142896707e+02 4.520000000000e+02 6.345269073976e-03 4.595043490425e-01 4.886850041543e+02 3.842000000000e+02 4.326319823166e-03 4.188728607037e+02
15.200000 0.000000000000e+00 5.673081879339e-03 5.021214917415e-01 4.577214396781e+02 4.770000000000e+02 6.240390067273e-03 4.519093425673e-01 4.806075116620e+02 4.054500000000e+02 4.254811409504e-03 4.119492957103e+02
15.250000 0.000000000000e+00 5.579313276016e-03 4.938220820061e-01 4.501557524516e+02 4.240000000000e+02 6.137244603618e-03 4.444398738054e-01 4.726635400742e+02 3.604000000000e+02 4.184484957012e-03 4.051401772065e+02
15.300000 0.000000000000e+00 5.487094570765e-03 4.856598529334e-01 4.427151256324e+02 4.740000000000e+02 6.035804027842e-03 4.370938676401e-01 4.648508819141e+02 4.029000000000e+02 4.115320928074e-03 3.984436130692e+02
15.350000 0.000000000000e+00 5.396400144105e-03 4.776325369567e-01 4.353974916370e+02 4.170000000000e+02 5.936040158515e-03 4.298692832610e-01 4.571673662188e+02 3.544500000000e+02 4.047300108079e-03 3.918577424733e+02
15.400000 0.000000000000e+00 5.307204800098e-03 4.697379039968e-01 4.282008170812e+02 4.230000000000e+02 5.837925280108e-03 4.227641135971e-01 4.496108579352e+02 3.595500000000e+02 3.980403600074e-03 3.853807353730e+02
15.450000 0.000000000000e+00 5.219483759351e-03 4.619737608425e-01 4.211231022136e+02 4.340000000000e+02 5.741432135286e-03 4.157763847582e-01 4.421792573243e+02 3.689000000000e+02 3.914612819513e-03 3.790107919922e+02
15.500000 0.000000000000e+00 5.133212652120e-03 4.543379505407e-01 4.141623803588e+02 3.830000000000e+02 5.646533917332e-03 4.089041554867e-01 4.348704993767e+02 3.255500000000e+02 3.849909489090e-03 3.727461423229e+02
15.550000 0.000000000000e+00 5.048367511540e-03 4.468283517969e-01 4.073167173692e+02 4.040000000000e+02 5.553204262694e-03 4.021455166172e-01 4.276825532377e+02 3.434000000000e+02 3.786275633655e-03 3.665850456323e+02
15.600000 0.000000000000e+00 4.964924766960e-03 4.394428783849e-01 4.005842110866e+02 4.180000000000e+02 5.461417243656e-03 3.954985905464e-01 4.206134216410e+02 3.553000000000e+02 3.723693575220e-03 3.605257899780e+02
15.650000 0.000000000000e+00 4.882861237389e-03 4.321794785676e-01 3.939629908123e+02 4.000000000000e+02 5.371147361128e-03 3.889615307109e-01 4.136611403529e+02 3.400000000000e+02 3.662145928042e-03 3.545666917311e+02
15.700000 0.000000000000e+00 4.802154125055e-03 4.250361345262e-01 3.874512167861e+02 3.670000000000e+02 5.282369537561e-03 3.825325210736e-01 4.068237776254e+02 3.119500000000e+02 3.601615593791e-03 3.487060951075e+02
15.750000 0.000000000000e+00 4.722781009066e-03 4.180108617993e-01 3.810470796743e+02 3.750000000000e+02 5.195059109972e-03 3.762097756193e-01 4.000994336581e+02 3.187500000000e+02 3.542085756799e-03 3.429423717069e+02
15.800000 0.000000000000e+00 4.644719839176e-03 4.111017087312e-01 3.747488000657e+02 3.480000000000e+02 5.109191823094e-03 3.699915378581e-01 3.934862400690e+02 2.958000000000e+02 3.483539879382e-03 3.372739200591e+02
15.850000 0.000000000000e+00 4.567948929659e-03 4.043067559297e-01 3.685546279761e+02 3.710000000000e+02 5.024743822625e-03 3.638760803368e-01 3.869823593749e+02 3.153500000000e+02 3.425961697245e-03 3.316991651785e+02
15.900000 0.000000000000e+00 4.492446953279e-03 3.976241157325e-01 3.624628423614e+02 3.400000000000e+02 4.941691648607e-03 3.578617041592e-01 3.805859844794e+02 2.890000000000e+02 3.369335214960e-03 3.262165581252e+02
15.950000 0.000000000000e+00 4.418192935362e-03 3.910519316820e-01 3.564717506384e+02 3.730000000000e+02 4.860012228898e-03 3.519467385138e-01 3.742953381704e+02 3.170500000000e+02 3.313644701522e-03 3.208245755746e+02
16.000000 0.000000000000e+00 4.345166247966e-03 3.845883780100e-01 3.505796882138e+02 3.630000000000e+02 4.779682872762e-03 3.461295402090e-01 3.681086726245e+02 3.085500000000e+02 3.258874685974e-03 3.155217193924e+02
16.050000 0.000000000000e+00 4.273346604147e-03 3.782316591300e-01 3.447850180205e+02 3.150000000000e+02 4.700681264562e-03 3.404084932170e-01 3.620242689215e+02 2.677500000000e+02 3.205009953110e-03 3.103065162185e+02
16.100000 0.000000000000e+00 4.202714052324e-03 3.719800091377e-01 3.390861300624e+02 3.130000000000e+02 4.622985457556e-03 3.347820082240e-01 3.560404365656e+02 2.660500000000e+02 3.152035539243e-03 3.051775170562e+02
16.150000 0.000000000000e+00 4.133248970728e-03 3.658316913209e-01 3.334814409663e+02 3.700000000000e+02 4.546573867800e-03 3.292485221888e-01 3.501555130146e+02 3.145000000000e+02 3.099936728046e-03 3.001332968696e+02
16.200000 0.000000000000e+00 4.064932061952e-03 3.597849976762e-01 3.279693935409e+02 3.040000000000e+02 4.471425268147e-03 3.238064979086e-01 3.443678632179e+02 2.584000000000e+02 3.048699046464e-03 2.951724541868e+02
16.250000 0.000000000000e+00 3.997744347589e-03 3.538382484348e-01 3.225484563441e+02 3.410000000000e+02 4.397518782348e-03 3.184544235913e-01 3.386758791613e+02 2.898500000000e+02 2.998308260692e-03 2.902936107097e+02
16.300000 0.000000000000e+00 3.931667162953e-03 3.479897915951e-01 3.172171232563e+02 3.220000000000e+02 4.324833879249e-03 3.131908124356e-01 3.330779794191e+02 2.737000000000e+02 2.948750372215e-03 2.854954109307e+02
16.350000 0.000000000000e+00 3.866682151897e-03 3.422380024641e-01 3.119739130618e+02 3.250000000000e+02 4.253350367087e-03 3.080142022177e-01 3.275726087149e+02 2.762500000000e+02 2.900011613923e-03 2.807765217556e+02
16.400000 0.000000000000e+00 3.802771261706e-03 3.365812832057e-01 3.068173690364e+02 3.110000000000e+02 4.183048387876e-03 3.029231548852e-01 3.221582374882e+02 2.643500000000e+02 2.852078446279e-03 2.761356321327e+02
16.450000 0.000000000000e+00 3.739916738084e-03 3.310180623965e-01 3.017460585423e+02 3.090000000000e+02 4.113908411893e-03 2.979162561569e-01 3.168333614694e+02 2.626500000000e+02 2.804937553563e-03 2.715714526881e+02
16.500000 0.000000000000e+00 3.678101120221e-03 3.255467945893e-01 2.967585726295e+02 3.090000000000e+02 4.045911232243e-03 2.929921151303e-01 3.115965012610e+02 2.626500000000e+02 2.758575840166e-03 2.670827153666e+02
16.550000 0.000000000000e+00 3.617307235935e-03 3.201659598833e-01 2.918535256439e+02 3.050000000000e+02 3.979037959529e-03 2.881493638950e-01 3.064462019261e+02 2.592500000000e+02 2.712980426952e-03 2.626681730795e+02
16.600000 0.000000000000e+00 3.557518196907e-03 3.148740635022e-01 2.870295548419e+02 3.050000000000e+02 3.913270016597e-03 2.833866571520e-01 3.013810325840e+02 2.592500000000e+02 2.668138647680e-03 2.583265993577e+02
16.650000 0.000000000000e+00 3.498717393980e-03 3.096696353784e-01 2.822853200110e+02 2.690000000000e+02 3.848589133378e-03 2.787026718406e-01 2.963995860116e+02 2.286500000000e+02 2.624038045485e-03 2.540567880099e+02
16.700000 0.000000000000e+00 3.440888492551e-03 3.045512297448e-01 2.776195030977e+02 3.000000000000e+02 3.784977341806e-03 2.740961067703e-01 2.915004782526e+02 2.550000000000e+02 2.580666369413e-03 2.498575527880e+02
16.750000 0.000000000000e+00 3.384015428028e-03 2.995174247327e-01 2.730308078404e+02 2.690000000000e+02 3.722416970831e-03 2.695656822595e-01 2.866823482324e+02 2.286500000000e+02 2.538011571021e-03 2.457277270564e+02
16.800000 0.000000000000e+00 3.328082401366e-03 2.945668219770e-01 2.685179594089e+02 2.630000000000e+02 3.660890641503e-03 2.651101397793e-01 2.819438573794e+02 2.235500000000e+02 2.496061801024e-03 2.416661634681e+02
16.850000 0.000000000000e+00 3.273073874677e-03 2.896980462274e-01 2.640797040503e+02 2.600000000000e+02 3.600381262144e-03 2.607282416047e-01 2.772836892528e+02 2.210000000000e+02 2.454805406008e-03 2.376717336453e+02
16.900000 0.000000000000e+00 3.218974566912e-03 2.849097449664e-01 2.597148087397e+02 2.670000000000e+02 3.540872023603e-03 2.564187704697e-01 2.727005491767e+02 2.269500000000e+02 2.414230925184e-03 2.337433278657e+02
16.950000 0.000000000000e+00 3.165769449618e-03 2.802005880333e-01 2.554220608379e+02 2.530000000000e+02 3.482346394580e-03 2.521805292299e-01 2.681931638798e+02 2.150500000000e+02 2.374327087213e-03 2.298798547541e+02
17.000000 0.000000000000e+00 3.113443742756e-03 2.755692672548e-01 2.512002677538e+02 2.280000000000e+02 3.424788117032e-03 2.480123405293e-01 2.637602811415e+02 1.938000000000e+02 2.335082807067e-03 2.260802409784e+02
17.050000 0.000000000000e+00 3.061982910600e-03 2.710144960814e-01 2.470482566131e+02 2.570000000000e+02 3.368181201660e-03 2.439130464732e-01 2.594006694437e+02 2.184500000000e+02 2.296487182950e-03 2.223434309518e+02
17.100000 0.000000000000e+00 3.011372657695e-03 2.665350092298e-01 2.429648739318e+02 2.550000000000e+02 3.312509923464e-03 2.398815083068e-01 2.551131176284e+02 2.167500000000e+02 2.258529493271e-03 2.186683865386e+02
17.150000 0.000000000000e+00 2.961598924884e-03 2.621295623316e-01 2.389489852960e+02 2.580000000000e+02 3.257758817372e-03 2.359166060985e-01 2.508964345607e+02 2.193000000000e+02 2.221199193663e-03 2.150540867664e+02
17.200000 0.000000000000e+00 2.912647885405e-03 2.577969315873e-01 2.349994750458e+02 2.310000000000e+02 3.203912673945e-03 2.320172384286e-01 2.467494487981e+02 1.963500000000e+02 2.184485914054e-03 2.114995275412e+02
17.250000 0.000000000000e+00 2.864505941045e-03 2.535359134262e-01 2.311152459658e+02 2.140000000000e+02 3.150956535150e-03 2.281823220836e-01 2.426710082640e+02 1.819000000000e+02 2.148379455784e-03 2.080037213692e+02
17.300000 0.000000000000e+00 2.817159718366e-03 2.493453241723e-01 2.272952189795e+02 2.040000000000e+02 3.098875690203e-03 2.244107917551e-01 2.386599799285e+02 1.734000000000e+02 2.112869788775e-03 2.045656970816e+02
17.350000 0.000000000000e+00 2.770596064985e-03 2.452239997152e-01 2.235383328499e+02 2.180000000000e+02 3.047655671483e-03 2.207015997437e-01 2.347152494924e+02 1.853000000000e+02 2.077947048739e-03 2.011844995649e+02
17.400000 0.000000000000e+00 2.724802045921e-03 2.411707951865e-01 2.198435438838e+02 2.150000000000e+02 2.997282250514e-03 2.170537156678e-01 2.308357210780e+02 1.827500000000e+02 2.043601534441e-03 1.978591894954e+02
17.450000 0.000000000000e+00 2.679764940004e-03 2.371845846420e-01 2.162098256421e+02 2.290000000000e+02 2.947741434005e-03 2.134661261778e-01 2.270203169242e+02 1.946500000000e+02 2.009823705003e-03 1.945888430779e+02
17.500000 0.000000000000e+00 2.635472236336e-03 2.332642607489e-01 2.126361686542e+02 2.050000000000e+02 2.899019459969e-03 2.099378346740e-01 2.232679770869e+02 1.742500000000e+02 1.976604177252e-03 1.913725517888e+02
17.550000 0.000000000000e+00 2.591911630816e-03 2.294087344776e-01 2.091215801378e+02 2.150000000000e+02 2.851102793897e-03 2.064678610299e-01 2.195776591447e+02 1.827500000000e+02 1.943933723112e-03 1.882094221240e+02
17.600000 0.000000000000e+00 2.549071022724e-03 2.256169347999e-01 2.056650837224e+02 1.860000000000e+02 2.803978124997e-03 2.030552413199e-01 2.159483379085e+02 1.581000000000e+02 1.911803267043e-03 1.850985753501e+02
17.650000 0.000000000000e+00 2.506938511358e-03 2.218878083906e-01 2.022657191781e+02 1.820000000000e+02 2.757632362494e-03 1.996990275516e-01 2.123790051371e+02 1.547000000000e+02 1.880203883518e-03 1.820391472603e+02
17.700000 0.000000000000e+00 2.465502392724e-03 2.182203193356e-01 1.989225421491e+02 1.930000000000e+02 2.712052631996e-03 1.963982874021e-01 2.088686692565e+02 1.640500000000e+02 1.849126794543e-03 1.790302879342e+02
17.750000 0.000000000000e+00 2.424751156289e-03 2.146134488437e-01 1.956346238903e+02 1.800000000000e+02 2.667226271917e-03 1.931521039593e-01 2.054163550848e+02 1.530000000000e+02 1.818563367216e-03 1.760711615013e+02
17.800000 0.000000000000e+00 2.384673481779e-03 2.110661949633e-01 1.924010510101e+02 1.830000000000e+02 2.623140829957e-03 1.899595754670e-01 2.020211035606e+02 1.555500000000e+02 1.788505111334e-03 1.731609459091e+02
17.850000 0.000000000000e+00 2.345258236039e-03 2.075775723047e-01 1.892209252160e+02 1.870000000000e+02 2.579784059643e-03 1.868198150742e-01 1.986819714768e+02 1.589500000000e+02 1.758943677029e-03 1.702988326944e+02
17.900000 0.000000000000e+00 2.306494469933e-03 2.041466117656e-01 1.860933630650e+02 1.850000000000e+02 2.537143916926e-03 1.837319505891e-01 1.953980312183e+02 1.572500000000e+02 1.729870852450e-03 1.674840267585e+02
17.950000 0.000000000000e+00 2.268371415308e-03 2.007723602626e-01 1.830174957181e+02 2.070000000000e+02 2.495208556838e-03 1.806951242363e-01 1.921683705040e+02 1.759500000000e+02 1.701278561481e-03 1.647157461463e+02
18.000000 0.000000000000e+00 2.230878481998e-03 1.974538804656e-01 1.799924686988e+02 1.800000000000e+02 2.453966330197e-03 1.777084924190e-01 1.889920921338e+02 1.530000000000e+02 1.673158861498e-03 1.619932218289e+02
18.050000 0.000000000000e+00 2.194005254885e-03 1.941902505380e-01 1.770174416557e+02 1.840000000000e+02 2.413405780374e-03 1.747712254842e-01 1.858683137385e+02 1.564000000000e+02 1.645503941164e-03 1.593156974902e+02
18.100000 0.000000000000e+00 2.157741491004e-03 1.909805638803e-01 1.740915881289e+02 1.810000000000e+02 2.373515640105e-03 1.718825074923e-01 1.827961675353e+02 1.538500000000e+02 1.618306118253e-03 1.566824293160e+02
18.150000 0.000000000000e+00 2.122077116698e-03 1.878239288785e-01 1.712140953201e+02 1.770000000000e+02 2.334284828367e-03 1.690415359906e-01 1.797748000861e+02 1.504500000000e+02 1.591557837523e-03 1.540926857881e+02
18.200000 0.000000000000e+00 2.087002224816e-03 1.847194686558e-01 1.683841638672e+02 1.550000000000e+02 2.295702447297e-03 1.662475217902e-01 1.768033720605e+02 1.317500000000e+02 1.565251668612e-03 1.515457474805e+02
18.250000 0.000000000000e+00 2.052507071965e-03 1.816663208297e-01 1.656010076216e+02 1.610000000000e+02 2.257757779161e-03 1.634996887467e-01 1.738810580026e+02 1.368500000000e+02 1.539380303974e-03 1.490409068594e+02
18.300000 0.000000000000e+00 2.018582075802e-03 1.786636372719e-01 1.628638534300e+02 1.650000000000e+02 2.220440283382e-03 1.607972735447e-01 1.710070461016e+02 1.402500000000e+02 1.513936556851e-03 1.465774680870e+02
18.350000 0.000000000000e+00 1.985217812370e-03 1.757105838731e-01 1.601719409198e+02 1.600000000000e+02 2.183739593607e-03 1.581395254858e-01 1.681805379658e+02 1.360000000000e+02 1.488913359277e-03 1.441547468278e+02
18.400000 0.000000000000e+00 1.952405013480e-03 1.728063403108e-01 1.575245222872e+02 1.560000000000e+02 2.147645514828e-03 1.555257062797e-01 1.654007484016e+02 1.326000000000e+02 1.464303760110e-03 1.417720700585e+02
18.450000 0.000000000000e+00 1.920134564140e-03 1.699500998217e-01 1.549208620898e+02 1.650000000000e+02 2.112148020554e-03 1.529550898395e-01 1.626669051943e+02 1.402500000000e+02 1.440100923105e-03 1.394287758808e+02
18.500000 0.000000000000e+00 1.888397500018e-03 1.671410689775e-01 1.523602370421e+02 1.620000000000e+02 2.077237250020e-03 1.504269620798e-01 1.599782488942e+02 1.377000000000e+02 1.416298125013e-03 1.371242133379e+02
18.550000 0.000000000000e+00 1.857185004952e-03 1.643784674645e-01 1.498419358147e+02 1.430000000000e+02 2.042903505447e-03 1.479406207181e-01 1.573340326054e+02 1.215500000000e+02 1.392888753714e-03 1.348577422332e+02
18.600000 0.000000000000e+00 1.826488408505e-03 1.616615278667e-01 1.473652588362e+02 1.510000000000e+02 2.009137249356e-03 1.454953750801e-01 1.547335217780e+02 1.283500000000e+02 1.369866306379e-03 1.326287329526e+02
18.650000 0.000000000000e+00 1.796299183552e-03 1.589894954529e-01 1.449295180993e+02 1.060000000000e+02 1.975929101907e-03 1.430905459076e-01 1.521759940042e+02 9.010000000000e+01 1.347224387664e-03 1.304365662894e+02
18.700000 0.000000000000e+00 1.766608943911e-03 1.563616279665e-01 1.425340369693e+02 1.470000000000e+02 1.943269838303e-03 1.407254651698e-01 1.496607388177e+02 1.249500000000e+02 1.324956707934e-03 1.282806332723e+02
18.750000 0.000000000000e+00 1.737409442018e-03 1.537771954198e-01 1.401781499961e+02 1.560000000000e+02 1.911150386220e-03 1.383994758779e-01 1.471870574959e+02 1.326000000000e+02 1.303057081514e-03 1.261603349965e+02
18.800000 0.000000000000e+00 1.708692566630e-03 1.512354798912e-01 1.378612027296e+02 1.640000000000e+02 1.879561823293e-03 1.361119319020e-01 1.447542628661e+02 1.394000000000e+02 1.281519424972e-03 1.240750824566e+02
18.850000 0.000000000000e+00 1.680450340573e-03 1.487357753251e-01 1.355825515373e+02 1.430000000000e+02 1.848495374631e-03 1.338621977926e-01 1.423616791142e+02 1.215500000000e+02 1.260337755430e-03 1.220242963836e+02
18.900000 0.000000000000e+00 1.652674918531e-03 1.462773873366e-01 1.333415634261e+02 1.410000000000e+02 1.817942410384e-03 1.316496486029e-01 1.400086415974e+02 1.198500000000e+02 1.239506188898e-03 1.200074070835e+02
18.950000 0.000000000000e+00 1.625358584858e-03 1.438596330181e-01 1.311376158657e+02 1.310000000000e+02 1.787894443343e-03 1.294736697163e-01 1.376944966590e+02 1.113500000000e+02 1.219018938643e-03 1.180238542792e+02
19.000000 0.000000000000e+00 1.598493751441e-03 1.414818407497e-01 1.289700966164e+02 1.440000000000e+02 1.758343126585e-03 1.273336566747e-01 1.354186014472e+02 1.224000000000e+02 1.198870313580e-03 1.160730869547e+02
19.050000 0.000000000000e+00 1.572072955589e-03 1.391433500126e-01 1.268384035582e+02 1.330000000000e+02 1.729280251148e-03 1.252290150113e-01 1.331803237361e+02 1.130500000000e+02 1.179054716692e-03 1.141545632024e+02
19.100000 0.000000000000e+00 1.546088857964e-03 1.368435112056e-01 1.247419445243e+02 1.230000000000e+02 1.700697743760e-03 1.231591600850e-01 1.309790417505e+02 1.045500000000e+02 1.159566643473e-03 1.122677500719e+02
19.150000 0.000000000000e+00 1.520534240533e-03 1.345816854647e-01 1.226801371358e+02 1.230000000000e+02 1.672587664587e-03 1.211235169182e-01 1.288141439926e+02 1.045500000000e+02 1.140400680400e-03 1.104121234222e+02
19.200000 0.000000000000e+00 1.495402004575e-03 1.323572444855e-01 1.206524086404e+02 1.160000000000e+02 1.644942205032e-03 1.191215200370e-01 1.266850290725e+02 9.860000000000e+01 1.121551503431e-03 1.085871677764e+02
19.250000 0.000000000000e+00 1.470685168697e-03 1.301695703490e-01 1.186581957532e+02 1.000000000000e+02 1.617753685567e-03 1.171526133141e-01 1.245911055408e+02 8.500000000000e+01 1.103013876523e-03 1.067923761779e+02
19.300000 0.000000000000e+00 1.446376866903e-03 1.280180553492e-01 1.166969444998e+02 1.250000000000e+02 1.591014553594e-03 1.152162498143e-01 1.225317917248e+02 1.062500000000e+02 1.084782650178e-03 1.050272500498e+02
19.350000 0.000000000000e+00 1.422470346685e-03 1.259021018252e-01 1.147681100630e+02 1.090000000000e+02 1.564717381353e-03 1.133118916427e-01 1.205065155661e+02 9.265000000000e+01 1.066852760014e-03 1.032912990567e+02
19.400000 0.000000000000e+00 1.398958967143e-03 1.238211219945e-01 1.128711566308e+02 1.100000000000e+02 1.538854863857e-03 1.114390097951e-01 1.185147144623e+02 9.350000000000e+01 1.049219225357e-03 1.015840409677e+02
19.450000 0.000000000000e+00 1.375836197143e-03 1.217745377900e-01 1.110055572481e+02 1.230000000000e+02 1.513419816858e-03 1.095970840110e-01 1.165558351105e+02 1.045500000000e+02 1.031877147858e-03 9.990500152325e+01
19.500000 0.000000000000e+00 1.353095613507e-03 1.197617806993e-01 1.091707936698e+02 7.400000000000e+01 1.488405174857e-03 1.077856026294e-01 1.146293333533e+02 6.290000000000e+01 1.014821710130e-03 9.825371430280e+01
19.550000 0.000000000000e+00 1.330730899218e-03 1.177822916069e-01 1.073663562172e+02 1.030000000000e+02 1.463803989140e-03 1.060040624462e-01 1.127346740280e+02 8.755000000000e+01 9.980481744137e-04 9.662972059546e+01
19.600000 0.000000000000e+00 1.308735841677e-03 1.158355206386e-01 1.055917436361e+02 1.090000000000e+02 1.439609425845e-03 1.042519685747e-01 1.108713308179e+02 9.265000000000e+01 9.815518812579e-04 9.503256927252e+01
19.650000 0.000000000000e+00 1.287104330969e-03 1.139209270091e-01 1.038464629578e+02 9.600000000000e+01 1.415814764066e-03 1.025288343082e-01 1.090387861057e+02 8.160000000000e+01 9.653282482265e-04 9.346181666205e+01
19.700000 0.000000000000e+00 1.265830358167e-03 1.120379788717e-01 1.021300293619e+02 1.120000000000e+02 1.392413393984e-03 1.008341809845e-01 1.072365308300e+02 9.520000000000e+01 9.493727686255e-04 9.191702642574e+01
19.750000 0.000000000000e+00 1.244908013668e-03 1.101861531702e-01 1.004419660417e+02 9.500000000000e+01 1.369398815035e-03 9.916753785315e-02 1.054640643438e+02 8.075000000000e+01 9.336810102509e-04 9.039776943755e+01
19.800000 0.000000000000e+00 1.224331485543e-03 1.083649354940e-01 9.878180407178e+01 1.080000000000e+02 1.346764634097e-03 9.752844194462e-02 1.037208942754e+02 9.180000000000e+01 9.182486141572e-04 8.890362366460e+01
19.850000 0.000000000000e+00 1.204095057930e-03 1.065738199352e-01 9.714908227759e+01 8.600000000000e+01 1.324504563723e-03 9.591643794165e-02 1.020065363915e+02 7.310000000000e+01 9.030712934472e-04 8.743417404983e+01
19.900000 0.000000000000e+00 1.184193109440e-03 1.048123089476e-01 9.554334710750e+01 1.020000000000e+02 1.302612420384e-03 9.433107805282e-02 1.003205144629e+02 8.670000000000e+01 8.881448320803e-04 8.598901239675e+01
19.950000 0.000000000000e+00 1.164620111602e-03 1.030799132090e-01 9.396415250663e+01 9.800000000000e+01 1.281082122763e-03 9.277192188811e-02 9.866236013196e+01 8.330000000000e+01 8.734650837018e-04 8.456773725596e+01
20.000000 0.000000000000e+00 1.145370627321e-03 1.013761514851e-01 9.241105979302e+01 8.400000000000e+01 1.259907690053e-03 9.123853633661e-02 9.703161278267e+01 7.140000000000e+01 8.590279704909e-04 8.316995381372e+01
20.050000 0.000000000000e+00 1.126439309371e-03 9.970055049571e-02 9.088363753573e+01 8.700000000000e+01 1.239083240308e-03 8.973049544614e-02 9.542781941251e+01 7.395000000000e+01 8.448294820279e-04 8.179527378216e+01
20.100000 0.000000000000e+00 1.107820898907e-03 9.805264478333e-02 8.938146143496e+01 1.060000000000e+02 1.218602988798e-03 8.824738030499e-02 9.385053450671e+01 9.010000000000e+01 8.308656741803e-04 8.044331529146e+01
20.150000 0.000000000000e+00 1.089510224009e-03 9.643197658389e-02 8.790411420419e+01 8.900000000000e+01 1.198461246410e-03 8.678877892550e-02 9.229931991440e+01 7.565000000000e+01 8.171326680067e-04 7.911370278377e+01
20.200000 0.000000000000e+00 1.071502198240e-03 9.483809569958e-02 8.645118545426e+01 9.200000000000e+01 1.178652418064e-03 8.535428612963e-02 9.077374472697e+01 7.820000000000e+01 8.036266486797e-04 7.780606690883e+01
20.250000 0.000000000000e+00 1.053791819235e-03 9.327055937377e-02 8.502227157932e+01 7.000000000000e+01 1.159171001158e-03 8.394350343639e-02 8.927338515829e+01 5.950000000000e+01 7.903438644261e-04 7.652004442139e+01
20.300000 0.000000000000e+00 1.036374167313e-03 9.172893216799e-02 8.361697564475e+01 9.000000000000e+01 1.140011584044e-03 8.255603895119e-02 8.779782442699e+01 7.650000000000e+01 7.772806254845e-04 7.525527808027e+01
20.350000 0.000000000000e+00 1.019244404107e-03 9.021278584101e-02 8.223490727684e+01 8.200000000000e+01 1.121168844518e-03 8.119150725691e-02 8.634665264069e+01 6.970000000000e+01 7.644333030802e-04 7.401141654916e+01
20.400000 0.000000000000e+00 1.002397771224e-03 8.872169922986e-02 8.087568255439e+01 7.800000000000e+01 1.102637548346e-03 7.984952930687e-02 8.491946668210e+01 6.630000000000e+01 7.517983284177e-04 7.278811429895e+01
20.450000 0.000000000000e+00 9.858295889181e-04 8.725525813284e-02 7.953892390197e+01 9.200000000000e+01 1.084412547810e-03 7.852973231955e-02 8.351587009707e+01 7.820000000000e+01 7.393721916886e-04 7.158503151177e+01
20.500000 0.000000000000e+00 9.695352547963e-04 8.581305519443e-02 7.822425998513e+01 8.300000000000e+01 1.066488780276e-03 7.723174967499e-02 8.213547298439e+01 7.055000000000e+01 7.271514410972e-04 7.040183398662e+01
20.550000 0.000000000000e+00 9.535102425351e-04 8.439468979218e-02 7.693132560715e+01 9.400000000000e+01 1.048861266789e-03 7.595522081296e-02 8.077789188751e+01 7.990000000000e+01 7.151326819013e-04 6.923819304644e+01
20.600000 0.000000000000e+00 9.377501006256e-04 8.299976792538e-02 7.565976160764e+01 8.000000000000e+01 1.031525110688e-03 7.469979113284e-02 7.944274968802e+01 6.800000000000e+01 7.033125754692e-04 6.809378544688e+01
20.650000 0.000000000000e+00 9.222504511365e-04 8.162790210562e-02 7.440921476273e+01 8.500000000000e+01 1.014475496250e-03 7.346511189506e-02 7.812967550087e+01 7.225000000000e+01 6.916878383523e-04 6.696829328646e+01
20.700000 0.000000000000e+00 9.070069884975e-04 8.027871124916e-02 7.317933768695e+01 8.900000000000e+01 9.977076873473e-04 7.225084012424e-02 7.683830457130e+01 7.565000000000e+01 6.802552413731e-04 6.586140391826e+01
20.750000 0.000000000000e+00 8.920154783039e-04 7.895182057105e-02 7.196978873674e+01 6.800000000000e+01 9.812170261343e-04 7.105663851394e-02 7.556827817358e+01 5.780000000000e+01 6.690116087279e-04 6.477280986307e+01
20.800000 0.000000000000e+00 8.772717561398e-04 7.764686148103e-02 7.078023191551e+01 6.100000000000e+01 9.649989317538e-04 6.988217533292e-02 7.431924351129e+01 5.185000000000e+01 6.579538171048e-04 6.370220872396e+01
20.850000 0.000000000000e+00 8.627717264214e-04 7.636347148114e-02 6.961033678033e+01 7.200000000000e+01 9.490488990635e-04 6.872712433302e-02 7.309085361935e+01 6.120000000000e+01 6.470787948161e-04 6.264930310230e+01
20.900000 0.000000000000e+00 8.485113612594e-04 7.510129406502e-02 6.845977835010e+01 8.000000000000e+01 9.333624973854e-04 6.759116465851e-02 7.188276726761e+01 6.800000000000e+01 6.363835209446e-04 6.161380051509e+01
20.950000 0.000000000000e+00 8.344866993401e-04 7.385997861886e-02 6.732823701529e+01 6.800000000000e+01 9.179353692741e-04 6.647398075698e-02 7.069464886605e+01 5.780000000000e+01 6.258650245051e-04 6.059541331376e+01
21.000000 0.000000000000e+00 8.206938448247e-04 7.263918032405e-02 6.621539844914e+01 6.200000000000e+01 9.027632293071e-04 6.537526229164e-02 6.952616837159e+01 5.270000000000e+01 6.155203836185e-04 5.959385860422e+01
21.050000 0.000000000000e+00 8.071289662674e-04 7.143856006132e-02 6.512095352034e+01 4.000000000000e+01 8.878418628941e-04 6.429470405518e-02 6.837700119636e+01 3.400000000000e+01 6.053467247005e-04 5.860885816831e+01
21.100000 0.000000000000e+00 7.937882955510e-04 7.025778431659e-02 6.404459820717e+01 6.100000000000e+01 8.731671251061e-04 6.323200588493e-02 6.724682811753e+01 5.185000000000e+01 5.953412216632e-04 5.764013838646e+01
21.150000 0.000000000000e+00 7.806681268400e-04 6.909652508833e-02 6.298603351302e+01 6.500000000000e+01 8.587349395240e-04 6.218687257950e-02 6.613533518867e+01 5.525000000000e+01 5.855010951300e-04 5.668743016172e+01
21.200000 0.000000000000e+00 7.677648155513e-04 6.795445979640e-02 6.194496538333e+01 5.700000000000e+01 8.445412971064e-04 6.115901381676e-02 6.504221365249e+01 4.845000000000e+01 5.758236116635e-04 5.575046884499e+01
21.250000 0.000000000000e+00 7.550747773417e-04 6.683127119247e-02 6.092110462390e+01 8.300000000000e+01 8.305822550759e-04 6.014814407322e-02 6.396715985510e+01 7.055000000000e+01 5.663060830063e-04 5.482899416151e+01
21.300000 0.000000000000e+00 7.425944871123e-04 6.572664727188e-02 5.991416682059e+01 5.500000000000e+01 8.168539358235e-04 5.915398254469e-02 6.290987516162e+01 4.675000000000e+01 5.569458653342e-04 5.392275013853e+01
21.350000 0.000000000000e+00 7.303204780291e-04 6.464028118699e-02 5.892387226024e+01 8.200000000000e+01 8.033525258320e-04 5.817625306829e-02 6.187006587325e+01 6.970000000000e+01 5.477403585218e-04 5.303148503421e+01
21.400000 0.000000000000e+00 7.182493405602e-04 6.357187116193e-02 5.794994585302e+01 5.400000000000e+01 7.900742746162e-04 5.721468404573e-02 6.084744314567e+01 4.590000000000e+01 5.386870054201e-04 5.215495126772e+01
21.450000 0.000000000000e+00 7.063777215284e-04 6.252112040873e-02 5.699211705601e+01 5.300000000000e+01 7.770154936812e-04 5.626900836786e-02 5.984172290882e+01 4.505000000000e+01 5.297832911463e-04 5.129290535041e+01
21.500000 0.000000000000e+00 6.947023231799e-04 6.148773704496e-02 5.605011979801e+01 4.900000000000e+01 7.641725554978e-04 5.533896334046e-02 5.885262578791e+01 4.165000000000e+01 5.210267423849e-04 5.044510781821e+01
21.550000 0.000000000000e+00 6.832199022681e-04 6.047143401256e-02 5.512369240565e+01 5.600000000000e+01 7.515418924949e-04 5.442429061131e-02 5.787987702593e+01 4.760000000000e+01 5.124149267011e-04 4.961132316508e+01
21.600000 0.000000000000e+00 6.719272691530e-04 5.947192899817e-02 5.421257753067e+01 4.800000000000e+01 7.391199960683e-04 5.352473609835e-02 5.692320640721e+01 4.080000000000e+01 5.039454518647e-04 4.879131977761e+01
21.650000 0.000000000000e+00 6.608212869146e-04 5.848894435465e-02 5.331652207850e+01 6.300000000000e+01 7.269034156060e-04 5.264004991919e-02 5.598234818242e+01 5.355000000000e+01 4.956159651859e-04 4.798486987065e+01
21.700000 0.000000000000e+00 6.498988704818e-04 5.752220702400e-02 5.243527713785e+01 5.800000000000e+01 7.148887575300e-04 5.176998632160e-02 5.505704099474e+01 4.930000000000e+01 4.874241528614e-04 4.719174942406e+01
21.750000 0.000000000000e+00 6.391569857758e-04 5.657144846147e-02 5.156859791164e+01 3.800000000000e+01 7.030726843534e-04 5.091430361532e-02 5.414702780722e+01 3.230000000000e+01 4.793677393318e-04 4.641173812047e+01
21.800000 0.000000000000e+00 6.285926488663e-04 5.563640456098e-02 5.071624364897e+01 3.700000000000e+01 6.914519137529e-04 5.007276410488e-02 5.325205583142e+01 3.145000000000e+01 4.714444866497e-04 4.564461928408e+01
21.850000 0.000000000000e+00 6.182029251436e-04 5.471681558177e-02 4.987797757826e+01 5.500000000000e+01 6.800232176580e-04 4.924513402359e-02 5.237187645717e+01 4.675000000000e+01 4.636521938577e-04 4.489017982043e+01
21.900000 0.000000000000e+00 6.079849285028e-04 5.381242607620e-02 4.905356684141e+01 5.500000000000e+01 6.687834213531e-04 4.843118346858e-02 5.150624518348e+01 4.675000000000e+01 4.559886963771e-04 4.414821015727e+01
21.950000 0.000000000000e+00 5.979358205424e-04 5.292298481885e-02 4.824278242921e+01 4.100000000000e+01 6.577294025966e-04 4.763068633697e-02 5.065492155068e+01 3.485000000000e+01 4.484518654068e-04 4.341850418629e+01
22.000000 0.000000000000e+00 5.880528097753e-04 5.204824473669e-02 4.744539911766e+01 4.000000000000e+01 6.468580907529e-04 4.684342026302e-02 4.981766907354e+01 3.400000000000e+01 4.410396073315e-04 4.270085920589e+01
22.050000 0.000000000000e+00 5.783331508542e-04 5.118796284046e-02 4.666119540540e+01 4.800000000000e+01 6.361664659397e-04 4.606916655641e-02 4.899425517567e+01 4.080000000000e+01 4.337498631407e-04 4.199507586486e+01
22.100000 0.000000000000e+00 5.687741438083e-04 5.034190015715e-02 4.588995345221e+01 3.600000000000e+01 6.256515581892e-04 4.530771014143e-02 4.818445112482e+01 3.060000000000e+01 4.265806078563e-04 4.130095810699e+01
22.150000 0.000000000000e+00 5.593731332935e-04 4.950982166366e-02 4.513145901848e+01 3.700000000000e+01 6.153104466229e-04 4.455883949730e-02 4.738803196941e+01 3.145000000000e+01 4.195298499702e-04 4.061831311663e+01
22.200000 0.000000000000e+00 5.501275078548e-04 4.869149622150e-02 4.438550140571e+01 4.300000000000e+01 6.051402586403e-04 4.382234659935e-02 4.660477647600e+01 3.655000000000e+01 4.125956308911e-04 3.994695126514e+01
22.250000 0.000000000000e+00 5.410346992009e-04 4.788669651253e-02 4.365187339795e+01 5.500000000000e+01 5.951381691210e-04 4.309802686128e-02 4.583446706785e+01 4.675000000000e+01 4.057760244007e-04 3.928668605815e+01
22.300000 0.000000000000e+00 5.320921814906e-04 4.709519897590e-02 4.293037120425e+01 5.400000000000e+01 5.853013996397e-04 4.238567907831e-02 4.507688976447e+01 4.590000000000e+01 3.990691361180e-04 3.863733408383e+01
22.350000 0.000000000000e+00 5.232974706314e-04 4.631678374587e-02 4.222079440207e+01 4.400000000000e+01 5.756272176946e-04 4.168510537129e-02 4.433183412218e+01 3.740000000000e+01 3.924731029736e-04 3.799871496187e+01
22.400000 0.000000000000e+00 5.146481235893e-04 4.555123459080e-02 4.152294588158e+01 4.200000000000e+01 5.661129359482e-04 4.099611113172e-02 4.359909317566e+01 3.570000000000e+01 3.859860926920e-04 3.737065129342e+01
22.450000 0.000000000000e+00 5.061417377100e-04 4.479833885302e-02 4.083663179090e+01 3.900000000000e+01 5.567559114811e-04 4.031850496772e-02 4.287846338045e+01 3.315000000000e+01 3.796063032825e-04 3.675296861181e+01
22.500000 0.000000000000e+00 4.977759500520e-04 4.405788738982e-02 4.016166148227e+01 3.000000000000e+01 5.475535450572e-04 3.965209865084e-02 4.216974455639e+01 2.550000000000e+01 3.733319625390e-04 3.614549533405e+01
22.550000 0.000000000000e+00 4.895484367296e-04 4.332967451529e-02 3.949784745909e+01 4.000000000000e+01 5.385032804026e-04 3.899670706376e-02 4.147273983204e+01 3.400000000000e+01 3.671613275472e-04 3.554806271318e+01
22.600000 0.000000000000e+00 4.814569122677e-04 4.261349794324e-02 3.884500532379e+01 4.400000000000e+01 5.296026034944e-04 3.835214814892e-02 4.078725558998e+01 3.740000000000e+01 3.610926842007e-04 3.496050479141e+01
22.650000 0.000000000000e+00 4.734991289668e-04 4.190915873098e-02 3.820295372669e+01 4.300000000000e+01 5.208490418634e-04 3.771824285788e-02 4.011310141302e+01 3.655000000000e+01 3.551243467251e-04 3.438265835402e+01
22.700000 0.000000000000e+00 4.656728762787e-04 4.121646122404e-02 3.757151431554e+01 4.500000000000e+01 5.122401639066e-04 3.709481510164e-02 3.945009003131e+01 3.825000000000e+01 3.492546572090e-04 3.381436288398e+01
22.750000 0.000000000000e+00 4.579759801925e-04 4.053521300186e-02 3.695051168601e+01 2.700000000000e+01 5.037735782117e-04 3.648169170167e-02 3.879803727031e+01 2.295000000000e+01 3.434819851444e-04 3.325546051741e+01
22.800000 0.000000000000e+00 4.504063026304e-04 3.986522482431e-02 3.633977333298e+01 5.000000000000e+01 4.954469328935e-04 3.587870234188e-02 3.815676199963e+01 4.250000000000e+01 3.378047269728e-04 3.270579599968e+01
22.850000 0.000000000000e+00 4.429617408543e-04 3.920631057912e-02 3.573912960260e+01 4.300000000000e+01 4.872579149397e-04 3.528567952121e-02 3.752608608273e+01 3.655000000000e+01 3.322213056407e-04 3.216521664234e+01
22.900000 0.000000000000e+00 4.356402268809e-04 3.855828723020e-02 3.514841364516e+01 5.000000000000e+01 4.792042495690e-04 3.470245850718e-02 3.690583432741e+01 4.250000000000e+01 3.267301701607e-04 3.163357228064e+01
22.950000 0.000000000000e+00 4.284397269081e-04 3.792097476679e-02 3.456746136874e+01 3.300000000000e+01 4.712836995989e-04 3.412887729012e-02 3.629583443718e+01 2.805000000000e+01 3.213297951810e-04 3.111071523186e+01
23.000000 0.000000000000e+00 4.213582407494e-04 3.729419615345e-02 3.399611139365e+01 3.100000000000e+01 4.634940648243e-04 3.356477653810e-02 3.569591696333e+01 2.635000000000e+01 3.160186805620e-04 3.059650025428e+01
23.050000 0.000000000000e+00 4.143938012786e-04 3.667777728085e-02 3.343420500757e+01 4.100000000000e+01 4.558331814065e-04 3.300999955277e-02 3.510591525795e+01 3.485000000000e+01 3.107953509590e-04 3.009078450681e+01
23.100000 0.000000000000e+00 4.075444738834e-04 3.607154691749e-02 3.288158612148e+01 3.000000000000e+01 4.482989212718e-04 3.246439222574e-02 3.452566542755e+01 2.550000000000e+01 3.056583554126e-04 2.959342750933e+01
23.150000 0.000000000000e+00 4.008083559277e-04 3.547533666204e-02 3.233810122630e+01 4.100000000000e+01 4.408891915205e-04 3.192780299584e-02 3.395500628761e+01 3.485000000000e+01 3.006062669458e-04 2.910429110367e+01
23.200000 0.000000000000e+00 3.941835762233e-04 3.488898089662e-02 3.180359935023e+01 2.000000000000e+01 4.336019338457e-04 3.140008280696e-02 3.339377931775e+01 1.700000000000e+01 2.956376821675e-04 2.862323941521e+01
23.250000 0.000000000000e+00 3.876682945101e-04 3.431231674078e-02 3.127793201685e+01 2.100000000000e+01 4.264351239611e-04 3.088108506670e-02 3.284182861769e+01 1.785000000000e+01 2.907512208826e-04 2.815013881516e+01
23.300000 0.000000000000e+00 3.812607009447e-04 3.374518400624e-02 3.076095320381e+01 3.100000000000e+01 4.193867710392e-04 3.037066560561e-02 3.229900086400e+01 2.635000000000e+01 2.859455257085e-04 2.768485788343e+01
23.350000 0.000000000000e+00 3.749590155980e-04 3.318742515240e-02 3.025251930234e+01 3.300000000000e+01 4.124549171578e-04 2.986868263716e-02 3.176514526746e+01 2.805000000000e+01 2.812192616985e-04 2.722726737211e+01
23.400000 0.000000000000e+00 3.687614879606e-04 3.263888524259e-02 2.975248907730e+01 3.100000000000e+01 4.056376367566e-04 2.937499671833e-02 3.124011353117e+01 2.635000000000e+01 2.765711159704e-04 2.677724016957e+01
23.450000 0.000000000000e+00 3.626663964562e-04 3.209941190101e-02 2.926072362799e+01 1.900000000000e+01 3.989330361018e-04 2.888947071091e-02 3.072375980939e+01 1.615000000000e+01 2.719997973422e-04 2.633465126519e+01
23.500000 0.000000000000e+00 3.566720479641e-04 3.156885527044e-02 2.877708634953e+01 2.300000000000e+01 3.923392527605e-04 2.841196974339e-02 3.021594066701e+01 1.955000000000e+01 2.675040359730e-04 2.589937771458e+01
23.550000 0.000000000000e+00 3.507767773481e-04 3.104706797054e-02 2.830144289493e+01 3.300000000000e+01 3.858544550829e-04 2.794236117348e-02 2.971651503967e+01 2.805000000000e+01 2.630825830111e-04 2.547129860543e+01
23.600000 0.000000000000e+00 3.449789469945e-04 3.053390505699e-02 2.783366113776e+01 3.100000000000e+01 3.794768416939e-04 2.748051455129e-02 2.922534419465e+01 2.635000000000e+01 2.587342102459e-04 2.505029502398e+01
23.650000 0.000000000000e+00 3.392769463569e-04 3.002922398118e-02 2.737361113547e+01 2.900000000000e+01 3.732046409926e-04 2.702630158306e-02 2.874229169225e+01 2.465000000000e+01 2.544577097677e-04 2.463625002193e+01
23.700000 0.000000000000e+00 3.336691915091e-04 2.953288455061e-02 2.692116509328e+01 2.000000000000e+01 3.670361106600e-04 2.657959609555e-02 2.826722334794e+01 1.700000000000e+01 2.502518936318e-04 2.422904858395e+01
23.750000 0.000000000000e+00 3.281541247046e-04 2.904474889000e-02 2.647619732865e+01 3.100000000000e+01 3.609695371751e-04 2.614027400100e-02 2.780000719508e+01 2.635000000000e+01 2.461155935285e-04 2.382857759578e+01
23.800000 0.000000000000e+00 3.227302139445e-04 2.856468140290e-02 2.603858423642e+01 2.800000000000e+01 3.550032353390e-04 2.570821326261e-02 2.734051344824e+01 2.380000000000e+01 2.420476604584e-04 2.343472581278e+01
23.850000 0.000000000000e+00 3.173959525515e-04 2.809254873410e-02 2.560820425445e+01 2.800000000000e+01 3.491355478067e-04 2.528329386069e-02 2.688861446717e+01 2.380000000000e+01 2.380469644136e-04 2.304738382900e+01
23.900000 0.000000000000e+00 3.121498587515e-04 2.762821973256e-02 2.518493782983e+01 2.600000000000e+01 3.433648446267e-04 2.486539775931e-02 2.644418472132e+01 2.210000000000e+01 2.341123940636e-04 2.266644404685e+01
23.950000 0.000000000000e+00 3.069904752620e-04 2.717156541498e-02 2.476866738572e+01 2.400000000000e+01 3.376895227883e-04 2.445440887348e-02 2.600710075500e+01 2.040000000000e+01 2.302428564465e-04 2.229180064715e+01
24.000000 0.000000000000e+00 3.019163688874e-04 2.672245892995e-02 2.435927728863e+01 1.200000000000e+01 3.321080057761e-04 2.405021303696e-02 2.557724115306e+01 1.020000000000e+01 2.264372766655e-04 2.192334955976e+01
24.050000 0.000000000000e+00 2.969261301205e-04 2.628077552276e-02 2.395665381634e+01 2.500000000000e+01 3.266187431326e-04 2.365269797048e-02 2.515448650716e+01 2.125000000000e+01 2.226945975904e-04 2.156098843470e+01
24.100000 0.000000000000e+00 2.920183727515e-04 2.584639250068e-02 2.356068512630e+01 3.100000000000e+01 3.212202100266e-04 2.326175325061e-02 2.473871938262e+01 2.635000000000e+01 2.190137795636e-04 2.120461661367e+01
24.150000 0.000000000000e+00 2.871917334824e-04 2.541918919894e-02 2.317126122456e+01 2.000000000000e+01 3.159109068306e-04 2.287727027904e-02 2.432982428579e+01 1.700000000000e+01 2.153938001118e-04 2.085413510211e+01
24.200000 0.000000000000e+00 2.824448715487e-04 2.499904694717e-02 2.278827393521e+01 1.600000000000e+01 3.106893587036e-04 2.249914225246e-02 2.392768763198e+01 1.360000000000e+01 2.118336536615e-04 2.050944654169e+01
24.250000 0.000000000000e+00 2.777764683468e-04 2.458584903647e-02 2.241161687034e+01 2.800000000000e+01 3.055541151815e-04 2.212726413282e-02 2.353219771385e+01 2.380000000000e+01 2.083323512601e-04 2.017045518330e+01
24.300000 0.000000000000e+00 2.731852270677e-04 2.417948068695e-02 2.204118540046e+01 3.100000000000e+01 3.005037497744e-04 2.176153261825e-02 2.314324467048e+01 2.635000000000e+01 2.048889203008e-04 1.983706686041e+01
24.350000 0.000000000000e+00 2.686698723367e-04 2.377982901586e-02 2.167687662548e+01 2.000000000000e+01 2.955368595703e-04 2.140184611428e-02 2.276072045675e+01 1.700000000000e+01 2.015024042525e-04 1.950918896293e+01
24.400000 0.000000000000e+00 2.642291498592e-04 2.338678300627e-02 2.131858934609e+01 2.600000000000e+01 2.906520648452e-04 2.104810470564e-02 2.238451881340e+01 2.210000000000e+01 1.981718623944e-04 1.918673041148e+01
24.450000 0.000000000000e+00 2.598618260725e-04 2.300023347616e-02 2.096622403567e+01 1.200000000000e+01 2.858480086798e-04 2.070021012855e-02 2.201453523746e+01 1.020000000000e+01 1.948963695544e-04 1.886960163211e+01
24.500000 0.000000000000e+00 2.555666878027e-04 2.262007304817e-02 2.061968281263e+01 1.500000000000e+01 2.811233565829e-04 2.035806574335e-02 2.165066695326e+01 1.275000000000e+01 1.916750158520e-04 1.855771453137e+01
24.550000 0.000000000000e+00 2.513425419278e-04 2.224619611970e-02 2.027886941321e+01 2.300000000000e+01 2.764767961206e-04 2.002157650773e-02 2.129281288388e+01 1.955000000000e+01 1.885069064459e-04 1.825098247189e+01
24.600000 0.000000000000e+00 2.471882150468e-04 2.187849883363e-02 1.994368916478e+01 1.800000000000e+01 2.719070365514e-04 1.969064895026e-02 2.094087362302e+01 1.530000000000e+01 1.853911612851e-04 1.794932024830e+01
24.650000 0.000000000000e+00 2.431025531528e-04 2.151687904943e-02 1.961404895948e+01 1.700000000000e+01 2.674128084681e-04 1.936519114449e-02 2.059475140745e+01 1.445000000000e+01 1.823269148646e-04 1.765264406353e+01
24.700000 0.000000000000e+00 2.390844213134e-04 2.116123631482e-02 1.928985722841e+01 1.900000000000e+01 2.629928634447e-04 1.904511268334e-02 2.025435008983e+01 1.615000000000e+01 1.793133159851e-04 1.736087150557e+01
24.750000 0.000000000000e+00 2.351327033547e-04 2.081147183785e-02 1.897102391617e+01 1.500000000000e+01 2.586459736902e-04 1.873032465407e-02 1.991957511198e+01 1.275000000000e+01 1.763495275161e-04 1.707392152455e+01
24.800000 0.000000000000e+00 2.312463015518e-04 2.046748845945e-02 1.865746045585e+01 2.000000000000e+01 2.543709317070e-04 1.842073961350e-02 1.959033347864e+01 1.700000000000e+01 1.734347261639e-04 1.679171441027e+01
24.850000 0.000000000000e+00 2.274241363233e-04 2.012919062645e-02 1.834907974442e+01 1.600000000000e+01 2.501665499557e-04 1.811627156381e-02 1.926653373164e+01 1.360000000000e+01 1.705681022425e-04 1.651417176998e+01
24.900000 0.000000000000e+00 2.236651459320e-04 1.979648436504e-02 1.804579611853e+01 2.600000000000e+01 2.460316605252e-04 1.781683592854e-02 1.894808592446e+01 2.210000000000e+01 1.677488594490e-04 1.624121650668e+01
24.950000 0.000000000000e+00 2.199682861895e-04 1.946927725467e-02 1.774752533075e+01 2.000000000000e+01 2.419651148084e-04 1.752234952920e-02 1.863490159729e+01 1.700000000000e+01 1.649762146421e-04 1.597277279767e+01
25.000000 0.000000000000e+00 2.163325301664e-04 1.914747840234e-02 1.745418452610e+01 2.100000000000e+01 2.379657831830e-04 1.723273056210e-02 1.832689375241e+01 1.785000000000e+01 1.622493976248e-04 1.570876607349e+01
25.050000 0.000000000000e+00 2.127568679068e-04 1.883099841740e-02 1.716569221911e+01 1.400000000000e+01 2.340325546975e-04 1.694789857566e-02 1.802397683006e+01 1.190000000000e+01 1.595676509301e-04 1.544912299720e+01
25.100000 0.000000000000e+00 2.092403061483e-04 1.851974938670e-02 1.688196827112e+01 1.600000000000e+01 2.301643367631e-04 1.666777444803e-02 1.772606668467e+01 1.360000000000e+01 1.569302296112e-04 1.519377144401e+01
25.150000 0.000000000000e+00 2.057818680452e-04 1.821364485017e-02 1.660293386807e+01 1.900000000000e+01 2.263600548497e-04 1.639228036515e-02 1.743308056147e+01 1.615000000000e+01 1.543364010339e-04 1.494264048126e+01
25.200000 0.000000000000e+00 2.023805928980e-04 1.791259977677e-02 1.632851149856e+01 2.400000000000e+01 2.226186521878e-04 1.612133979910e-02 1.714493707349e+01 2.040000000000e+01 1.517854446735e-04 1.469566034871e+01
25.250000 0.000000000000e+00 1.990355358860e-04 1.761653054094e-02 1.605862493237e+01 1.700000000000e+01 2.189390894746e-04 1.585487748685e-02 1.686155617899e+01 1.445000000000e+01 1.492766519145e-04 1.445276243913e+01
25.300000 0.000000000000e+00 1.957457678051e-04 1.732535489931e-02 1.579319919923e+01 1.800000000000e+01 2.153203445856e-04 1.559281940938e-02 1.658285915919e+01 1.530000000000e+01 1.468093258538e-04 1.421387927931e+01
25.350000 0.000000000000e+00 1.925103748096e-04 1.703899196786e-02 1.553216056804e+01 1.100000000000e+01 2.117614122905e-04 1.533509277108e-02 1.630876859644e+01 9.350000000000e+00 1.443827811072e-04 1.397894451123e+01
25.400000 0.000000000000e+00 1.893284581582e-04 1.675736219950e-02 1.527543652635e+01 1.900000000000e+01 2.082613039740e-04 1.508162597955e-02 1.603920835266e+01 1.615000000000e+01 1.419963436186e-04 1.374789287371e+01
25.450000 0.000000000000e+00 1.861991339646e-04 1.648038736190e-02 1.502295576025e+01 1.600000000000e+01 2.048190473610e-04 1.483234862571e-02 1.577410354826e+01 1.360000000000e+01 1.396493504734e-04 1.352066018422e+01
25.500000 0.000000000000e+00 1.831215329519e-04 1.620799051582e-02 1.477464813455e+01 1.500000000000e+01 2.014336862471e-04 1.458719146424e-02 1.551338054128e+01 1.275000000000e+01 1.373411497139e-04 1.329718332109e+01
25.550000 0.000000000000e+00 1.800948002111e-04 1.594009599372e-02 1.453044467328e+01 1.300000000000e+01 1.981042802322e-04 1.434608639435e-02 1.525696690694e+01 1.105000000000e+01 1.350711001583e-04 1.307740020595e+01
25.600000 0.000000000000e+00 1.771180949635e-04 1.567662937871e-02 1.429027754055e+01 1.500000000000e+01 1.948299044599e-04 1.410896644084e-02 1.500479141758e+01 1.275000000000e+01 1.328385712226e-04 1.286124978650e+01