# names: Curve 1; Curve 2; Curve 3; Curve 4; Curve 5; Curve 6; Curve 7; Curve 8; Curve 9; Curve 10
0.000000 1.758749542595e-70 6.500000000000e-1 8.000000000000e-1 9.500000000000e-1 1.100000000000e+0 1.250000000000e+0 1.400000000000e+0 1.550000000000e+0 1.700000000000e+0 9.000000000000e-1 1.850000000000e+0
0.050000 1.257672382878e-66 6.203948578313e-1 7.635629019462e-1 9.067309460612e-1 1.049898990176e+0 1.193067034291e+0 1.336235078406e+0 1.479403122521e+0 1.622571166636e+0 8.590082646895e-1 1.765739210751e+0
0.100000 7.004182134319e-63 5.921989360824e-1 7.288602290245e-1 8.655215219665e-1 1.002182814909e+0 1.138844107851e+0 1.275505400793e+0 1.412166693735e+0 1.548827986677e+0 8.199677576525e-1 1.685489279619e+0
0.150000 3.037901698790e-59 5.653440788012e-1 6.958080969861e-1 8.262721151710e-1 9.567361333559e-1 1.087200151541e+0 1.217664169726e+0 1.348128187911e+0 1.478592206095e+0 7.827841091094e-1 1.609056224280e+0
0.200000 1.026163072792e-55 5.397654445777e-1 6.643267010187e-1 7.888879574597e-1 9.134492139007e-1 1.038010470342e+0 1.162571726783e+0 1.287132983224e+0 1.411694239665e+0 7.473675386460e-1 1.536255496106e+0
0.250000 2.699513024589e-52 5.154013450477e-1 6.343401169818e-1 7.532788889158e-1 8.722176608499e-1 9.911564327840e-1 1.110095204718e+0 1.229033976652e+0 1.347972748586e+0 7.136326316045e-1 1.466911520520e+0
0.300000 5.530709549845e-49 4.921930912711e-1 6.057761123337e-1 7.193591333963e-1 8.329421544589e-1 9.465251755214e-1 1.060108196584e+0 1.173691217647e+0 1.287274238709e+0 6.814981263754e-1 1.400857259772e+0
0.350000 8.824754974595e-46 4.700848475997e-1 5.785659662765e-1 6.870470849534e-1 7.955282036302e-1 9.040093223071e-1 1.012490440984e+0 1.120971559661e+0 1.229452678338e+0 6.508867120611e-1 1.337933797014e+0
0.400000 1.096606559389e-42 4.490234926686e-1 5.526442986691e-1 6.562651046696e-1 7.598859106700e-1 8.635067166705e-1 9.671275226709e-1 1.070748328671e+0 1.174369134672e+0 6.217248360027e-1 1.277989940672e+0
0.450000 1.061268813915e-39 4.289584871664e-1 5.279489072817e-1 6.269393273970e-1 7.259297475123e-1 8.249201676276e-1 9.239105877429e-1 1.022901007858e+0 1.121891427974e+0 5.939425206919e-1 1.220881848089e+0
0.500000 7.998827757007e-37 4.098417480498e-1 5.044206129843e-1 5.989994779189e-1 6.935783428535e-1 7.881572077880e-1 8.827360727226e-1 9.773149376572e-1 1.071893802592e+0 5.674731896074e-1 1.166472667526e+0
0.550000 4.695195357975e-34 3.916275288923e-1 4.820031124829e-1 5.723786960734e-1 6.627542796640e-1 7.531298632545e-1 8.435054468450e-1 9.338810304356e-1 1.024256614026e+0 5.422535015432e-1 1.114632197617e+0
0.600000 2.146383735663e-31 3.742723060651e-1 4.606428382339e-1 5.470133704028e-1 6.333839025717e-1 7.197544347405e-1 8.061249669094e-1 8.924954990783e-1 9.788660312471e-1 5.182231930132e-1 1.065236563416e+0
0.650000 7.641655411587e-29 3.577346704664e-1 4.402888251894e-1 5.228429799124e-1 6.053971346354e-1 6.879512893584e-1 7.705054440814e-1 8.530595988044e-1 9.356137535274e-1 4.953249283380e-1 1.018167908250e+0
0.700000 2.118819253509e-26 3.419752245299e-1 4.208925840368e-1 4.998099435436e-1 5.787273030505e-1 6.576446625574e-1 7.365620220643e-1 8.154793815712e-1 8.943967410781e-1 4.735041570414e-1 9.733141005850e-1
0.750000 4.575375590521e-24 3.269564842531e-1 4.024079806192e-1 4.778594769854e-1 5.533109733515e-1 6.287624697176e-1 7.042139660837e-1 7.796654624498e-1 8.551169588159e-1 4.527089781966e-1 9.305684551820e-1
0.800000 7.694598626706e-22 3.126427860023e-1 3.847911212336e-1 4.569394564649e-1 5.290877916962e-1 6.012361269275e-1 6.733844621587e-1 7.455327973900e-1 8.176811326213e-1 4.328900113878e-1 8.898294678526e-1
0.850000 1.007793539430e-19 2.990001978596e-1 3.680002435195e-1 4.370002891794e-1 5.060003348393e-1 5.750003804991e-1 6.440004261590e-1 7.130004718189e-1 7.820005174788e-1 4.140002739594e-1 8.510005631387e-1
0.900000 1.027977357167e-17 2.859964352926e-1 3.519956126678e-1 4.179947900430e-1 4.839939674182e-1 5.499931447934e-1 6.159923221686e-1 6.819914995438e-1 7.479906769190e-1 3.959950642512e-1 8.139898542942e-1
0.950000 8.166235631670e-16 2.736007809341e-1 3.367394226882e-1 3.998780644422e-1 4.630167061962e-1 5.261553479502e-1 5.892939897043e-1 6.524326314583e-1 7.155712732123e-1 3.788318505242e-1 7.787099149664e-1
1.000000 5.052271083537e-14 2.617840082726e-1 3.221957024893e-1 3.826073967061e-1 4.430190909228e-1 5.034307851396e-1 5.638424793563e-1 6.242541735731e-1 6.846658677899e-1 3.624701653005e-1 7.450775620066e-1
1.050000 2.434320533029e-12 2.505183090617e-1 3.083302265375e-1 3.661421440133e-1 4.239540614891e-1 4.817659789649e-1 5.395778964407e-1 5.973898139165e-1 6.552017313922e-1 3.468715048547e-1 7.130136488680e-1
1.100000 9.134720408365e-11 2.397772242690e-1 2.951104298695e-1 3.504436354701e-1 4.057768410706e-1 4.611100466711e-1 5.164432522717e-1 5.717764578722e-1 6.271096634728e-1 3.319992336032e-1 6.824428690733e-1
1.150000 2.669556614763e-9 2.295355783893e-1 2.825053272484e-1 3.354750761075e-1 3.884448249666e-1 4.414145738257e-1 4.943843226847e-1 5.473540715438e-1 6.003238204029e-1 3.178184931545e-1 6.532935692620e-1
1.200000 6.075882849823e-8 2.197694169610e-1 2.704854362596e-1 3.212014555583e-1 3.719174748570e-1 4.226334941557e-1 4.733495134544e-1 5.240655327530e-1 5.747815520517e-1 3.042961157921e-1 6.254975713504e-1
1.250000 1.076976004254e-6 2.104559471262e-1 2.590227041554e-1 3.075894611845e-1 3.561562182136e-1 4.047229752428e-1 4.532897322719e-1 5.018564893010e-1 5.504232463302e-1 2.914005421748e-1 5.989900033593e-1
1.300000 1.486719514734e-5 2.015734810900e-1 2.480904382646e-1 2.946073954392e-1 3.411243526138e-1 3.876413097885e-1 4.341582669631e-1 4.806752241377e-1 5.271921813123e-1 2.791017430477e-1 5.737091384869e-1
1.350000 1.598374110691e-4 1.931013823333e-1 2.376632397948e-1 2.822250972563e-1 3.267869547178e-1 3.713488121793e-1 4.159106696409e-1 4.604725271024e-1 5.050343845639e-1 2.673711447691e-1 5.495962420254e-1
1.400000 1.338302257649e-3 1.850200144486e-1 2.277169408598e-1 2.704138672710e-1 3.131107936822e-1 3.558077200934e-1 3.985046465047e-1 4.412015729159e-1 4.838984993271e-1 2.561815584673e-1 5.265954257383e-1
1.450000 8.726826950458e-3 1.773106924689e-1 2.182285445771e-1 2.591463966853e-1 3.000642487935e-1 3.409821009017e-1 3.818999530099e-1 4.228178051181e-1 4.637356572263e-1 2.455071126492e-1 5.046535093345e-1
1.500000 4.431848411938e-2 1.699556365682e-1 2.091761680839e-1 2.483966995996e-1 2.876172311153e-1 3.268377626311e-1 3.660582941468e-1 4.052788256625e-1 4.444993571782e-1 2.353231890944e-1 4.837198886940e-1
1.550000 1.752830049357e-1 1.629379280188e-1 2.005389883309e-1 2.381400486429e-1 2.757411089549e-1 3.133421692670e-1 3.509432295790e-1 3.885442898910e-1 4.261453502031e-1 2.256063618722e-1 4.637464105151e-1
1.600000 5.399096651319e-1 1.562414672950e-1 1.922971905170e-1 2.283529137389e-1 2.644086369608e-1 3.004643601827e-1 3.365200834047e-1 3.725758066266e-1 4.086315298485e-1 2.163343393316e-1 4.446872530705e-1
1.650000 1.295175956659e+0 1.498509342179e-1 1.844319190374e-1 2.190129038569e-1 2.535938886764e-1 2.881748734959e-1 3.227558583154e-1 3.573368431349e-1 3.919178279544e-1 2.074859089171e-1 4.264988127739e-1
1.700000 2.419707245191e+0 1.437517500427e-1 1.769252308217e-1 2.100987116008e-1 2.432721923799e-1 2.764456731590e-1 3.096191539380e-1 3.427926347171e-1 3.759661154962e-1 1.990408846744e-1 4.091395962752e-1
1.750000 3.520653267643e+0 1.379300413936e-1 1.697600509459e-1 2.015900604983e-1 2.334200700506e-1 2.652500796030e-1 2.970800891554e-1 3.289100987077e-1 3.607401082601e-1 1.909800573142e-1 3.925701178124e-1
1.800000 3.989422804014e+0 1.323726059557e-1 1.629201304071e-1 1.934676548584e-1 2.240151793097e-1 2.545627037610e-1 2.851102282124e-1 3.156577526637e-1 3.462052771150e-1 1.832851467079e-1 3.767528015663e-1
1.850000 3.520653267643e+0 1.270668798390e-1 1.563900059557e-1 1.857131320724e-1 2.150362581891e-1 2.443593843058e-1 2.736825104225e-1 3.030056365392e-1 3.323287626559e-1 1.759387567002e-1 3.616518887726e-1
1.900000 2.419707245191e+0 1.220009065318e-1 1.501549618853e-1 1.783090172387e-1 2.064630725922e-1 2.346171279457e-1 2.627711832992e-1 2.909252386527e-1 3.190792940062e-1 1.689243321209e-1 3.472333493597e-1
1.950000 1.295175956659e+0 1.171633073676e-1 1.442009936832e-1 1.712386799988e-1 1.982763663144e-1 2.253140526300e-1 2.523517389455e-1 2.793894252611e-1 3.064271115767e-1 1.622261178936e-1 3.334647978923e-1
2.000000 5.399096651319e-1 1.125432534305e-1 1.385147734530e-1 1.644862934754e-1 1.904578134978e-1 2.164293335203e-1 2.424008535427e-1 2.683723735651e-1 2.943438935876e-1 1.558291201346e-1 3.203154136100e-1
2.050000 1.752830049357e-1 1.081304388295e-1 1.330836170210e-1 1.580367952124e-1 1.829899734038e-1 2.079431515953e-1 2.328963297867e-1 2.578495079781e-1 2.828026861696e-1 1.497190691486e-1 3.077558643610e-1
2.100000 4.431848411938e-2 1.039150552744e-1 1.278954526455e-1 1.518758500165e-1 1.758562473875e-1 1.998366447585e-1 2.238170421296e-1 2.477974395006e-1 2.717778368716e-1 1.438823842261e-1 2.957582342426e-1
2.150000 8.726826950458e-3 9.988776789080e-2 1.229387912502e-1 1.459898146096e-1 1.690408379690e-1 1.920918613285e-1 2.151428846879e-1 2.381939080473e-1 2.612449314067e-1 1.383061401565e-1 2.842959547661e-1
2.200000 1.338302257649e-3 9.603969221280e-2 1.182026981081e-1 1.403657040033e-1 1.625287098986e-1 1.846917157939e-1 2.068547216891e-1 2.290177275844e-1 2.511807334796e-1 1.329780353716e-1 2.733437393749e-1
2.250000 1.598374110691e-4 9.236237229686e-2 1.136767659038e-1 1.349911595108e-1 1.563055531178e-1 1.776199467247e-1 1.989343403317e-1 2.202487339387e-1 2.415631275456e-1 1.278863616418e-1 2.628775211526e-1
2.300000 1.486719514734e-5 8.884775990130e-2 1.093510891093e-1 1.298544183173e-1 1.503577475253e-1 1.708610767333e-1 1.913644059413e-1 2.118677351493e-1 2.323710643572e-1 1.230199752480e-1 2.528743935652e-1
2.350000 1.076976004254e-6 8.548819468022e-2 1.052162396064e-1 1.249442845326e-1 1.446723294588e-1 1.644003743850e-1 1.841284193112e-1 2.038564642374e-1 2.235845091636e-1 1.183682695572e-1 2.433125540898e-1
2.400000 6.075882849823e-8 8.227638534193e-2 1.012632434978e-1 1.202501016536e-1 1.392369598094e-1 1.582238179652e-1 1.772106761211e-1 1.961975342769e-1 2.151843924327e-1 1.139211489350e-1 2.341712505886e-1
2.450000 2.669556614763e-9 7.920539172513e-2 9.748355904631e-2 1.157617263675e-1 1.340398936887e-1 1.523180610099e-1 1.705962283310e-1 1.888743956522e-1 2.071525629734e-1 1.096690039271e-1 2.254307302946e-1
2.500000 9.134720408365e-11 7.626860774794e-2 9.386905568977e-2 1.114695036316e-1 1.290699515734e-1 1.466703995153e-1 1.642708474571e-1 1.818712953989e-1 1.994717433408e-1 1.056026876510e-1 2.170721912826e-1
2.550000 2.434320533029e-12 7.345974518734e-2 9.041199407673e-2 1.073642429661e-1 1.243164918555e-1 1.412687407449e-1 1.582209896343e-1 1.751732385237e-1 1.921254874130e-1 1.017134933363e-1 2.090777363024e-1
2.600000 5.052271083537e-14 7.077281824845e-2 8.710500707501e-2 1.034371959016e-1 1.197693847281e-1 1.361015735547e-1 1.524337623813e-1 1.687659512078e-1 1.850981400344e-1 9.799313295939e-2 2.014303288610e-1
2.650000 8.166235631669e-16 6.820212888522e-2 8.394108170489e-2 9.968003452455e-2 1.154189873442e-1 1.311579401639e-1 1.468968929836e-1 1.626358458032e-1 1.783747986229e-1 9.443371691800e-2 1.941137514426e-1
2.700000 1.027977357167e-17 6.574225283589e-2 8.091354195187e-2 9.608483106784e-2 1.112561201838e-1 1.264274092998e-1 1.415986984158e-1 1.567699875317e-1 1.719412766477e-1 9.102773469585e-2 1.871125657637e-1
2.750000 1.007793539430e-19 6.338802633834e-2 7.801603241642e-2 9.264403849450e-2 1.072720445726e-1 1.219000506507e-1 1.365280567287e-1 1.511560628068e-1 1.657840688849e-1 8.776803646847e-2 1.804120749630e-1
2.800000 7.694598626706e-22 6.113453349221e-2 7.524250275964e-2 8.935047202708e-2 1.034584412945e-1 1.175664105619e-1 1.316743798294e-1 1.457823490968e-1 1.598903183642e-1 8.464781560460e-2 1.739982876317e-1
2.850000 4.575375590521e-24 5.897709423632e-2 7.258719290624e-2 8.619729157616e-2 9.980739024609e-2 1.134174889160e-1 1.270275875859e-1 1.406376862558e-1 1.542477849258e-1 8.166059201952e-2 1.678578835957e-1
2.900000 2.118819253509e-26 5.691125291130e-2 7.004461896775e-2 8.317798502421e-2 9.631135108066e-2 1.094447171371e-1 1.225780831936e-1 1.357114492500e-1 1.488448153065e-1 7.880019633872e-2 1.619781813629e-1
2.950000 7.641655411587e-29 5.493276737897e-2 6.760955985104e-2 8.028635232311e-2 9.296314479518e-2 1.056399372672e-1 1.183167297393e-1 1.309935222114e-1 1.436703146835e-1 7.606075483242e-2 1.563471071555e-1
3.000000 2.146383735663e-31 5.303759867134e-2 6.527704451858e-2 7.751649036581e-2 8.975593621304e-2 1.019953820603e-1 1.142348279075e-1 1.264742737547e-1 1.387137196020e-1 7.343667508340e-2 1.509531654492e-1
3.050000 4.695195357975e-34 5.122190114341e-2 6.304233986882e-2 7.486277859422e-2 8.668321731963e-2 9.850365604503e-2 1.103240947704e-1 1.221445334958e-1 1.339649722212e-1 7.092263235242e-2 1.457854109466e-1
3.100000 7.998827757007e-37 4.948201310516e-2 6.090093920635e-2 7.231986530754e-2 8.373879140873e-2 9.515771750992e-2 1.065766436111e-1 1.179955697123e-1 1.294144958135e-1 6.851355660714e-2 1.408334219147e-1
3.150000 1.061268813915e-39 4.781444790944e-2 5.884855127316e-2 6.988265463688e-2 8.091675800060e-2 9.195086136431e-2 1.029849647280e-1 1.140190680918e-1 1.250531714555e-1 6.620462018231e-2 1.360872748192e-1
3.200000 1.096606559389e-42 4.621588547360e-2 5.688108981366e-2 6.754629415372e-2 7.821149849378e-2 8.887670283384e-2 9.954190717390e-2 1.102071115140e-1 1.208723158540e-1 6.399122604036e-2 1.315375201941e-1
3.250000 8.824754974595e-46 4.468316421350e-2 5.499466364738e-2 6.530616308126e-2 7.561766251515e-2 8.592916194903e-2 9.624066138291e-2 1.065521608168e-1 1.168636602507e-1 6.186899660330e-2 1.271751596846e-1
3.300000 5.530709549844e-49 4.321327337010e-2 5.318556722474e-2 6.315786107938e-2 7.313015493402e-2 8.310244878865e-2 9.307474264329e-2 1.030470364979e-1 1.130193303526e-1 5.983376312783e-2 1.229916242072e-1
3.350000 2.699513024589e-52 4.180334570928e-2 5.145027164219e-2 6.109719757510e-2 7.074412350801e-2 8.039104944092e-2 9.003797537383e-2 9.968490130674e-2 1.093318272396e-1 5.788155559746e-2 1.189787531726e-1
3.400000 1.026163072792e-55 4.045065057674e-2 4.978541609445e-2 5.912018161216e-2 6.845494712987e-2 7.778971264758e-2 8.712447816529e-2 9.645924368299e-2 1.057940092007e-1 5.600859310625e-2 1.151287747184e-1
3.450000 3.037901698790e-59 3.915258729081e-2 4.818779974253e-2 5.722301219426e-2 6.625822464598e-2 7.529343709771e-2 8.432864954943e-2 9.336386200116e-2 1.023990744529e-1 5.421127471035e-2 1.114342869046e-1
3.500000 7.004182134319e-63 3.790667885651e-2 4.665437397724e-2 5.540206909797e-2 6.414976421870e-2 7.289745933943e-2 8.164515446016e-2 9.039284958090e-2 9.914054470163e-2 5.248617072439e-2 1.078882398224e-1
3.550000 1.257672382878e-66 3.671056598535e-2 4.518223505889e-2 5.365390413244e-2 6.212557320598e-2 7.059724227952e-2 7.906891135307e-2 8.754058042661e-2 9.601224950015e-2 5.083001444126e-2 1.044839185737e-1
3.600000 1.758749542595e-70 3.556200140596e-2 4.376861711503e-2 5.197523282409e-2 6.018184853316e-2 6.838846424223e-2 7.659507995130e-2 8.480169566036e-2 9.300831136943e-2 4.923969425441e-2 1.012149270785e-1
3.650000 1.915432491672e-74 3.445884445125e-2 4.241088547846e-2 5.036292650567e-2 5.831496753288e-2 6.626700856009e-2 7.421904958730e-2 8.217109061452e-2 9.012313164173e-2 4.771224616327e-2 9.807517266894e-2
3.700000 1.624636036774e-78 3.339905590882e-2 4.110653034932e-2 4.881400478982e-2 5.652147923032e-2 6.422895367082e-2 7.193642811131e-2 7.964390255181e-2 8.735137699231e-2 4.624484664299e-2 9.505885143281e-2
3.750000 1.073177834068e-82 3.238069312168e-2 3.985316076514e-2 4.732562840861e-2 5.479809605207e-2 6.227056369553e-2 6.974303133900e-2 7.721549898246e-2 8.468796662593e-2 4.483480586078e-2 9.216043426939e-2
3.800000 5.520948362160e-87 3.140190532703e-2 3.864849886404e-2 4.589509240104e-2 5.314168593805e-2 6.038827947506e-2 6.763487301206e-2 7.488146654907e-2 8.212806008608e-2 4.347956122204e-2 8.937465362308e-2
3.850000 2.211984380211e-91 3.046092922170e-2 3.749037442671e-2 4.451981963172e-2 5.154926483673e-2 5.857871004174e-2 6.560815524675e-2 7.263760045175e-2 7.966704565676e-2 4.217667123005e-2 8.669649086177e-2
3.900000 6.902029420127e-96 2.955608474301e-2 3.637671968370e-2 4.319735462439e-2 5.001798956509e-2 5.683862450578e-2 6.365925944648e-2 7.047989438717e-2 7.730052932786e-2 4.092380964416e-2 8.412116426856e-2
3.950000 1.677250522854e-100 2.868577105461e-2 3.530556437490e-2 4.192535769519e-2 4.854515101549e-2 5.516494433578e-2 6.178473765608e-2 6.840453097637e-2 7.502432429666e-2 3.971875992176e-2 8.164411761696e-2
4.000000 3.174281552825e-105 2.784846272743e-2 3.427503104915e-2 4.070159937086e-2 4.712816769258e-2 5.355473601429e-2 5.998130433601e-2 6.640787265772e-2 7.283444097944e-2 3.855940993029e-2 7.926100930115e-2
4.050000 4.678636817250e-110 2.704270610609e-2 3.328333059211e-2 3.952395507813e-2 4.576457956415e-2 5.200520405017e-2 5.824582853619e-2 6.448645302221e-2 7.072707750823e-2 3.744374691612e-2 7.696770199425e-2
4.100000 5.370560365020e-115 2.626711585175e-2 3.232875797139e-2 3.839040009102e-2 4.445204221066e-2 5.051368433030e-2 5.657532644993e-2 6.263696856957e-2 6.869861068920e-2 3.636985271781e-2 7.476025280884e-2
4.150000 4.801160785907e-120 2.552037165298e-2 3.140968818828e-2 3.729900472359e-2 4.318832125889e-2 4.907763779419e-2 5.496695432950e-2 6.085627086480e-2 6.674558740010e-2 3.533589921182e-2 7.263490393541e-2
4.200000 3.342714441794e-125 2.480121509618e-2 3.052457242607e-2 3.624792975596e-2 4.197128708585e-2 4.769464441574e-2 5.341800174563e-2 5.914135907552e-2 6.486471640540e-2 3.434014397933e-2 7.058807373529e-2
4.250000 1.812502793552e-130 2.410844668808e-2 2.967193438533e-2 3.523542208258e-2 4.079890977983e-2 4.636239747708e-2 5.192588517433e-2 5.748937287158e-2 6.305286056883e-2 3.338092618350e-2 6.861634826608e-2
4.300000 7.653929736420e-136 2.344092302267e-2 2.885036679713e-2 3.425981057159e-2 3.966925434605e-2 4.507869812051e-2 5.048814189498e-2 5.589758566944e-2 6.130702944390e-2 3.245666264677e-2 6.671647321836e-2
4.350000 2.517193705193e-141 2.279755408568e-2 2.805852810545e-2 3.331950212522e-2 3.858047614499e-2 4.384145016476e-2 4.910242418454e-2 5.436339820431e-2 5.962437222408e-2 3.156584411863e-2 6.488534624385e-2
4.400000 6.447259971397e-147 2.217730068987e-2 2.729513931061e-2 3.241297793134e-2 3.753081655208e-2 4.264865517282e-2 4.776649379356e-2 5.288433241430e-2 5.800217103504e-2 3.070703172443e-2 6.312000965578e-2
4.450000 1.286056674071e-152 2.157917203472e-2 2.655898096581e-2 3.153878989690e-2 3.651859882798e-2 4.149840775907e-2 4.647821669016e-2 5.145802562125e-2 5.643783455234e-2 2.987885358653e-2 6.141764348343e-2
4.500000 1.997889259168e-158 2.100222338452e-2 2.584889031941e-2 3.069555725430e-2 3.554222418919e-2 4.038889112408e-2 4.523555805897e-2 5.008222499385e-2 5.492889192874e-2 2.908000160933e-2 5.977555886363e-2
4.550000 2.417180578620e-164 2.044555385907e-2 2.516375859578e-2 2.988196333249e-2 3.460016806920e-2 3.931837280591e-2 4.403657754262e-2 4.875478227933e-2 5.347298701604e-2 2.830922842026e-2 5.819119175275e-2
4.600000 2.277577478736e-170 1.990830433153e-2 2.450252840803e-2 2.909675248454e-2 3.369097656104e-2 3.828520063755e-2 4.287942471405e-2 4.747364879056e-2 5.206787286707e-2 2.756534445904e-2 5.666209694357e-2
4.650000 1.671335365130e-176 1.938965542811e-2 2.386419129613e-2 2.833872716416e-2 3.281326303218e-2 3.728779890020e-2 4.176233476823e-2 4.623687063625e-2 5.071140650428e-2 2.684721520815e-2 5.518594237230e-2
4.700000 9.551694541949e-183 1.888882562485e-2 2.324778538443e-2 2.760674514401e-2 3.196570490359e-2 3.632466466317e-2 4.068362442275e-2 4.504258418233e-2 4.940154394191e-2 2.615375855748e-2 5.376050370149e-2
4.750000 4.251318353528e-189 1.840506943652e-2 2.265239315264e-2 2.689971686876e-2 3.114704058488e-2 3.539436430100e-2 3.964168801712e-2 4.388901173324e-2 4.813633544936e-2 2.548394229672e-2 5.238365916548e-2
4.800000 1.473646134878e-195 1.793767569333e-2 2.207713931487e-2 2.621660293640e-2 3.035606655794e-2 3.449553017948e-2 3.863499380102e-2 4.277445742255e-2 4.691392104409e-2 2.483678172923e-2 5.105338466563e-2
4.850000 3.978223427282e-202 1.748596590109e-2 2.152118880134e-2 2.555641170159e-2 2.959163460184e-2 3.362685750209e-2 3.766208040235e-2 4.169730330260e-2 4.573252620285e-2 2.421133740151e-2 4.976774910310e-2
4.900000 8.363951605856e-209 1.704929268081e-2 2.098374483792e-2 2.491819699503e-2 2.885264915214e-2 3.278710130925e-2 3.672155346636e-2 4.065600562347e-2 4.459045778058e-2 2.360671294266e-2 4.852490993769e-2
4.950000 1.369494308080e-215 1.662703828384e-2 2.046404711858e-2 2.430105595331e-2 2.813806478804e-2 3.197507362278e-2 3.581208245751e-2 3.964909129224e-2 4.348610012698e-2 2.302205300840e-2 4.732310896171e-2
5.000000 1.746366256759e-222 1.621861317891e-2 1.996137006635e-2 2.370412695379e-2 2.744688384123e-2 3.118964072867e-2 3.493239761611e-2 3.867515450355e-2 4.241791139099e-2 2.245654132464e-2 4.616066827843e-2
5.050000 1.734350263606e-229 1.582345470748e-2 1.947502117843e-2 2.312658764939e-2 2.677815412034e-2 3.042972059130e-2 3.408128706226e-2 3.773285353321e-2 4.138442000417e-2 2.190939882574e-2 4.503598647512e-2
5.100000 1.341419667349e-236 1.544102580425e-2 1.900433945139e-2 2.256765309853e-2 2.613096674566e-2 2.969428039280e-2 3.325759403993e-2 3.682090768707e-2 4.038422133420e-2 2.137988188281e-2 4.394753498134e-2
5.150000 8.080140413872e-244 1.507081377951e-2 1.854869388248e-2 2.202657398544e-2 2.550445408841e-2 2.898233419137e-2 3.246021429434e-2 3.593809439730e-2 3.941597450027e-2 2.086728061779e-2 4.289385460323e-2
5.200000 3.790526400093e-251 1.471232916032e-2 1.810748204348e-2 2.150263492663e-2 2.489778780978e-2 2.829294069293e-2 3.168809357608e-2 3.508324645923e-2 3.847839934239e-2 2.037091729891e-2 4.187355222554e-2
5.250000 1.384862078338e-258 1.436510458780e-2 1.768012872345e-2 2.099515285909e-2 2.431017699474e-2 2.762520113038e-2 3.094022526603e-2 3.425524940168e-2 3.757027353732e-2 1.989014481388e-2 4.088529767297e-2
5.300000 3.940396277135e-266 1.402869376764e-2 1.726608463710e-2 2.050347550655e-2 2.374086637601e-2 2.697825724546e-2 3.021564811492e-2 3.345303898438e-2 3.669042985383e-2 1.942434521673e-2 3.992782072329e-2
5.350000 8.731717100620e-274 1.370267047137e-2 1.686482519554e-2 2.002697991970e-2 2.318913464386e-2 2.635128936803e-2 2.951344409219e-2 3.267559881635e-2 3.583775354052e-2 1.897292834498e-2 3.899990826468e-2
5.400000 1.506904717620e-281 1.338662758583e-2 1.647584933641e-2 1.956507108698e-2 2.265429283756e-2 2.574351458814e-2 2.883273633871e-2 3.192195808929e-2 3.501117983987e-2 1.853533050346e-2 3.810040159044e-2
5.450000 2.025341716212e-289 1.308017620852e-2 1.609867841049e-2 1.911718061246e-2 2.213568281443e-2 2.515418501639e-2 2.817268721836e-2 3.119118942033e-2 3.420969162230e-2 1.811101321180e-2 3.722819382426e-2
5.500000 2.120006551525e-297 1.278294478668e-2 1.573285512207e-2 1.868276545746e-2 2.163267579285e-2 2.458258612823e-2 2.753249646362e-2 3.048240679901e-2 3.343231713440e-2 1.769946201233e-2 3.638222746979e-2
5.550000 1.728233732284e-305 1.249457829782e-2 1.537794252039e-2 1.826130674297e-2 2.114467096554e-2 2.402803518811e-2 2.691139941069e-2 2.979476363326e-2 3.267812785584e-2 1.730018533544e-2 3.556149207841e-2
5.600000 1.097221052044e-313 1.221473746984e-2 1.503352303981e-2 1.785230860977e-2 2.067109417974e-2 2.348987974970e-2 2.630866531966e-2 2.912745088963e-2 3.194623645959e-2 1.691271341978e-2 3.476502202956e-2
5.650000 5.533535233422e-322 1.194309803875e-2 1.469919758615e-2 1.745529713356e-2 2.021139668096e-2 2.296749622836e-2 2.572359577577e-2 2.847969532317e-2 3.123579487058e-2 1.653659728442e-2 3.399189441798e-2
5.700000 0.000000000000e+0 1.167935004209e-2 1.437458466719e-2 1.706981929229e-2 1.976505391739e-2 2.246028854248e-2 2.515552316758e-2 2.785075779268e-2 3.054599241778e-2 1.617140775059e-2 3.324122704288e-2
5.750000 0.000000000000e+0 1.142319714650e-2 1.405931956493e-2 1.669544198335e-2 1.933156440177e-2 2.196768682020e-2 2.460380923862e-2 2.723993165704e-2 2.987605407547e-2 1.581673451054e-2 3.251217649389e-2
5.800000 0.000000000000e+0 1.117435600758e-2 1.375305354779e-2 1.633175108800e-2 1.891044862821e-2 2.148914616842e-2 2.406784370863e-2 2.664654124884e-2 2.922523878905e-2 1.547218524126e-2 3.180393632926e-2
5.850000 0.000000000000e+0 1.093255566060e-2 1.345545312074e-2 1.597835058088e-2 1.850124804102e-2 2.102414550116e-2 2.354704296130e-2 2.606994042144e-2 2.859283788158e-2 1.513738476084e-2 3.111573534172e-2
5.900000 0.000000000000e+0 1.069753694056e-2 1.316619931146e-2 1.563486168236e-2 1.810352405325e-2 2.057218642415e-2 2.304084879505e-2 2.550951116595e-2 2.797817353685e-2 1.481197422539e-2 3.044683590775e-2
5.950000 0.000000000000e+0 1.046905193004e-2 1.288498699082e-2 1.530092205160e-2 1.771685711238e-2 2.013279217316e-2 2.254872723394e-2 2.496466229472e-2 2.738059735550e-2 1.449561036468e-2 2.979653241628e-2
6.000000 0.000000000000e+0 1.024686343373e-2 1.261152422613e-2 1.497618501853e-2 1.734084581093e-2 1.970550660333e-2 2.207016739573e-2 2.443482818812e-2 2.679948898052e-2 1.418796475439e-2 2.916414977292e-2
6.050000 0.000000000000e+0 1.003074447807e-2 1.234553166532e-2 1.466031885257e-2 1.697510603981e-2 1.928989322706e-2 2.160468041431e-2 2.391946760155e-2 2.623425478880e-2 1.388872312348e-2 2.854904197605e-2
6.100000 0.000000000000e+0 9.820477835033e-3 1.208674195081e-2 1.435300606659e-2 1.661927018236e-2 1.888553429814e-2 2.115179841392e-2 2.341806252969e-2 2.568432664547e-2 1.359758469466e-2 2.795059076125e-2
6.150000 0.000000000000e+0 9.615855568679e-3 1.183489916145e-2 1.405394275422e-2 1.627298634700e-2 1.849202993977e-2 2.071107353254e-2 2.293011712531e-2 2.514916071808e-2 1.331426155663e-2 2.736820431086e-2
6.200000 0.000000000000e+0 9.416678603523e-3 1.158975828126e-2 1.376283795900e-2 1.593591763673e-2 1.810899731447e-2 2.028207699220e-2 2.245515666994e-2 2.462823634768e-2 1.303847806642e-2 2.680131602541e-2
6.250000 0.000000000000e+0 9.222756313561e-3 1.135108469361e-2 1.347941307367e-2 1.560774145372e-2 1.773606983377e-2 1.986439821382e-2 2.199272659388e-2 2.412105497393e-2 1.276997028032e-2 2.624938335398e-2
6.300000 0.000000000000e+0 9.033906131006e-3 1.111865369970e-2 1.320340126839e-2 1.528814883709e-2 1.737289640578e-2 1.945764397447e-2 2.154239154317e-2 2.362713911186e-2 1.250848541216e-2 2.571188668055e-2
6.350000 0.000000000000e+0 8.849953173757e-3 1.089225006001e-2 1.293454694626e-2 1.497684383251e-2 1.701914071876e-2 1.906143760502e-2 2.110373449127e-2 2.314603137752e-2 1.225378131751e-2 2.518832826377e-2
6.400000 0.000000000000e+0 8.670729890704e-3 1.067166755779e-2 1.267260522488e-2 1.467354289196e-2 1.667448055905e-2 1.867541822613e-2 2.067635589322e-2 2.267729356030e-2 1.200562600251e-2 2.467823122739e-2
6.450000 0.000000000000e+0 8.496075723988e-3 1.045670858337e-2 1.241734144275e-2 1.437797430213e-2 1.633860716152e-2 1.829924002090e-2 2.025987288028e-2 2.222050573966e-2 1.176379715629e-2 2.418113859904e-2
6.500000 0.000000000000e+0 8.325836787417e-3 1.024718373836e-2 1.216853068930e-2 1.408987764024e-2 1.601122459119e-2 1.793257154213e-2 1.985391849307e-2 2.177526544401e-2 1.152808170565e-2 2.369661239495e-2
6.550000 0.000000000000e+0 8.159865560235e-3 1.004291145875e-2 1.192595735727e-2 1.380900325578e-2 1.569204915430e-2 1.757509505281e-2 1.945814095133e-2 2.134118684985e-2 1.129827539109e-2 2.322423274836e-2
6.600000 0.000000000000e+0 7.998020595517e-3 9.843717656021e-3 1.168941471653e-2 1.353511177703e-2 1.538080883753e-2 1.722650589804e-2 1.907220295854e-2 2.091790001905e-2 1.107418236302e-2 2.276359707955e-2
6.650000 0.000000000000e+0 7.840166242469e-3 9.649435375346e-3 1.145870450822e-2 1.326797364110e-2 1.507724277398e-2 1.688651190686e-2 1.869578103973e-2 2.050505017261e-2 1.085561479726e-2 2.231431930549e-2
6.700000 0.000000000000e+0 7.686172381964e-3 9.459904470109e-3 1.123363655825e-2 1.300736864640e-2 1.478110073455e-2 1.655483282269e-2 1.832856491084e-2 2.010229699898e-2 1.064239252887e-2 2.187602908713e-2
6.750000 0.000000000000e+0 7.535914174684e-3 9.274971291919e-3 1.101402840915e-2 1.275308552639e-2 1.449214264362e-2 1.623119976086e-2 1.797025687809e-2 1.970931399533e-2 1.043434270341e-2 2.144837111256e-2
6.800000 0.000000000000e+0 7.389271821239e-3 9.094488395370e-3 1.079970496950e-2 1.250492154363e-2 1.421013811777e-2 1.591535469190e-2 1.762057126603e-2 1.932578784016e-2 1.023129944479e-2 2.103100441429e-2
6.850000 0.000000000000e+0 7.246130333697e-3 8.918314256858e-3 1.059049818002e-2 1.226268210318e-2 1.393486602634e-2 1.560704994950e-2 1.727923387266e-2 1.895141779582e-2 1.003310353896e-2 2.062360171898e-2
6.900000 0.000000000000e+0 7.106379317976e-3 8.746313006739e-3 1.038624669550e-2 1.202618038427e-2 1.366611407303e-2 1.530604776179e-2 1.694598145056e-2 1.858591513932e-2 9.839602132582e-3 2.022584882808e-2
6.950000 0.000000000000e+0 6.969912766556e-3 8.578354174223e-3 1.018679558189e-2 1.179523698956e-2 1.340367839722e-2 1.501211980489e-2 1.662056121256e-2 1.822900262022e-2 9.650648446001e-3 1.983744402789e-2
7.000000 0.000000000000e+0 6.836628861036e-3 8.414312444352e-3 9.991996027668e-3 1.156967961098e-2 1.314736319430e-2 1.472504677762e-2 1.630273036093e-2 1.788041394425e-2 9.466101499896e-3 1.945809752756e-2
7.050000 0.000000000000e+0 6.706429784035e-3 8.254067426505e-3 9.801705068975e-3 1.134934271144e-2 1.289698035391e-2 1.444461799638e-2 1.599225563885e-2 1.753989328132e-2 9.285825854818e-3 1.908753092379e-2
7.100000 0.000000000000e+0 6.579221540013e-3 8.097503433862e-3 9.615785327711e-3 1.113406722156e-2 1.265234911541e-2 1.417063100926e-2 1.568891290311e-2 1.720719479696e-2 9.109691363094e-3 1.872547669080e-2
7.150000 0.000000000000e+0 6.454913784550e-3 7.944509273293e-3 9.434104762035e-3 1.092370025078e-2 1.241329573952e-2 1.390289122826e-2 1.539248671700e-2 1.688208220575e-2 8.937572932454e-3 1.837167769449e-2
7.200000 0.000000000000e+0 6.333419661712e-3 7.794978045184e-3 9.256536428656e-3 1.071809481213e-2 1.217965319560e-2 1.364121157907e-2 1.510276996254e-2 1.656432834602e-2 8.769350300832e-3 1.802588672949e-2
7.250000 0.000000000000e+0 6.214655649075e-3 7.648806952707e-3 9.082958256340e-3 1.051710955997e-2 1.195126086361e-2 1.338541216724e-2 1.481956347087e-2 1.625371477450e-2 8.604907821796e-3 1.768786607814e-2
7.300000 0.000000000000e+0 6.098541410068e-3 7.505897120083e-3 8.913252830099e-3 1.032060854011e-2 1.172796425013e-2 1.313531996015e-2 1.454267567016e-2 1.595003138018e-2 8.444134260093e-3 1.735738709019e-2
7.350000 0.000000000000e+0 5.984999653267e-3 7.366153419406e-3 8.747307185544e-3 1.012846095168e-2 1.150961471782e-2 1.289076848396e-2 1.427192225010e-2 1.565307601624e-2 8.286922596831e-3 1.703422978238e-2
7.400000 0.000000000000e+0 5.873955998312e-3 7.229484305615e-3 8.585012612917e-3 9.940540920220e-3 1.129606922752e-2 1.265159753483e-2 1.400712584213e-2 1.536265414943e-2 8.133169843817e-3 1.671818245673e-2
7.450000 0.000000000000e+0 5.765338848118e-3 7.095801659222e-3 8.426264470326e-3 9.756727281430e-3 1.108719009253e-2 1.241765290364e-2 1.374811571474e-2 1.507857852585e-2 7.982776866624e-3 1.640904133695e-2
7.500000 0.000000000000e+0 5.659079267090e-3 6.965020636418e-3 8.270962005747e-3 9.576903375075e-3 1.088284474440e-2 1.218878611373e-2 1.349472748306e-2 1.480066885239e-2 7.835648215971e-3 1.610661022172e-2
7.550000 0.000000000000e+0 5.555110865046e-3 6.837059526211e-3 8.119008187375e-3 9.400956848540e-3 1.068290550970e-2 1.196485417087e-2 1.324680283203e-2 1.452875149320e-2 7.691691966987e-3 1.581070015436e-2
7.600000 0.000000000000e+0 5.453369686573e-3 6.711839614243e-3 7.970309541914e-3 9.228779469585e-3 1.048724939726e-2 1.174571932493e-2 1.300418925260e-2 1.426265918027e-2 7.550819566024e-3 1.552112910794e-2
7.650000 0.000000000000e+0 5.353794105553e-3 6.589285052988e-3 7.824776000424e-3 9.060266947859e-3 1.029575789529e-2 1.153124884273e-2 1.276673979016e-2 1.400223073760e-2 7.412945684612e-3 1.523772168504e-2
7.700000 0.000000000000e+0 5.256324724622e-3 6.469322737996e-3 7.682320751370e-3 8.895318764744e-3 1.010831677812e-2 1.132131479149e-2 1.253431280487e-2 1.374731081824e-2 7.277988080245e-3 1.496030883162e-2
7.750000 0.000000000000e+0 5.160904279307e-3 6.351882189916e-3 7.542860100526e-3 8.733838011135e-3 9.924815921744e-3 1.111579383235e-2 1.230677174296e-2 1.349774965357e-2 7.145867463656e-3 1.468872756418e-2
7.800000 0.000000000000e+0 5.067477546635e-3 6.236895442012e-3 7.406313337389e-3 8.575731232767e-3 9.745149128144e-3 1.091456702352e-2 1.208398491890e-2 1.325340281428e-2 7.016507372264e-3 1.442282070965e-2
7.850000 0.000000000000e+0 4.975991257982e-3 6.124296932901e-3 7.272602607820e-3 8.420908282739e-3 9.569213957657e-3 1.071751963258e-2 1.186582530750e-2 1.301413098241e-2 6.889834049513e-3 1.416243665733e-2
7.900000 0.000000000000e+0 4.886394015974e-3 6.014023404276e-3 7.141652792577e-3 8.269282180879e-3 9.396911569181e-3 1.052454095748e-2 1.165217034578e-2 1.277979973409e-2 6.765776329810e-3 1.390742912239e-2
7.950000 0.000000000000e+0 4.798636215235e-3 5.906013803367e-3 7.013391391498e-3 8.120768979629e-3 9.228146567760e-3 1.033552415589e-2 1.144290174402e-2 1.255027933215e-2 6.644265528788e-3 1.365765692029e-2
8.000000 0.000000000000e+0 4.712669966805e-3 5.800209189914e-3 6.887748413023e-3 7.975287636132e-3 9.062826859241e-3 1.015036608235e-2 1.123790530546e-2 1.232544452857e-2 6.525235338653e-3 1.341298375168e-2
8.050000 0.000000000000e+0 4.628449026043e-3 5.696552647437e-3 6.764656268831e-3 7.832759890226e-3 8.900863511620e-3 9.968967133015e-3 1.103707075441e-2 1.210517437580e-2 6.408621728367e-3 1.317327799720e-2
8.100000 0.000000000000e+0 4.545928723860e-3 5.594989198597e-3 6.644049673334e-3 7.693110148071e-3 8.742170622807e-3 9.791231097544e-3 1.084029157228e-2 1.188935204702e-2 6.294362848421e-3 1.293841252176e-2
8.150000 0.000000000000e+0 4.465065901117e-3 5.495465724451e-3 6.525865547786e-3 7.556265371121e-3 8.586665194455e-3 9.617065017790e-3 1.064746484112e-2 1.167786466446e-2 6.182398940008e-3 1.270826448779e-2
8.200000 0.000000000000e+0 4.385818846031e-3 5.397930887423e-3 6.410042928814e-3 7.422154970206e-3 8.434267011598e-3 9.446379052990e-3 1.045849109438e-2 1.147060313577e-2 6.072672248351e-3 1.248271517716e-2
8.250000 0.000000000000e+0 4.308147234457e-3 5.302335057794e-3 6.296522881130e-3 7.290710704466e-3 8.284898527803e-3 9.279086351139e-3 1.027327417448e-2 1.126746199781e-2 5.965126940018e-3 1.226164982115e-2
8.300000 0.000000000000e+0 4.232012072902e-3 5.208630243571e-3 6.185248414241e-3 7.161866584910e-3 8.138484755580e-3 9.115102926249e-3 1.009172109692e-2 1.106833926759e-2 5.859709024017e-3 1.204495743826e-2
8.350000 0.000000000000e+0 4.157375644134e-3 5.116770023549e-3 6.076164402965e-3 7.035558782380e-3 7.994953161796e-3 8.954347541211e-3 9.913741920626e-3 1.087313630004e-2 5.756366276493e-3 1.183253067946e-2
8.400000 0.000000000000e+0 4.084201455284e-3 5.026709483426e-3 5.969217511569e-3 6.911725539711e-3 7.854233567853e-3 8.796741595996e-3 9.739249624138e-3 1.068175765228e-2 5.655048168854e-3 1.162426568042e-2
8.450000 0.000000000000e+0 4.012454188296e-3 4.938405154825e-3 5.864356121355e-3 6.790307087885e-3 7.716258054414e-3 8.642209020944e-3 9.568159987474e-3 1.049411095400e-2 5.555705799178e-3 1.142006192053e-2
8.500000 0.000000000000e+0 3.942099652629e-3 4.851814957082e-3 5.761530261535e-3 6.671245565988e-3 7.580960870441e-3 8.490676174894e-3 9.400391479346e-3 1.031010678380e-2 5.458291826717e-3 1.121982208825e-2
8.550000 0.000000000000e+0 3.873104740106e-3 4.766898141669e-3 5.660691543232e-3 6.554484944795e-3 7.448278346358e-3 8.342071747921e-3 9.235865149484e-3 1.012965855105e-2 5.362760409378e-3 1.102345195261e-2
8.600000 0.000000000000e+0 3.805437381792e-3 4.683615239129e-3 5.561793096465e-3 6.439970953802e-3 7.318148811139e-3 8.196326668475e-3 9.074504525812e-3 9.952682383149e-3 5.269067144020e-3 1.083086024049e-2
8.650000 0.000000000000e+0 3.739066506826e-3 4.601928008401e-3 5.464789509976e-3 6.327651011551e-3 7.190512513126e-3 8.053374014701e-3 8.916235516277e-3 9.779097017852e-3 5.177169009451e-3 1.064195851943e-2
8.700000 0.000000000000e+0 3.673962003094e-3 4.521799388424e-3 5.369636773753e-3 6.217474159083e-3 7.065311544412e-3 7.913148929741e-3 8.760986315071e-3 9.608823700400e-3 5.087024311977e-3 1.045666108573e-2
8.750000 0.000000000000e+0 3.610094679676e-3 4.443193451909e-3 5.276292224142e-3 6.109390996375e-3 6.942489768608e-3 7.775588540841e-3 8.608687313074e-3 9.441786085307e-3 4.998592633398e-3 1.027488485754e-2
8.800000 0.000000000000e+0 3.547436230961e-3 4.366075361182e-3 5.184714491404e-3 6.003353621626e-3 6.821992751848e-3 7.640631882069e-3 8.459271012291e-3 9.277910142513e-3 4.911834781330e-3 1.009654927273e-2
8.850000 0.000000000000e+0 3.485959202370e-3 4.290411325994e-3 5.094863449617e-3 5.899315573241e-3 6.703767696865e-3 7.508219820489e-3 8.312671944112e-3 9.117124067736e-3 4.826712741743e-3 9.921576191360e-3
8.900000 0.000000000000e+0 3.425636957603e-3 4.216168563203e-3 5.006700168804e-3 5.797231774404e-3 6.587763380005e-3 7.378294985605e-3 8.168826591206e-3 8.959358196807e-3 4.743189633603e-3 9.749889802407e-3
8.950000 0.000000000000e+0 3.366443647335e-3 4.143315258258e-3 4.920186869182e-3 5.697058480105e-3 6.473930091029e-3 7.250801701952e-3 8.027673312876e-3 8.804544923799e-3 4.661229665541e-3 9.581416534722e-3
9.000000 0.000000000000e+0 3.308354179302e-3 4.071820528372e-3 4.835286877441e-3 5.598753226511e-3 6.362219575581e-3 7.125685924650e-3 7.889152273720e-3 8.652618622789e-3 4.580798094418e-3 9.416084971859e-3
9.050000 0.000000000000e+0 3.251344189700e-3 4.001654387323e-3 4.751964584945e-3 5.502274782568e-3 6.252584980191e-3 7.002895177814e-3 7.753205375437e-3 8.503515573060e-3 4.501861185738e-3 9.253825770683e-3
9.100000 0.000000000000e+0 3.195390015844e-3 3.932787711809e-3 4.670185407773e-3 5.407583103737e-3 6.144980799701e-3 6.882378495665e-3 7.619776191629e-3 8.357173887593e-3 4.424386175785e-3 9.094571583557e-3
9.150000 0.000000000000e+0 3.140468670031e-3 3.865192209269e-3 4.589915748507e-3 5.314639287744e-3 6.039362826982e-3 6.764086366220e-3 7.488809905458e-3 8.213533444696e-3 4.348341235427e-3 8.938256983934e-3
9.200000 0.000000000000e+0 3.086557814530e-3 3.798840387113e-3 4.511122959697e-3 5.223405532281e-3 5.935688104865e-3 6.647970677448e-3 7.360253250032e-3 8.072535822616e-3 4.273695435503e-3 8.784818395200e-3
9.250000 0.000000000000e+0 3.033635737676e-3 3.733705523294e-3 4.433775308912e-3 5.133845094529e-3 5.833914880147e-3 6.533984665764e-3 7.234054451382e-3 7.934124237000e-3 4.200418713706e-3 8.634194022617e-3
9.300000 0.000000000000e+0 2.981681330996e-3 3.669761638149e-3 4.357841945302e-3 5.045922252455e-3 5.734002559608e-3 6.422082866761e-3 7.110163173914e-3 7.798243481066e-3 4.128481842918e-3 8.486323788219e-3
9.350000 0.000000000000e+0 2.930674067318e-3 3.606983467468e-3 4.283292867618e-3 4.959602267768e-3 5.635911667918e-3 6.312221068068e-3 6.988530468219e-3 7.664839868369e-3 4.057856400901e-3 8.341149268519e-3
9.400000 0.000000000000e+0 2.880593979831e-3 3.545346436715e-3 4.210098893598e-3 4.874851350482e-3 5.539603807366e-3 6.204356264250e-3 6.869108721134e-3 7.533861178018e-3 3.988514741304e-3 8.198613634902e-3
9.450000 0.000000000000e+0 2.831421642042e-3 3.484826636359e-3 4.138231630676e-3 4.791636624993e-3 5.445041619311e-3 6.098446613628e-3 6.751851607945e-3 7.405256602263e-3 3.920429965904e-3 8.058661596580e-3
9.500000 0.000000000000e+0 2.783138148587e-3 3.425400798261e-3 4.067663447935e-3 4.709926097609e-3 5.352188747283e-3 5.994451396957e-3 6.636714046631e-3 7.278976696305e-3 3.853575898044e-3 7.921239345979e-3
9.550000 0.000000000000e+0 2.735725096865e-3 3.367046273064e-3 3.998367449264e-3 4.629688625463e-3 5.261009801663e-3 5.892330977862e-3 6.523652154062e-3 7.154973330261e-3 3.787927057197e-3 7.786294506461e-3
9.600000 0.000000000000e+0 2.689164569441e-3 3.309741008543e-3 3.930317447644e-3 4.550893886746e-3 5.171470325848e-3 5.792046764950e-3 6.412623204051e-3 7.033199643153e-3 3.723458634611e-3 7.653776082255e-3
9.650000 0.000000000000e+0 2.643439117208e-3 3.253463528871e-3 3.863487940534e-3 4.473512352197e-3 5.083536763861e-3 5.693561175524e-3 6.303585587187e-3 6.913609998851e-3 3.660146469980e-3 7.523634410514e-3
9.700000 0.000000000000e+0 2.598531743242e-3 3.198192914759e-3 3.797854086276e-3 4.397515257794e-3 4.997176429311e-3 5.596837600828e-3 6.196498772345e-3 6.796159943863e-3 3.597967029104e-3 7.395821115380e-3
9.750000 0.000000000000e+0 2.554425887344e-3 3.143908784424e-3 3.733391681503e-3 4.322874578583e-3 4.912357475662e-3 5.501840372742e-3 6.091323269821e-3 6.680806166901e-3 3.536897382477e-3 7.270289063980e-3
9.800000 0.000000000000e+0 2.511105411226e-3 3.090591275355e-3 3.670077139484e-3 4.249563003613e-3 4.829048867742e-3 5.408534731871e-3 5.988020596000e-3 6.567506460129e-3 3.476915184774e-3 7.146992324258e-3
9.850000 0.000000000000e+0 2.468554584302e-3 3.038221026833e-3 3.607887469365e-3 4.177553911896e-3 4.747220354427e-3 5.316886796958e-3 5.886553239490e-3 6.456219682021e-3 3.417998655187e-3 7.025886124552e-3
9.900000 0.000000000000e+0 2.426758070083e-3 2.986779163180e-3 3.546800256276e-3 4.106821349372e-3 4.666842442468e-3 5.226863535564e-3 5.786884628661e-3 6.346905721757e-3 3.360126558577e-3 6.906926814853e-3
9.950000 0.000000000000e+0 2.385700913120e-3 2.936247277686e-3 3.486793642252e-3 4.037340006818e-3 4.587886371384e-3 5.138432735950e-3 5.688979100517e-3 6.239525465083e-3 3.303278187397e-3 6.790071829649e-3
10.000000 0.000000000000e+0 2.345368526482e-3 2.886607417209e-3 3.427846307936e-3 3.969085198663e-3 4.510324089389e-3 5.051562980116e-3 5.592801870843e-3 6.134040761570e-3 3.247433344360e-3 6.675279652296e-3
10.050000 0.000000000000e+0 2.305746679755e-3 2.837842067391e-3 3.369937455027e-3 3.902032842663e-3 4.434128230299e-3 4.966223617934e-3 5.498319005570e-3 6.030414393206e-3 3.192572325815e-3 6.562509780842e-3
10.100000 0.000000000000e+0 2.266821487514e-3 2.789934138478e-3 3.313046789443e-3 3.836159440408e-3 4.359272091372e-3 4.882384742337e-3 5.405497393302e-3 5.928610044266e-3 3.138675905788e-3 6.451722695231e-3
10.150000 0.000000000000e+0 2.228579398268e-3 2.742866951714e-3 3.257154505161e-3 3.771442058607e-3 4.285729612054e-3 4.800017165500e-3 5.314304718947e-3 5.828592272393e-3 3.085725320679e-3 6.342879825840e-3
10.200000 0.000000000000e+0 2.191007183851e-3 2.696624226279e-3 3.202241268706e-3 3.707858311133e-3 4.213475353560e-3 4.719092395988e-3 5.224709438415e-3 5.730326480842e-3 3.033702254563e-3 6.235943523269e-3
10.250000 0.000000000000e+0 2.154091929231e-3 2.651190066745e-3 3.148288204260e-3 3.645386341775e-3 4.142484479290e-3 4.639582616804e-3 5.136680754319e-3 5.633778891834e-3 2.982588825089e-3 6.130877029349e-3
10.300000 0.000000000000e+0 2.117821022722e-3 2.606548951043e-3 3.095276879363e-3 3.584004807683e-3 4.072732736004e-3 4.561460664324e-3 5.050188592645e-3 5.538916520965e-3 2.932367569923e-3 6.027644449286e-3
10.350000 0.000000000000e+0 2.082182146594e-3 2.562685718885e-3 3.043189291176e-3 3.523692863467e-3 4.004196435758e-3 4.484700008049e-3 4.965203580340e-3 5.445707152631e-3 2.883021433746e-3 5.926210724922e-3
10.400000 0.000000000000e+0 2.047163268040e-3 2.519585560665e-3 2.992007853289e-3 3.464430145914e-3 3.936852438538e-3 4.409274731163e-3 4.881697023788e-3 5.354119316412e-3 2.834533755748e-3 5.826541609037e-3
10.450000 0.000000000000e+0 2.012752630499e-3 2.477234006768e-3 2.941715383037e-3 3.406196759306e-3 3.870678135575e-3 4.335159511844e-3 4.799640888113e-3 5.264122264382e-3 2.786888257614e-3 5.728603640651e-3
10.500000 0.000000000000e+0 1.978938745320e-3 2.435616917317e-3 2.892295089314e-3 3.348973261311e-3 3.805651433308e-3 4.262329605305e-3 4.719007777302e-3 5.175685949299e-3 2.740069031982e-3 5.632364121296e-3
10.550000 0.000000000000e+0 1.945710383745e-3 2.394720472301e-3 2.843730560858e-3 3.292740649414e-3 3.741750737971e-3 4.190760826527e-3 4.639770915084e-3 5.088781003640e-3 2.694060531339e-3 5.537791092197e-3
10.600000 0.000000000000e+0 1.913056569195e-3 2.354531162086e-3 2.796005754977e-3 3.237480347869e-3 3.678954940760e-3 4.120429533651e-3 4.561904126542e-3 5.003378719433e-3 2.648847557347e-3 5.444853312325e-3
10.650000 0.000000000000e+0 1.880966569860e-3 2.315035778290e-3 2.749104986719e-3 3.183174195148e-3 3.617243403577e-3 4.051312612007e-3 4.485381820436e-3 4.919451028865e-3 2.604415250576e-3 5.353520237295e-3
10.700000 0.000000000000e+0 1.849429891561e-3 2.276221404998e-3 2.703012918435e-3 3.129804431872e-3 3.556595945309e-3 3.983387458747e-3 4.410178972184e-3 4.836970485621e-3 2.560749080623e-3 5.263761999058e-3
10.750000 0.000000000000e+0 1.818436270883e-3 2.238075410318e-3 2.657714549752e-3 3.077353689187e-3 3.496992828622e-3 3.916631968056e-3 4.336271107491e-3 4.755910246926e-3 2.517834836608e-3 5.175549386360e-3
10.800000 0.000000000000e+0 1.787975668570e-3 2.200585438239e-3 2.613195207909e-3 3.025804977579e-3 3.438414747249e-3 3.851024516919e-3 4.263634286589e-3 4.676244056259e-3 2.475658618019e-3 5.088853825929e-3
10.850000 0.000000000000e+0 1.758038263154e-3 2.163739400805e-3 2.569440538456e-3 2.975141676107e-3 3.380842813758e-3 3.786543951409e-3 4.192245089060e-3 4.597946226711e-3 2.434206825906e-3 5.003647364362e-3
10.900000 0.000000000000e+0 1.728614444836e-3 2.127525470567e-3 2.526436496298e-3 2.925347522029e-3 3.324258547761e-3 3.723169573492e-3 4.122080599223e-3 4.520991624954e-3 2.393466154388e-3 4.919902650686e-3
10.950000 0.000000000000e+0 1.699694809570e-3 2.091932073317e-3 2.484169337064e-3 2.876406600811e-3 3.268643864558e-3 3.660881128305e-3 4.053118392052e-3 4.445355655799e-3 2.353423582482e-3 4.837592919546e-3
11.000000 0.000000000000e+0 1.671270153385e-3 2.056947881090e-3 2.442625608794e-3 2.828303336498e-3 3.213981064202e-3 3.599658791907e-3 3.985336519611e-3 4.371014247315e-3 2.314066366226e-3 4.756691975020e-3
11.050000 0.000000000000e+0 1.643331466893e-3 2.022561805407e-3 2.401792143921e-3 2.781022482435e-3 3.160252820949e-3 3.539483159463e-3 3.918713497977e-3 4.297943836491e-3 2.275382031083e-3 4.677174175004e-3
11.100000 0.000000000000e+0 1.615869930007e-3 1.988762990777e-3 2.361656051548e-3 2.734549112319e-3 3.107442173090e-3 3.480335233861e-3 3.853228294631e-3 4.226121355402e-3 2.237358364625e-3 4.599014416173e-3
11.150000 0.000000000000e+0 1.588876906837e-3 1.955540808415e-3 2.322204709993e-3 2.688868611571e-3 3.055532513149e-3 3.422196414727e-3 3.788860316305e-3 4.155524217883e-3 2.199983409467e-3 4.522188119461e-3
11.200000 0.000000000000e+0 1.562343940781e-3 1.922884850192e-3 2.283425759603e-3 2.643966669014e-3 3.004507578425e-3 3.365048487835e-3 3.725589397246e-3 4.086130306657e-3 2.163245456466e-3 4.446671216068e-3
11.250000 0.000000000000e+0 1.536262749768e-3 1.890784922792e-3 2.245307095815e-3 2.599829268839e-3 2.954351441862e-3 3.308873614885e-3 3.663395787909e-3 4.017917960932e-3 2.127133038141e-3 4.372440133956e-3
11.300000 0.000000000000e+0 1.510625221688e-3 1.859231042078e-3 2.207836862467e-3 2.556442682857e-3 2.905048503247e-3 3.253654323636e-3 3.602260144026e-3 3.950865964415e-3 2.091634922338e-3 4.299471784805e-3
11.350000 0.000000000000e+0 1.485423409964e-3 1.828213427648e-3 2.171003445332e-3 2.513793463016e-3 2.856583480700e-3 3.199373498384e-3 3.542163516068e-3 3.884953533752e-3 2.056740106104e-3 4.227743551436e-3
11.400000 0.000000000000e+0 1.460649529284e-3 1.797722497580e-3 2.134795465876e-3 2.471868434172e-3 2.808941402469e-3 3.146014370765e-3 3.483087339061e-3 3.820160307357e-3 2.022437809777e-3 4.157233275654e-3
11.450000 0.000000000000e+0 1.436295951475e-3 1.767748863354e-3 2.099201775233e-3 2.430654687112e-3 2.762107598991e-3 3.093560510870e-3 3.425013422749e-3 3.756466334628e-3 1.988717471274e-3 4.087919246507e-3
11.500000 0.000000000000e+0 1.412355201522e-3 1.738283324950e-3 2.064211448379e-3 2.390139571807e-3 2.716067695235e-3 3.041995818663e-3 3.367923942092e-3 3.693852065520e-3 1.955568740569e-3 4.019780188948e-3
11.550000 0.000000000000e+0 1.388819953710e-3 1.709316866105e-3 2.029813778500e-3 2.350310690894e-3 2.670807603289e-3 2.991304515684e-3 3.311801428078e-3 3.632298340473e-3 1.922981474368e-3 3.952795252868e-3
11.600000 0.000000000000e+0 1.365683027905e-3 1.680840649729e-3 1.995998271554e-3 2.311155893378e-3 2.626313515202e-3 2.941471137027e-3 3.256628758851e-3 3.571786380675e-3 1.890945730946e-3 3.886944002499e-3
11.650000 0.000000000000e+0 1.342937385951e-3 1.652846013478e-3 1.962754641005e-3 2.272663268532e-3 2.582571896059e-3 2.892480523586e-3 3.202389151113e-3 3.512297778640e-3 1.859451765163e-3 3.822206406167e-3
11.700000 0.000000000000e+0 1.320576128186e-3 1.625324465460e-3 1.930072802734e-3 2.234821140008e-3 2.539569477281e-3 2.844317814555e-3 3.149066151829e-3 3.453814489103e-3 1.828490023643e-3 3.758562826376e-3
11.750000 0.000000000000e+0 1.298592490077e-3 1.598267680094e-3 1.897942870112e-3 2.197618060130e-3 2.497293250147e-3 2.796968440165e-3 3.096643630183e-3 3.396318820200e-3 1.798051140106e-3 3.695994010218e-3
11.800000 0.000000000000e+0 1.276979838950e-3 1.571667494092e-3 1.866355149234e-3 2.161042804376e-3 2.455730459519e-3 2.750418114661e-3 3.045105769803e-3 3.339793424945e-3 1.768125930853e-3 3.634481080088e-3
11.850000 0.000000000000e+0 1.255731670840e-3 1.545515902572e-3 1.835300134304e-3 2.125084366036e-3 2.414868597768e-3 2.704652829501e-3 2.994437061233e-3 3.284221292965e-3 1.738705390393e-3 3.574005524697e-3
11.900000 0.000000000000e+0 1.234841607429e-3 1.519805055297e-3 1.804768503165e-3 2.089731951033e-3 2.374695398901e-3 2.659658846769e-3 2.944622294637e-3 3.229585742505e-3 1.709780687209e-3 3.514549190373e-3
11.950000 0.000000000000e+0 1.214303393085e-3 1.494527253028e-3 1.774751112970e-3 2.054974972913e-3 2.335198832856e-3 2.615422692799e-3 2.895646552741e-3 3.175870412684e-3 1.681343159656e-3 3.456094272627e-3
12.000000 0.000000000000e+0 1.194110891994e-3 1.469674943993e-3 1.745238995992e-3 2.020803047991e-3 2.296367099989e-3 2.571931151988e-3 2.847495203987e-3 3.123059255985e-3 1.653384311992e-3 3.398623307984e-3
12.050000 0.000000000000e+0 1.174258085377e-3 1.445240720464e-3 1.716223355551e-3 1.987205990638e-3 2.258188625725e-3 2.529171260812e-3 2.800153895899e-3 3.071136530987e-3 1.625895810522e-3 3.342119166074e-3
12.100000 0.000000000000e+0 1.154739068793e-3 1.421217315438e-3 1.687695562082e-3 1.954173808727e-3 2.220652055372e-3 2.487130302016e-3 2.753608548661e-3 3.020086795305e-3 1.598869479868e-3 3.286565041950e-3
12.150000 0.000000000000e+0 1.135548049527e-3 1.397597599418e-3 1.659647149309e-3 1.921696699200e-3 2.183746249091e-3 2.445795798982e-3 2.707845348872e-3 2.969894898763e-3 1.572297299345e-3 3.231944448654e-3
12.200000 0.000000000000e+0 1.116679344052e-3 1.374374577295e-3 1.632069810538e-3 1.889765043781e-3 2.147460277024e-3 2.405155510267e-3 2.662850743510e-3 2.920545976753e-3 1.546171399457e-3 3.178241209995e-3
12.250000 0.000000000000e+0 1.098127375571e-3 1.351541385318e-3 1.604955395065e-3 1.858369404812e-3 2.111783414560e-3 2.365197424307e-3 2.618611434054e-3 2.872025443801e-3 1.520484058483e-3 3.125439453548e-3
12.300000 0.000000000000e+0 1.079886671625e-3 1.329091288154e-3 1.578295904683e-3 1.827500521212e-3 2.076705137741e-3 2.325909754270e-3 2.575114370799e-3 2.824318987328e-3 1.495227699174e-3 3.073523603857e-3
12.350000 0.000000000000e+0 1.061951861781e-3 1.307017676038e-3 1.552083490295e-3 1.797149304553e-3 2.042215118810e-3 2.287280933067e-3 2.532346747324e-3 2.777412561581e-3 1.470394885543e-3 3.022478375839e-3
12.400000 0.000000000000e+0 1.044317675376e-3 1.285314062001e-3 1.526310448626e-3 1.767306835251e-3 2.008303221877e-3 2.249299608502e-3 2.490295995127e-3 2.731292381752e-3 1.445978319751e-3 2.972288768377e-3
12.450000 0.000000000000e+0 1.026978939334e-3 1.263974079180e-3 1.500969219026e-3 1.737964358872e-3 1.974959498719e-3 2.211954638565e-3 2.448949778411e-3 2.685944918257e-3 1.421970839077e-3 2.922940058104e-3
12.500000 0.000000000000e+0 1.009930576041e-3 1.242991478205e-3 1.476052380368e-3 1.709113282531e-3 1.942174184695e-3 2.175235086858e-3 2.408295989021e-3 2.641356891185e-3 1.398365412980e-3 2.874417793348e-3
12.550000 0.000000000000e+0 9.931676012846e-4 1.222360124658e-3 1.451552648031e-3 1.680745171405e-3 1.909937694778e-3 2.139130218151e-3 2.368322741525e-3 2.597515264898e-3 1.375155140240e-3 2.826707788272e-3
12.600000 0.000000000000e+0 9.766851222430e-4 1.202073996607e-3 1.427462870971e-3 1.652851745334e-3 1.878240619698e-3 2.103629494062e-3 2.329018368426e-3 2.554407242789e-3 1.352333246183e-3 2.779796117153e-3
12.650000 0.000000000000e+0 9.604783355391e-4 1.182127182202e-3 1.403776028865e-3 1.625424875528e-3 1.847073722191e-3 2.068722568853e-3 2.290371415516e-3 2.512020262179e-3 1.329893079977e-3 2.733669108842e-3
12.700000 0.000000000000e+0 9.445425253422e-4 1.162513877344e-3 1.380485229346e-3 1.598456581348e-3 1.816427933350e-3 2.034399285352e-3 2.252370637354e-3 2.470341989357e-3 1.307828112012e-3 2.688313341359e-3
12.750000 0.000000000000e+0 9.288730615240e-4 1.143228383414e-3 1.357583705304e-3 1.571939027194e-3 1.786294349085e-3 2.000649670975e-3 2.215004992865e-3 2.429360314755e-3 1.286131931341e-3 2.643715636645e-3
12.800000 0.000000000000e+0 9.134653978634e-4 1.124265105063e-3 1.335064812262e-3 1.545864519461e-3 1.756664226660e-3 1.967463933860e-3 2.178263641059e-3 2.389063348258e-3 1.264798243196e-3 2.599863055457e-3
12.850000 0.000000000000e+0 8.983150703000e-4 1.105618548062e-3 1.312922025823e-3 1.520225503585e-3 1.727528981346e-3 1.934832459108e-3 2.142135936869e-3 2.349439414631e-3 1.243820866569e-3 2.556742892392e-3
12.900000 0.000000000000e+0 8.834176952337e-4 1.087283317211e-3 1.291148939188e-3 1.495014561165e-3 1.698880183142e-3 1.902745805119e-3 2.106611427096e-3 2.310477049073e-3 1.223193731862e-3 2.514342671050e-3
12.950000 0.000000000000e+0 8.687689678693e-4 1.069254114301e-3 1.269739260732e-3 1.470224407163e-3 1.670709553595e-3 1.871194700026e-3 2.071679846458e-3 2.272164992889e-3 1.202910878588e-3 2.472650139320e-3
13.000000 0.000000000000e+0 8.543646606042e-4 1.051525736128e-3 1.248686811652e-3 1.445847887176e-3 1.643008962700e-3 1.840170038225e-3 2.037331113749e-3 2.234492189273e-3 1.182966453144e-3 2.431653264797e-3
13.050000 0.000000000000e+0 8.402006214582e-4 1.034093072564e-3 1.227985523670e-3 1.421877974775e-3 1.615770425881e-3 1.809662876987e-3 2.003555328093e-3 2.197447779198e-3 1.163354706634e-3 2.391340230304e-3
13.100000 0.000000000000e+0 8.262727725426e-4 1.016951104668e-3 1.207629436793e-3 1.398307768918e-3 1.588986101044e-3 1.779664433169e-3 1.970342765294e-3 2.161021097419e-3 1.144069992751e-3 2.351699429544e-3
13.150000 0.000000000000e+0 8.125771085701e-4 1.000094902855e-3 1.187612697141e-3 1.375130491426e-3 1.562648285712e-3 1.750166079997e-3 1.937683874282e-3 2.125201668568e-3 1.125106765712e-3 2.312719462853e-3
13.200000 0.000000000000e+0 7.991096954000e-4 9.835196251077e-4 1.167929554815e-3 1.352339484523e-3 1.536749414231e-3 1.721159343939e-3 1.905569273646e-3 2.089979203354e-3 1.106459578246e-3 2.274389133062e-3
13.250000 0.000000000000e+0 7.858666686222e-4 9.672205152274e-4 1.148574361833e-3 1.329928208438e-3 1.511282055043e-3 1.692635901648e-3 1.873989748253e-3 2.055343594858e-3 1.088123079631e-3 2.236697441463e-3
13.300000 0.000000000000e+0 7.728442321745e-4 9.511929011378e-4 1.129541570101e-3 1.307890239065e-3 1.486238908028e-3 1.664587576991e-3 1.842936245955e-3 2.021284914918e-3 1.070092013780e-3 2.199633583881e-3
13.350000 0.000000000000e+0 7.600386569947e-4 9.354321932242e-4 1.110825729454e-3 1.286219265683e-3 1.461612801913e-3 1.637006338142e-3 1.812399874372e-3 1.987793410601e-3 1.052361217377e-3 2.163186946831e-3
13.400000 0.000000000000e+0 7.474462797059e-4 9.199338827150e-4 1.092421485724e-3 1.264909088733e-3 1.437396691742e-3 1.609884294751e-3 1.782371897760e-3 1.954859500769e-3 1.034925618054e-3 2.127347103778e-3
13.450000 0.000000000000e+0 7.350635013332e-4 9.046935401024e-4 1.074323578872e-3 1.243953617641e-3 1.413583656410e-3 1.583213695179e-3 1.752843733948e-3 1.922473772718e-3 1.017780232615e-3 2.092103811487e-3
13.500000 0.000000000000e+0 7.228867860513e-4 8.897068136016e-4 1.056526841152e-3 1.223346868702e-3 1.390166896252e-3 1.556986923803e-3 1.723806951353e-3 1.890626978903e-3 1.000920165302e-3 2.057447006454e-3
13.550000 0.000000000000e+0 7.109126599620e-4 8.749694276455e-4 1.039026195329e-3 1.203082963013e-3 1.367139730696e-3 1.531196498380e-3 1.695253266063e-3 1.859310033747e-3 9.843406061012e-4 2.023366801430e-3
13.600000 0.000000000000e+0 6.991377099009e-4 8.604771814165e-4 1.021816652932e-3 1.183156124448e-3 1.344495595963e-3 1.505835067479e-3 1.667174538994e-3 1.828514010510e-3 9.680368290936e-4 1.989853482026e-3
13.650000 0.000000000000e+0 6.875585822717e-4 8.462259474113e-4 1.004893312551e-3 1.163560677691e-3 1.322228042830e-3 1.480895407970e-3 1.639562773109e-3 1.798230138249e-3 9.520041908378e-4 1.956897503389e-3
13.700000 0.000000000000e+0 6.761719819078e-4 8.322116700404e-4 9.882513581730e-4 1.144291046306e-3 1.300330734438e-3 1.456370422571e-3 1.612410110703e-3 1.768449798836e-3 9.362381287954e-4 1.924489486968e-3
13.750000 0.000000000000e+0 6.649746709604e-4 8.184303642589e-4 9.718860575575e-4 1.125341750856e-3 1.278797444155e-3 1.432253137453e-3 1.585708830752e-3 1.739164524050e-3 9.207341597913e-4 1.892620217349e-3
13.800000 0.000000000000e+0 6.539634678117e-4 8.048781142298e-4 9.557927606479e-4 1.106707407066e-3 1.257622053484e-3 1.408536699902e-3 1.559451346320e-3 1.710365992738e-3 9.054878785085e-4 1.861280639156e-3
13.850000 0.000000000000e+0 6.431352460135e-4 7.915510720166e-4 9.399668980197e-4 1.088382724023e-3 1.236798550026e-3 1.385214376029e-3 1.533630202032e-3 1.682046028035e-3 8.904949560187e-4 1.830461854038e-3
13.900000 0.000000000000e+0 6.324869332490e-4 7.784454563065e-4 9.244039793640e-4 1.070362502421e-3 1.216321025479e-3 1.362279548536e-3 1.508238071594e-3 1.654196594651e-3 8.757511383448e-4 1.800155117709e-3
13.950000 0.000000000000e+0 6.220155103186e-4 7.655575511614e-4 9.090995920041e-4 1.052641632847e-3 1.196183673690e-3 1.339725714532e-3 1.483267755375e-3 1.626809796218e-3 8.612522450566e-4 1.770351837061e-3
14.000000 0.000000000000e+0 6.117180101479e-4 7.528837047974e-4 8.940493994469e-4 1.035215094096e-3 1.176380788746e-3 1.317546483395e-3 1.458712178045e-3 1.599877872694e-3 8.469941678970e-4 1.741043567344e-3
14.050000 0.000000000000e+0 6.015915168176e-4 7.404203283909e-4 8.792491399642e-4 1.018077951537e-3 1.156906763111e-3 1.295735574684e-3 1.434564386257e-3 1.573393197831e-3 8.329728694397e-4 1.712222009404e-3
14.100000 0.000000000000e+0 5.916331646153e-4 7.281638949111e-4 8.646946252069e-4 1.001225355503e-3 1.137756085799e-3 1.274286816094e-3 1.410817546390e-3 1.547348276686e-3 8.191843817750e-4 1.683879006982e-3
14.150000 0.000000000000e+0 5.818401371072e-4 7.161109379781e-4 8.503817388489e-4 9.846525397198e-4 1.118923340591e-3 1.253194141462e-3 1.387464942332e-3 1.521735743203e-3 8.056248052253e-4 1.656006544074e-3
14.200000 0.000000000000e+0 5.722096662305e-4 7.042580507452e-4 8.363064352599e-4 9.683548197747e-4 1.100403204289e-3 1.232451588804e-3 1.364499973319e-3 1.496548357834e-3 7.922903070884e-4 1.628596742348e-3
14.250000 0.000000000000e+0 5.627390314051e-4 6.926018848063e-4 8.224647382075e-4 9.523275916087e-4 1.082190445010e-3 1.212053298411e-3 1.341916151812e-3 1.471779005213e-3 7.791771204071e-4 1.601641858615e-3
14.300000 0.000000000000e+0 5.534255586645e-4 6.811391491256e-4 8.088527395866e-4 9.365663300477e-4 1.064279920509e-3 1.191993510970e-3 1.319707101431e-3 1.447420691892e-3 7.662815427663e-4 1.575134282353e-3
14.350000 0.000000000000e+0 5.442666198049e-4 6.698666089906e-4 7.954665981764e-4 9.210665873621e-4 1.046666576548e-3 1.172266565734e-3 1.297866554919e-3 1.423466544105e-3 7.535999351144e-4 1.549066533291e-3
14.400000 0.000000000000e+0 5.352596315523e-4 6.587810849875e-4 7.823025384226e-4 9.058239918578e-4 1.029345445293e-3 1.152866898728e-3 1.276388352163e-3 1.399909805598e-3 7.411287206109e-4 1.523431259034e-3
14.450000 0.000000000000e+0 5.264020547478e-4 6.478794519972e-4 7.693568492467e-4 8.908342464962e-4 1.012311643746e-3 1.133789040995e-3 1.255266438245e-3 1.376743835494e-3 7.288643834969e-4 1.498221232744e-3
14.500000 0.000000000000e+0 5.176913935485e-4 6.371586382136e-4 7.566258828786e-4 8.760931275437e-4 9.955603722087e-4 1.115027616874e-3 1.234494861539e-3 1.353962106204e-3 7.168034679903e-4 1.473429350869e-3
14.550000 0.000000000000e+0 5.091251946467e-4 6.266156241806e-4 7.441060537144e-4 8.615964832483e-4 9.790869127821e-4 1.096577342316e-3 1.214067771850e-3 1.331558201384e-3 7.049425772031e-4 1.449048630918e-3
14.600000 0.000000000000e+0 5.007010465036e-4 6.162474418506e-4 7.317938371976e-4 8.473402325446e-4 9.628866278916e-4 1.078433023239e-3 1.193979418586e-3 1.309525813933e-3 6.932783720819e-4 1.425072209280e-3
14.650000 0.000000000000e+0 4.924165785999e-4 6.060511736614e-4 7.196857687229e-4 8.333203637844e-4 9.469549588459e-4 1.060589553907e-3 1.174224148969e-3 1.287858744030e-3 6.818075703691e-4 1.401493339092e-3
14.700000 0.000000000000e+0 4.842694607009e-4 5.960239516319e-4 7.077784425629e-4 8.195329334938e-4 9.312874244248e-4 1.043041915356e-3 1.154796406287e-3 1.266550897218e-3 6.705269455859e-4 1.378305388149e-3
14.750000 0.000000000000e+0 4.762574021372e-4 5.861629564765e-4 6.960685108159e-4 8.059740651552e-4 9.158796194945e-4 1.025785173834e-3 1.135690728173e-3 1.245596282513e-3 6.594333260361e-4 1.355501836852e-3
14.800000 0.000000000000e+0 4.683781510991e-4 5.764654167373e-4 6.845526823756e-4 7.926399480138e-4 9.007272136521e-4 1.008814479290e-3 1.116901744929e-3 1.224989010567e-3 6.485235938295e-4 1.333076276205e-3
14.850000 0.000000000000e+0 4.606294939461e-4 5.669286079336e-4 6.732277219212e-4 7.795268359087e-4 8.858259498963e-4 9.921250638838e-4 1.098424177871e-3 1.204723291859e-3 6.377946839253e-4 1.311022405846e-3
14.900000 0.000000000000e+0 4.530092545292e-4 5.575498517283e-4 6.620904489273e-4 7.666310461264e-4 8.711716433254e-4 9.757122405245e-4 1.080252837724e-3 1.184793434923e-3 6.272435831943e-4 1.289334032122e-3
14.950000 0.000000000000e+0 4.455152935277e-4 5.483265151110e-4 6.511377366944e-4 7.539489582777e-4 8.567601798610e-4 9.595714014443e-4 1.062382623028e-3 1.165193844611e-3 6.168673294999e-4 1.268005066194e-3
15.000000 0.000000000000e+0 4.381455077980e-4 5.392560095976e-4 6.403665113971e-4 7.414770131967e-4 8.425875149962e-4 9.436980167958e-4 1.044808518595e-3 1.145919020395e-3 6.066630107973e-4 1.247029522194e-3
15.050000 0.000000000000e+0 4.308978297363e-4 5.303357904447e-4 6.297737511530e-4 7.292117118614e-4 8.286496725698e-4 9.280876332781e-4 1.027525593987e-3 1.126963554695e-3 5.966277642502e-4 1.226401515403e-3
15.100000 0.000000000000e+0 4.237702266527e-4 5.215633558802e-4 6.193564851077e-4 7.171496143353e-4 8.149427435628e-4 9.127358727904e-4 1.010529002018e-3 1.108322131245e-3 5.867587753652e-4 1.206115260473e-3
15.150000 0.000000000000e+0 4.167607001585e-4 5.129362463489e-4 6.091117925394e-4 7.052873387298e-4 8.014628849202e-4 8.976384311106e-4 9.938139773011e-4 1.089989523491e-3 5.770532771426e-4 1.186165069682e-3
15.200000 0.000000000000e+0 4.098672855649e-4 5.044520437722e-4 5.990368019795e-4 6.936215601868e-4 7.882063183940e-4 8.827910766013e-4 9.773758348086e-4 1.071960593016e-3 5.675085492437e-4 1.166545351223e-3
15.250000 0.000000000000e+0 4.030880512931e-4 4.961083708222e-4 5.891286903514e-4 6.821490098806e-4 7.751693294097e-4 8.681896489389e-4 9.612099684681e-4 1.054230287997e-3 5.581219171750e-4 1.147250607526e-3
15.300000 0.000000000000e+0 3.964210982960e-4 4.879028902104e-4 5.793846821249e-4 6.708664740394e-4 7.623482659538e-4 8.538300578683e-4 9.453118497827e-4 1.036793641697e-3 5.488907514868e-4 1.128275433612e-3
15.350000 0.000000000000e+0 3.898645594913e-4 4.798333039893e-4 5.698020484873e-4 6.597707929853e-4 7.497395374833e-4 8.397082819813e-4 9.296770264793e-4 1.019645770977e-3 5.398124669880e-4 1.109614515475e-3
15.400000 0.000000000000e+0 3.834165992048e-4 4.718973528675e-4 5.603781065301e-4 6.488588601927e-4 7.373396138554e-4 8.258203675180e-4 9.143011211807e-4 1.002781874843e-3 5.308845219759e-4 1.091262628506e-3
15.450000 0.000000000000e+0 3.770754126245e-4 4.640928155378e-4 5.511102184512e-4 6.381276213645e-4 7.251450242779e-4 8.121624271912e-4 8.991798301046e-4 9.861972330179e-4 5.221044174801e-4 1.073214635931e-3
15.500000 0.000000000000e+0 3.708392252652e-4 4.564175080187e-4 5.419957907722e-4 6.275740735257e-4 7.131523562792e-4 7.987306390327e-4 8.843089217862e-4 9.698872045397e-4 5.134696965210e-4 1.055465487293e-3
15.550000 0.000000000000e+0 3.647062924431e-4 4.488692830068e-4 5.330322735706e-4 6.171952641344e-4 7.013582546982e-4 7.855212452620e-4 8.696842358257e-4 9.538472263895e-4 5.049779433827e-4 1.038010216953e-3
15.600000 0.000000000000e+0 3.586748987600e-4 4.414460292430e-4 5.242171597261e-4 6.069882902092e-4 6.897594206922e-4 7.725305511753e-4 8.553016816584e-4 9.380728121414e-4 4.966267828984e-4 1.020843942624e-3
15.650000 0.000000000000e+0 3.527433575976e-4 4.341456708894e-4 5.155479841811e-4 5.969502974729e-4 6.783526107646e-4 7.597549240564e-4 8.411572373481e-4 9.225595506399e-4 4.884138797505e-4 1.003961863932e-3
15.700000 0.000000000000e+0 3.469100106210e-4 4.269661669181e-4 5.070223232153e-4 5.870784795125e-4 6.671346358096e-4 7.471907921068e-4 8.272469484039e-4 9.073031047011e-4 4.803369377829e-4 9.873592609982e-4
15.750000 0.000000000000e+0 3.411732272912e-4 4.199055105122e-4 4.986377937333e-4 5.773700769543e-4 6.561023601754e-4 7.348346433964e-4 8.135669266174e-4 8.922992098385e-4 4.723936993263e-4 9.710314930595e-4
15.800000 0.000000000000e+0 3.355314043870e-4 4.129617284763e-4 4.903920525656e-4 5.678223766549e-4 6.452527007442e-4 7.226830248335e-4 8.001133489228e-4 8.775436730121e-4 4.645819445358e-4 9.549739971014e-4
15.850000 0.000000000000e+0 3.299829655356e-4 4.061328806591e-4 4.822827957827e-4 5.584327109063e-4 6.345826260299e-4 7.107325411535e-4 7.868824562771e-4 8.630323714007e-4 4.568994907415e-4 9.391822865243e-4
15.900000 0.000000000000e+0 3.245263607515e-4 3.994170593865e-4 4.743077580215e-4 5.491984566565e-4 6.240891552914e-4 6.989798539264e-4 7.738705525614e-4 8.487612511963e-4 4.493441918098e-4 9.236519498313e-4
15.950000 0.000000000000e+0 3.191600659848e-4 3.928123889044e-4 4.664647118239e-4 5.401170347435e-4 6.137693576631e-4 6.874216805827e-4 7.610740035022e-4 8.347263264218e-4 4.419139375174e-4 9.083786493414e-4
16.000000 0.000000000000e+0 3.138825826763e-4 3.863170248323e-4 4.587514669884e-4 5.311859091444e-4 6.036203513005e-4 6.760547934565e-4 7.484892356126e-4 8.209236777687e-4 4.346066529364e-4 8.933581199247e-4
16.050000 0.000000000000e+0 3.086924373219e-4 3.799291536269e-4 4.511658699320e-4 5.224025862371e-4 5.936393025421e-4 6.648760188472e-4 7.361127351522e-4 8.073494514573e-4 4.274202978303e-4 8.785861677623e-4
16.100000 0.000000000000e+0 3.035881810447e-4 3.736469920551e-4 4.437058030654e-4 5.137646140757e-4 5.838234250860e-4 6.538822360963e-4 7.239410471067e-4 7.939998581170e-4 4.203528660619e-4 8.640586691273e-4
16.150000 0.000000000000e+0 2.985683891745e-4 3.674687866762e-4 4.363691841780e-4 5.052695816798e-4 5.741699791816e-4 6.430703766834e-4 7.119707741852e-4 7.808711716870e-4 4.134023850108e-4 8.497715691888e-4
16.200000 0.000000000000e+0 2.936316608347e-4 3.613928133350e-4 4.291539658353e-4 4.969151183357e-4 5.646762708360e-4 6.324374233363e-4 7.001985758366e-4 7.679597283369e-4 4.065669150019e-4 8.357208808372e-4
16.250000 0.000000000000e+0 2.887766185378e-4 3.554173766619e-4 4.220581347860e-4 4.886988929101e-4 5.553396510343e-4 6.219804091584e-4 6.886211672825e-4 7.552619254066e-4 3.998445487447e-4 8.219026835307e-4
16.300000 0.000000000000e+0 2.840019077868e-4 3.495408095837e-4 4.150797113806e-4 4.806186131776e-4 5.461575149745e-4 6.116964167715e-4 6.772353185684e-4 7.427742203654e-4 3.932334107817e-4 8.083131221623e-4
16.350000 0.000000000000e+0 2.793061966843e-4 3.437614728422e-4 4.082167490002e-4 4.726720251581e-4 5.371273013160e-4 6.015825774739e-4 6.660378536318e-4 7.304931297898e-4 3.867316569475e-4 7.949484059477e-4
16.400000 0.000000000000e+0 2.746881755492e-4 3.380777545221e-4 4.014673334950e-4 4.648569124679e-4 5.282464914408e-4 5.916360704137e-4 6.550256493866e-4 7.184152283595e-4 3.803374738374e-4 7.818048073324e-4
16.450000 0.000000000000e+0 2.701465565390e-4 3.324880695865e-4 3.948295826340e-4 4.571710956814e-4 5.195126087289e-4 5.818541217763e-4 6.441956348238e-4 7.065371478713e-4 3.740490782848e-4 7.688786609187e-4
16.500000 0.000000000000e+0 2.656800732799e-4 3.269908594214e-4 3.883016455630e-4 4.496124317045e-4 5.109232178460e-4 5.722340039875e-4 6.335447901290e-4 6.948555762705e-4 3.678647168491e-4 7.561663624121e-4
16.550000 0.000000000000e+0 2.612874805029e-4 3.215845913882e-4 3.818817022735e-4 4.421788131588e-4 5.024759240440e-4 5.627730349293e-4 6.230701458146e-4 6.833672566999e-4 3.617826653117e-4 7.436643675852e-4
16.600000 0.000000000000e+0 2.569675536865e-4 3.162677583834e-4 3.755679630803e-4 4.348681677772e-4 4.941683724741e-4 5.534685771710e-4 6.127687818679e-4 6.720689865648e-4 3.558012281813e-4 7.313691912616e-4
16.650000 0.000000000000e+0 2.527190887059e-4 3.110388784072e-4 3.693586681086e-4 4.276784578099e-4 4.859982475113e-4 5.443180372127e-4 6.026378269140e-4 6.609576166154e-4 3.499187382081e-4 7.192774063167e-4
16.700000 0.000000000000e+0 2.485409014879e-4 3.058964941389e-4 3.632520867899e-4 4.206076794410e-4 4.779632720920e-4 5.353188647431e-4 5.926744573941e-4 6.500300500451e-4 3.441335559063e-4 7.073856426962e-4
16.750000 0.000000000000e+0 2.444318276724e-4 3.008391725199e-4 3.572465173673e-4 4.136538622148e-4 4.700612070623e-4 5.264685519098e-4 5.828758967573e-4 6.392832416047e-4 3.384440690849e-4 6.956905864522e-4
16.800000 0.000000000000e+0 2.403907222798e-4 2.958655043443e-4 3.513402864089e-4 4.068150684735e-4 4.622898505380e-4 5.177646326026e-4 5.732394146672e-4 6.287141967317e-4 3.328486923874e-4 6.841889787963e-4
16.850000 0.000000000000e+0 2.364164593837e-4 2.909741038568e-4 3.455317483300e-4 4.000893928031e-4 4.546470372763e-4 5.092046817494e-4 5.637623262226e-4 6.183199706957e-4 3.273458668389e-4 6.728776151689e-4
16.900000 0.000000000000e+0 2.325079317899e-4 2.861636083568e-4 3.398192849237e-4 3.934749614906e-4 4.471306380575e-4 5.007863146244e-4 5.544419911913e-4 6.080976677582e-4 3.219340594014e-4 6.617533443251e-4
16.950000 0.000000000000e+0 2.286640507209e-4 2.814326778104e-4 3.342013048998e-4 3.869699319893e-4 4.397385590787e-4 4.925071861682e-4 5.452758132576e-4 5.980444403471e-4 3.166117625367e-4 6.508130674365e-4
17.000000 0.000000000000e+0 2.248837455059e-4 2.767799944688e-4 3.286762434316e-4 3.805724923945e-4 4.324687413574e-4 4.843649903203e-4 5.362612392832e-4 5.881574882461e-4 3.113774937774e-4 6.400537372090e-4
17.050000 0.000000000000e+0 2.211659632755e-4 2.722042624930e-4 3.232425617104e-4 3.742808609278e-4 4.253191601453e-4 4.763574593627e-4 5.273957585801e-4 5.784340577976e-4 3.062297953046e-4 6.294723570150e-4
17.100000 0.000000000000e+0 2.175096686634e-4 2.677042075857e-4 3.178987465080e-4 3.680932854303e-4 4.182878243527e-4 4.684823632750e-4 5.186769021973e-4 5.688714411196e-4 3.011672335339e-4 6.190659800419e-4
17.150000 0.000000000000e+0 2.139138435111e-4 2.632785766291e-4 3.126433097470e-4 3.620080428650e-4 4.113727759830e-4 4.607375091009e-4 5.101022422189e-4 5.594669753368e-4 2.961883987077e-4 6.088317084548e-4
17.200000 0.000000000000e+0 2.103774865798e-4 2.589261373290e-4 3.074747880782e-4 3.560234388273e-4 4.045720895765e-4 4.531207403257e-4 5.016693910749e-4 5.502180418241e-4 2.912919044951e-4 5.987666925733e-4
17.250000 0.000000000000e+0 2.068996132655e-4 2.546456778653e-4 3.023917424650e-4 3.501378070648e-4 3.978838716645e-4 4.456299362642e-4 4.933760008640e-4 5.411220654637e-4 2.864763875984e-4 5.888681300635e-4
17.300000 0.000000000000e+0 2.034792553206e-4 2.504360065484e-4 2.973927577763e-4 3.443495090041e-4 3.913062602319e-4 4.382630114598e-4 4.852197626876e-4 5.321765139154e-4 2.817405073670e-4 5.791332651432e-4
17.350000 0.000000000000e+0 2.001154605789e-4 2.462959514817e-4 2.924764423845e-4 3.386569332873e-4 3.848374241902e-4 4.310179150930e-4 4.771984059958e-4 5.233788968986e-4 2.770829454169e-4 5.695593878014e-4
17.400000 0.000000000000e+0 1.968072926864e-4 2.422243602294e-4 2.876414277724e-4 3.330584953154e-4 3.784755628585e-4 4.238926304015e-4 4.693096979445e-4 5.147267654875e-4 2.725024052581e-4 5.601438330305e-4
17.450000 0.000000000000e+0 1.935538308362e-4 2.382200994908e-4 2.828863681453e-4 3.275526367998e-4 3.722189054543e-4 4.168851741088e-4 4.615514427633e-4 5.062177114179e-4 2.679976119271e-4 5.508839800724e-4
17.500000 0.000000000000e+0 1.903541695082e-4 2.342820547794e-4 2.782099400505e-4 3.221378253216e-4 3.660657105928e-4 4.099935958639e-4 4.539214811350e-4 4.978493664062e-4 2.635673116268e-4 5.417772516773e-4
17.550000 0.000000000000e+0 1.872074182130e-4 2.304091301083e-4 2.736108420036e-4 3.168125538989e-4 3.600142657942e-4 4.032159776895e-4 4.464176895848e-4 4.896194014801e-4 2.592102713718e-4 5.328211133754e-4
17.600000 0.000000000000e+0 1.841127012403e-4 2.266002476803e-4 2.690877941204e-4 3.115753405604e-4 3.540628870005e-4 3.965504334406e-4 4.390379798806e-4 4.815255263207e-4 2.549252786404e-4 5.240130727607e-4
17.650000 0.000000000000e+0 1.810691574119e-4 2.228543475838e-4 2.646395377558e-4 3.064247279277e-4 3.482099180997e-4 3.899951082717e-4 4.317802984436e-4 4.735654886156e-4 2.507111410318e-4 5.153506787876e-4
17.700000 0.000000000000e+0 1.780759398385e-4 2.191703874935e-4 2.602648351486e-4 3.013592828036e-4 3.424537304586e-4 3.835481781137e-4 4.246426257687e-4 4.657370734237e-4 2.465666859302e-4 5.068315210788e-4
17.750000 0.000000000000e+0 1.751322156810e-4 2.155473423766e-4 2.559624690723e-4 2.963775957679e-4 3.367927224635e-4 3.772078491591e-4 4.176229758547e-4 4.580381025504e-4 2.424907601737e-4 4.984532292460e-4
17.800000 0.000000000000e+0 1.722371659156e-4 2.119842042039e-4 2.517312424921e-4 2.914782807803e-4 3.312253190685e-4 3.709723573567e-4 4.107193956450e-4 4.504664339332e-4 2.384822297293e-4 4.902134722214e-4
17.850000 0.000000000000e+0 1.693899851031e-4 2.084799816653e-4 2.475699782276e-4 2.866599747898e-4 3.257499713520e-4 3.648399679143e-4 4.039299644765e-4 4.430199610388e-4 2.345399793735e-4 4.821099576010e-4
17.900000 0.000000000000e+0 1.665898811618e-4 2.050336998914e-4 2.434775186211e-4 2.819213373507e-4 3.203651560803e-4 3.588089748100e-4 3.972527935396e-4 4.356966122693e-4 2.306629123778e-4 4.741404309989e-4
17.950000 0.000000000000e+0 1.638360751450e-4 2.016444001784e-4 2.394527252119e-4 2.772610502454e-4 3.150693752788e-4 3.528777003123e-4 3.906860253457e-4 4.284943503792e-4 2.268499502008e-4 4.663026754127e-4
18.000000 0.000000000000e+0 1.611278010215e-4 1.983111397187e-4 2.354944784160e-4 2.726778171132e-4 3.098611558105e-4 3.470444945078e-4 3.842278332050e-4 4.214111719023e-4 2.231000321836e-4 4.585945105996e-4
18.050000 0.000000000000e+0 1.584643054601e-4 1.950329913355e-4 2.316016772109e-4 2.681703630863e-4 3.047390489617e-4 3.413077348371e-4 3.778764207125e-4 4.144451065879e-4 2.194121152524e-4 4.510137924633e-4
18.100000 0.000000000000e+0 1.558448476180e-4 1.918090432221e-4 2.277732388263e-4 2.637374344304e-4 2.997016300346e-4 3.356658256387e-4 3.716300212429e-4 4.075942168470e-4 2.157851736249e-4 4.435584124511e-4
18.150000 0.000000000000e+0 1.532686989324e-4 1.886383986861e-4 2.240080984397e-4 2.593777981933e-4 2.947474979470e-4 3.301171977006e-4 3.654868974542e-4 4.008565972079e-4 2.122181985218e-4 4.362262969615e-4
18.200000 0.000000000000e+0 1.507351429161e-4 1.855201758967e-4 2.203052088773e-4 2.550902418580e-4 2.898752748386e-4 3.246603078192e-4 3.594453407999e-4 3.942303737805e-4 2.087101978838e-4 4.290154067611e-4
18.250000 0.000000000000e+0 1.482434749558e-4 1.824535076379e-4 2.166635403200e-4 2.508735730021e-4 2.850836056842e-4 3.192936383663e-4 3.535036710484e-4 3.877137037305e-4 2.052601960926e-4 4.219237364126e-4
18.300000 0.000000000000e+0 1.457930021148e-4 1.794375410643e-4 2.130820800139e-4 2.467266189635e-4 2.803711579130e-4 3.140156968626e-4 3.476602358122e-4 3.813047747617e-4 2.018672336974e-4 4.149493137113e-4
18.350000 0.000000000000e+0 1.433830429382e-4 1.764714374624e-4 2.095598319866e-4 2.426482265108e-4 2.757366210350e-4 3.088250155592e-4 3.419134100834e-4 3.750018046076e-4 1.985303671452e-4 4.080901991319e-4
18.400000 0.000000000000e+0 1.410129272620e-4 1.735543720148e-4 2.060958167675e-4 2.386372615203e-4 2.711787062731e-4 3.037201510258e-4 3.362615957786e-4 3.688030405314e-4 1.952486685166e-4 4.013444852841e-4
18.450000 0.000000000000e+0 1.386819960248e-4 1.706855335690e-4 2.026890711132e-4 2.346926086573e-4 2.666961462015e-4 2.986996837457e-4 3.307032212899e-4 3.627067588341e-4 1.920212252651e-4 3.947102963783e-4
18.500000 0.000000000000e+0 1.363896010833e-4 1.678641244102e-4 1.993386477371e-4 2.308131710641e-4 2.622876943910e-4 2.937622177179e-4 3.252367410448e-4 3.567112643717e-4 1.888471399615e-4 3.881857876987e-4
18.550000 0.000000000000e+0 1.341351050306e-4 1.650893600377e-4 1.960436150447e-4 2.269978700518e-4 2.579521250588e-4 2.889063800659e-4 3.198606350730e-4 3.508148900800e-4 1.857255300424e-4 3.817691450871e-4
18.600000 0.000000000000e+0 1.319178810174e-4 1.623604689445e-4 1.928030568716e-4 2.232456447987e-4 2.536882327258e-4 2.841308206529e-4 3.145734085800e-4 3.450159965071e-4 1.826555275626e-4 3.754585844342e-4
18.650000 0.000000000000e+0 1.297373125768e-4 1.596766924022e-4 1.896160722276e-4 2.195554520530e-4 2.494948318784e-4 2.794342117038e-4 3.093735915292e-4 3.393129713546e-4 1.796362789525e-4 3.692523511801e-4
18.700000 0.000000000000e+0 1.275927934511e-4 1.570372842475e-4 1.864817750439e-4 2.159262658403e-4 2.453707566367e-4 2.748152474331e-4 3.042597382295e-4 3.337042290259e-4 1.766669447784e-4 3.631487198223e-4
18.750000 0.000000000000e+0 1.254837274226e-4 1.544415106740e-4 1.833992939254e-4 2.123570771767e-4 2.413148604281e-4 2.702726436795e-4 2.992304269309e-4 3.281882101822e-4 1.737466995082e-4 3.571459934336e-4
18.800000 0.000000000000e+0 1.234095281465e-4 1.518886500265e-4 1.803677719064e-4 2.088468937864e-4 2.373260156664e-4 2.658051375463e-4 2.942842594263e-4 3.227633813063e-4 1.708747312798e-4 3.512425031862e-4
18.850000 0.000000000000e+0 1.213696189867e-4 1.493779925991e-4 1.773863662114e-4 2.053947398237e-4 2.334031134360e-4 2.614114870484e-4 2.894198606607e-4 3.174282342730e-4 1.680502416739e-4 3.454366078853e-4
18.900000 0.000000000000e+0 1.193634328548e-4 1.469088404366e-4 1.744542480185e-4 2.019996556004e-4 2.295450631823e-4 2.570904707641e-4 2.846358783460e-4 3.121812859279e-4 1.652724454912e-4 3.397266935097e-4
18.950000 0.000000000000e+0 1.173904120510e-4 1.444805071397e-4 1.715706022283e-4 1.986606973170e-4 2.257507924057e-4 2.528408874944e-4 2.799309825831e-4 3.070210776718e-4 1.625405705321e-4 3.341111727605e-4
19.000000 0.000000000000e+0 1.154500081087e-4 1.420923176722e-4 1.687346272357e-4 1.953769367993e-4 2.220192463628e-4 2.486615559263e-4 2.753038654899e-4 3.019461750534e-4 1.598538573812e-4 3.285884846169e-4
19.050000 0.000000000000e+0 1.135416816407e-4 1.397436081732e-4 1.659455347056e-4 1.921474612381e-4 2.183493877706e-4 2.445513143030e-4 2.707532408355e-4 2.969551673680e-4 1.572115591948e-4 3.231570939005e-4
19.100000 0.000000000000e+0 1.116649021889e-4 1.374337257709e-4 1.632025493529e-4 1.889713729350e-4 2.147401965170e-4 2.405090200991e-4 2.662778436811e-4 2.920466672632e-4 1.546129414923e-4 3.178154908452e-4
19.150000 0.000000000000e+0 1.098191480754e-4 1.351620284005e-4 1.605049087257e-4 1.858477890508e-4 2.111906693759e-4 2.365335497010e-4 2.618764300261e-4 2.872193103512e-4 1.520572819506e-4 3.125621906763e-4
19.200000 0.000000000000e+0 1.080039062576e-4 1.329278846248e-4 1.578518629919e-4 1.827758413591e-4 2.076998197262e-4 2.326237980934e-4 2.575477764605e-4 2.824717548276e-4 1.495438702029e-4 3.073957331948e-4
19.250000 0.000000000000e+0 1.062186721841e-4 1.307306734573e-4 1.552426747306e-4 1.797546760038e-4 2.042666772771e-4 2.287786785503e-4 2.532906798236e-4 2.778026810968e-4 1.470720076395e-4 3.023146823701e-4
19.300000 0.000000000000e+0 1.044629496540e-4 1.285697841896e-4 1.526766187251e-4 1.767834532607e-4 2.008902877962e-4 2.249971223318e-4 2.491039568673e-4 2.732107914029e-4 1.446410072133e-4 2.973176259384e-4
19.350000 0.000000000000e+0 1.027362506788e-4 1.264446162201e-4 1.501529817614e-4 1.738613473027e-4 1.975697128439e-4 2.212780783852e-4 2.449864439265e-4 2.686948094678e-4 1.422501932476e-4 2.924031750090e-4
19.400000 0.000000000000e+0 1.010380953455e-4 1.243545788868e-4 1.476710624281e-4 1.709875459694e-4 1.943040295106e-4 2.176205130519e-4 2.409369965932e-4 2.642534801345e-4 1.398989012477e-4 2.875699636758e-4
19.450000 0.000000000000e+0 9.936801168301e-5 1.222990913022e-4 1.452301709213e-4 1.681612505405e-4 1.910923301596e-4 2.140234097788e-4 2.369544893979e-4 2.598855690171e-4 1.375864777149e-4 2.828166486363e-4
19.500000 0.000000000000e+0 9.772553553022e-5 1.202775821910e-4 1.428296288519e-4 1.653816755127e-4 1.879337221735e-4 2.104857688343e-4 2.330378154951e-4 2.555898621560e-4 1.353122799649e-4 2.781419088168e-4
19.550000 0.000000000000e+0 9.611021040667e-5 1.182894897313e-4 1.404687690559e-4 1.626480483805e-4 1.848273277051e-4 2.070066070298e-4 2.291858863544e-4 2.513651656790e-4 1.330756759477e-4 2.735444450036e-4
19.600000 0.000000000000e+0 9.452158738506e-5 1.163342613970e-4 1.381469354089e-4 1.599596094209e-4 1.817722834328e-4 2.035849574447e-4 2.253976314567e-4 2.472103054686e-4 1.308760440716e-4 2.690229794806e-4
19.650000 0.000000000000e+0 9.295922496600e-5 1.144113538043e-4 1.358634826426e-4 1.573156114809e-4 1.787677403192e-4 2.002198691575e-4 2.216719979958e-4 2.431241268342e-4 1.287127730298e-4 2.645762556725e-4
19.700000 0.000000000000e+0 9.142268895488e-5 1.125202325599e-4 1.336177761648e-4 1.547153197698e-4 1.758128633748e-4 1.969104069797e-4 2.180079505847e-4 2.391054941897e-4 1.265852616298e-4 2.602030377947e-4
19.750000 0.000000000000e+0 8.991155234078e-5 1.106603721117e-4 1.314091918827e-4 1.521580116536e-4 1.729068314246e-4 1.936556511955e-4 2.144044709665e-4 2.351532907374e-4 1.244929186257e-4 2.559021105084e-4
19.800000 0.000000000000e+0 8.842539517736e-5 1.088312556029e-4 1.292371160285e-4 1.496429764540e-4 1.700488368795e-4 1.904546973051e-4 2.108605577306e-4 2.312664181562e-4 1.224351625533e-4 2.516722785817e-4
19.850000 0.000000000000e+0 8.696380446581e-5 1.070323747272e-4 1.271009449885e-4 1.471695152498e-4 1.672380855112e-4 1.873066557725e-4 2.073752260339e-4 2.274437962952e-4 1.204114215680e-4 2.475123665565e-4
19.900000 0.000000000000e+0 8.552637403965e-5 1.052632295873e-4 1.250000851349e-4 1.447369406825e-4 1.644737962301e-4 1.842106517777e-4 2.039475073253e-4 2.236843628729e-4 1.184211332857e-4 2.434212184205e-4
19.950000 0.000000000000e+0 8.411270445155e-5 1.035233285558e-4 1.229339526600e-4 1.423445767642e-4 1.617552008684e-4 1.811658249726e-4 2.005764490768e-4 2.199870731810e-4 1.164637446252e-4 2.393976972852e-4
20.000000 0.000000000000e+0 8.272240286196e-5 1.018121881378e-4 1.209019734136e-4 1.399917586895e-4 1.590815439653e-4 1.781713292411e-4 1.972611145170e-4 2.163508997928e-4 1.145387116550e-4 2.354406850686e-4
20.050000 0.000000000000e+0 8.135508292964e-5 1.001293328365e-4 1.189035827433e-4 1.376778326502e-4 1.564520825570e-4 1.752263324638e-4 1.940005823707e-4 2.127748322775e-4 1.126454994410e-4 2.315490821844e-4
20.100000 0.000000000000e+0 8.001036470400e-5 9.847429502030e-5 1.169382253366e-4 1.354021556529e-4 1.538660859692e-4 1.723300162855e-4 1.907939466018e-4 2.092578769181e-4 1.107835818978e-4 2.277218072344e-4
20.150000 0.000000000000e+0 7.868787451921e-5 9.684661479287e-5 1.150053550665e-4 1.331640953402e-4 1.513228356139e-4 1.694815758875e-4 1.876403161612e-4 2.057990564349e-4 1.089524416420e-4 2.239577967085e-4
20.200000 0.000000000000e+0 7.738724489011e-5 9.524583986476e-5 1.131044348394e-4 1.309630298140e-4 1.488216247887e-4 1.666802197633e-4 1.845388147380e-4 2.023974097126e-4 1.071515698479e-4 2.202560046872e-4
20.250000 0.000000000000e+0 7.610811440984e-5 9.367152542749e-5 1.112349364451e-4 1.287983474628e-4 1.463617584805e-4 1.639251694981e-4 1.814885805158e-4 1.990519915334e-4 1.053804661059e-4 2.166154025511e-4
20.300000 0.000000000000e+0 7.485012764912e-5 9.212323402968e-5 1.093963404102e-4 1.266694467908e-4 1.439425531714e-4 1.612156595519e-4 1.784887659325e-4 1.957618723131e-4 1.036386382834e-4 2.130349786936e-4
20.350000 0.000000000000e+0 7.361293505730e-5 9.060053545513e-5 1.075881358530e-4 1.245757362508e-4 1.415633366486e-4 1.585509370465e-4 1.755385374443e-4 1.925261378422e-4 1.019256023870e-4 2.095137382400e-4
20.400000 0.000000000000e+0 7.239619286498e-5 8.910300660305e-5 1.058098203411e-4 1.225166340792e-4 1.392234478173e-4 1.559302615553e-4 1.726370752934e-4 1.893438890315e-4 1.002408824284e-4 2.060507027696e-4
20.450000 0.000000000000e+0 7.119956298829e-5 8.763023137020e-5 1.040608997521e-4 1.204915681340e-4 1.369222365159e-4 1.533529048978e-4 1.697835732798e-4 1.862142416617e-4 9.858401029147e-5 2.026449100436e-4
20.500000 0.000000000000e+0 7.002271293472e-5 8.618180053504e-5 1.023408881354e-4 1.184999757357e-4 1.346590633360e-4 1.508181509363e-4 1.669772385366e-4 1.831363261370e-4 9.695452560192e-5 1.992954137373e-4
20.550000 0.000000000000e+0 6.886531571058e-5 8.475731164379e-5 1.006493075770e-4 1.165413035102e-4 1.324332994434e-4 1.483252953766e-4 1.642172913098e-4 1.801092872430e-4 9.535197559926e-5 1.960012831763e-4
20.600000 0.000000000000e+0 6.772704972990e-5 8.335636889834e-5 9.898568806678e-5 1.146150072352e-4 1.302443264037e-4 1.458736455721e-4 1.615029647405e-4 1.771322839090e-4 9.377591501063e-5 1.927616030774e-4
20.650000 0.000000000000e+0 6.660759872497e-5 8.197858304612e-5 9.734956736726e-5 1.127205516884e-4 1.280915360096e-4 1.434625203307e-4 1.588335046519e-4 1.742044889730e-4 9.222590592688e-5 1.895754732941e-4
20.700000 0.000000000000e+0 6.550665165823e-5 8.062357127167e-5 9.574049088511e-5 1.108574104985e-4 1.259743301120e-4 1.410912497254e-4 1.562081693389e-4 1.713250889523e-4 9.070151768063e-5 1.864420085657e-4
20.750000 0.000000000000e+0 6.442390263575e-5 7.929095709015e-5 9.415801154455e-5 1.090250659990e-4 1.238921204534e-4 1.387591749078e-4 1.536262293622e-4 1.684932838166e-4 8.920232672642e-5 1.833603382710e-4
20.800000 0.000000000000e+0 6.335905082202e-5 7.798037024249e-5 9.260168966295e-5 1.072230090834e-4 1.218443285039e-4 1.364656479244e-4 1.510869673448e-4 1.657082867653e-4 8.772791652280e-5 1.803296061858e-4
20.850000 0.000000000000e+0 6.231180035629e-5 7.669144659236e-5 9.107109282843e-5 1.054507390645e-4 1.198303853006e-4 1.342100315366e-4 1.485896777727e-4 1.629693240088e-4 8.627787741641e-5 1.773489702448e-4
20.900000 0.000000000000e+0 6.128186027020e-5 7.542382802486e-5 8.956579577952e-5 1.037077635342e-4 1.178497312888e-4 1.319916990435e-4 1.461336667982e-4 1.602756345528e-4 8.485180652796e-5 1.744176023075e-4
20.950000 0.000000000000e+0 6.026894440677e-5 7.417716234679e-5 8.808538028681e-5 1.019935982268e-4 1.159018161669e-4 1.298100341069e-4 1.437182520469e-4 1.576264699869e-4 8.344930764014e-5 1.715346879269e-4
21.000000 0.000000000000e+0 5.927277134083e-5 7.295110318871e-5 8.662943503660e-5 1.003077668845e-4 1.139860987324e-4 1.276644305802e-4 1.413427624281e-4 1.550210942760e-4 8.206999108730e-5 1.686994261239e-4
21.050000 0.000000000000e+0 5.829306430069e-5 7.174530990854e-5 8.519755551639e-5 9.864980112424e-5 1.121020467321e-4 1.255542923399e-4 1.390065379478e-4 1.524587835556e-4 8.071347364711e-5 1.659110291635e-4
21.100000 0.000000000000e+0 5.732955109112e-5 7.055944749676e-5 8.378934390240e-5 9.701924030804e-5 1.102491367137e-4 1.234790331193e-4 1.367089295250e-4 1.499388259306e-4 7.937937843385e-5 1.631687223363e-4
21.150000 0.000000000000e+0 5.638196401761e-5 6.939318648322e-5 8.240440894882e-5 9.541563141442e-5 1.084268538800e-4 1.214380763456e-4 1.344492988112e-4 1.474605212768e-4 7.806733479362e-5 1.604717437424e-4
21.200000 0.000000000000e+0 5.545003981195e-5 6.824620284548e-5 8.104236587901e-5 9.383852891253e-5 1.066346919461e-4 1.194308549796e-4 1.322270180131e-4 1.450231810466e-4 7.677697820116e-5 1.578193440802e-4
21.250000 0.000000000000e+0 5.453351955891e-5 6.711817791866e-5 7.970283627841e-5 9.228749463816e-5 1.048721529979e-4 1.174568113577e-4 1.300414697174e-4 1.426261280772e-4 7.550795015849e-5 1.552107864369e-4
21.300000 0.000000000000e+0 5.363214862427e-5 6.600879830679e-5 7.838544798932e-5 9.076209767184e-5 1.031387473544e-4 1.155153970369e-4 1.278920467194e-4 1.402686964019e-4 7.425989809514e-5 1.526453460845e-4
21.350000 0.000000000000e+0 5.274567658397e-5 6.491775579566e-5 7.708983500734e-5 8.926191421903e-5 1.014339934307e-4 1.136060726424e-4 1.257781518541e-4 1.379502310658e-4 7.303247527011e-5 1.501223102775e-4
21.400000 0.000000000000e+0 5.187385715446e-5 6.384474726702e-5 7.581563737959e-5 8.778652749216e-5 9.975741760472e-5 1.117283077173e-4 1.236991978299e-4 1.356700879424e-4 7.182534067540e-5 1.476409780550e-4
21.450000 0.000000000000e+0 5.101644812417e-5 6.278947461436e-5 7.456250110455e-5 8.633552759475e-5 9.810855408494e-5 1.098815805751e-4 1.216546070653e-4 1.334276335555e-4 7.063815894116e-5 1.452006600457e-4
21.500000 0.000000000000e+0 5.017321128619e-5 6.175164465993e-5 7.333007803366e-5 8.490851140740e-5 9.648694478113e-5 1.080653781549e-4 1.196438115286e-4 1.312222449023e-4 6.947060024242e-5 1.428006782761e-4
21.550000 0.000000000000e+0 4.934391237198e-5 6.073096907321e-5 7.211802577443e-5 8.350508247566e-5 9.489213917688e-5 1.062791958781e-4 1.176662525793e-4 1.290533092806e-4 6.832234020736e-5 1.404403659818e-4
21.600000 0.000000000000e+0 4.852832098623e-5 5.972716429075e-5 7.092600759526e-5 8.212485089978e-5 9.332369420429e-5 1.045225375088e-4 1.157213808133e-4 1.269202241178e-4 6.719305982709e-5 1.381190674224e-4
21.650000 0.000000000000e+0 4.772621054280e-5 5.873995143729e-5 6.975369233178e-5 8.076743322627e-5 9.178117412076e-5 1.027949150153e-4 1.138086559097e-4 1.248223968042e-4 6.608244536695e-5 1.358361376987e-4
21.700000 0.000000000000e+0 4.693735820167e-5 5.776905624821e-5 6.860075429474e-5 7.943245234128e-5 9.026415038782e-5 1.010958484344e-4 1.119275464809e-4 1.227592445274e-4 6.499018827923e-5 1.335909425740e-4
21.750000 0.000000000000e+0 4.616154480702e-5 5.681420899325e-5 6.746687317949e-5 7.811953736573e-5 8.877220155196e-5 9.942486573820e-5 1.100775299244e-4 1.207301941107e-4 6.391598511741e-5 1.313828582969e-4
21.800000 0.000000000000e+0 4.539855482627e-5 5.587514440156e-5 6.635173397685e-5 7.682832355214e-5 8.730491312744e-5 9.778150270273e-5 1.082580922780e-4 1.187346818533e-4 6.285953745175e-5 1.292112714286e-4
21.850000 0.000000000000e+0 4.464817629012e-5 5.495160158785e-5 6.525502688557e-5 7.555845218329e-5 8.586187748101e-5 9.616530277873e-5 1.064687280765e-4 1.167721533742e-4 6.182055178633e-5 1.270755786719e-4
21.900000 0.000000000000e+0 4.391020073368e-5 5.404332397992e-5 6.417644722615e-5 7.430957047239e-5 8.444269371862e-5 9.457581696485e-5 1.047089402111e-4 1.148420634573e-4 6.079873947741e-5 1.249751867036e-4
21.950000 0.000000000000e+0 4.318442313843e-5 5.315005924730e-5 6.311569535617e-5 7.308133146503e-5 8.304696757390e-5 9.301260368277e-5 1.029782397916e-4 1.129438759005e-4 5.979381665321e-5 1.229095120094e-4
22.000000 0.000000000000e+0 4.247064187526e-5 5.227155923109e-5 6.207247658692e-5 7.187339394275e-5 8.167431129858e-5 9.147522865441e-5 1.012761460102e-4 1.110770633661e-4 5.880550413498e-5 1.208779807219e-4
22.050000 0.000000000000e+0 4.176865864842e-5 5.140757987498e-5 6.104650110154e-5 7.068542232810e-5 8.032434355466e-5 8.996326478122e-5 9.960218600778e-5 1.092411072343e-4 5.783352735935e-5 1.188800284609e-4
22.100000 0.000000000000e+0 4.107827844036e-5 5.055788115737e-5 6.003748387438e-5 6.951708659139e-5 7.899668930839e-5 8.847629202540e-5 9.795589474241e-5 1.074354974594e-4 5.687761630204e-5 1.169151001764e-4
22.150000 0.000000000000e+0 4.039930945754e-5 4.972222702467e-5 5.904514459179e-5 6.836806215892e-5 7.769097972604e-5 8.701389729317e-5 9.633681486029e-5 1.056597324274e-4 5.593750540275e-5 1.149826499945e-4
22.200000 0.000000000000e+0 3.973156307709e-5 4.890038532564e-5 5.806920757420e-5 6.723802982276e-5 7.640685207132e-5 8.557567431988e-5 9.474449656844e-5 1.039133188170e-4 5.501293349135e-5 1.130821410656e-4
22.250000 0.000000000000e+0 3.907485379437e-5 4.809212774692e-5 5.710940169947e-5 6.612667565202e-5 7.514394960456e-5 8.416122355711e-5 9.317849750966e-5 1.021957714622e-4 5.410364371529e-5 1.112130454148e-4
22.300000 0.000000000000e+0 3.842899917145e-5 4.729722974948e-5 5.616546032751e-5 6.503369090554e-5 7.390192148356e-5 8.277015206159e-5 9.163838263962e-5 1.005066132176e-4 5.320938346817e-5 1.093748437957e-4
22.350000 0.000000000000e+0 3.779381978633e-5 4.651547050626e-5 5.523712122618e-5 6.395877194610e-5 7.268042266603e-5 8.140207338595e-5 9.012372410587e-5 9.884537482579e-5 5.232990431954e-5 1.075670255457e-4
22.400000 0.000000000000e+0 3.716913918311e-5 4.574663284075e-5 5.432412649839e-5 6.290162015603e-5 7.147911381366e-5 8.005660747130e-5 8.863410112894e-5 9.721159478658e-5 5.146496194584e-5 1.057890884442e-4
22.450000 0.000000000000e+0 3.655478382290e-5 4.499050316664e-5 5.342622251039e-5 6.186194185414e-5 7.029766119788e-5 7.873338054163e-5 8.716909988537e-5 9.560481922912e-5 5.061431606248e-5 1.040405385729e-4
22.500000 0.000000000000e+0 3.595058303564e-5 4.424687142848e-5 5.254315982132e-5 6.083944821416e-5 6.913573660700e-5 7.743202499983e-5 8.572831339267e-5 9.402460178551e-5 4.977773035704e-5 1.023208901784e-4
22.550000 0.000000000000e+0 3.535636897261e-5 4.351553104321e-5 5.167469311381e-5 5.983385518441e-5 6.799301725501e-5 7.615217932561e-5 8.431134139621e-5 9.247050346681e-5 4.895497242361e-5 1.006296655374e-4
22.600000 0.000000000000e+0 3.477197655979e-5 4.279627884282e-5 5.082058112585e-5 5.884488340887e-5 6.686918569190e-5 7.489348797493e-5 8.291779025796e-5 9.094209254099e-5 4.814581369817e-5 9.896639482402e-5
22.650000 0.000000000000e+0 3.419724345200e-5 4.208891501785e-5 4.998058658369e-5 5.787225814954e-5 6.576392971539e-5 7.365560128123e-5 8.154727284708e-5 8.943894441293e-5 4.735002939508e-5 9.733061597877e-5
22.700000 0.000000000000e+0 3.363200998775e-5 4.139324306185e-5 4.915447613594e-5 5.691570921004e-5 6.467694228414e-5 7.243817535823e-5 8.019940843233e-5 8.796064150642e-5 4.656739844458e-5 9.572187458052e-5
22.750000 0.000000000000e+0 3.307611914487e-5 4.070906971677e-5 4.834202028866e-5 5.597497086055e-5 6.360792143245e-5 7.124087200434e-5 7.887382257623e-5 8.650677314813e-5 4.579770343136e-5 9.413972372002e-5
22.800000 0.000000000000e+0 3.252941649688e-5 4.003620491924e-5 4.754299334160e-5 5.504978176396e-5 6.255657018632e-5 7.006335860868e-5 7.757014703103e-5 8.507693545339e-5 4.504073053415e-5 9.258372387575e-5
22.850000 0.000000000000e+0 3.199175017007e-5 3.937446174778e-5 4.675717332549e-5 5.413988490320e-5 6.152259648090e-5 6.890530805861e-5 7.628801963632e-5 8.367073121403e-5 4.429626946625e-5 9.105344279174e-5
22.900000 0.000000000000e+0 3.146297080126e-5 3.872365637079e-5 4.598434194031e-5 5.324502750983e-5 6.050571307936e-5 6.776639864888e-5 7.502708421840e-5 8.228776978792e-5 4.356411341714e-5 8.954845535745e-5
22.950000 0.000000000000e+0 3.094293149635e-5 3.808360799551e-5 4.522428449466e-5 5.236496099382e-5 5.950563749298e-5 6.664631399214e-5 7.378699049130e-5 8.092766699045e-5 4.284405899495e-5 8.806834348961e-5
23.000000 0.000000000000e+0 3.043148778943e-5 3.745413881776e-5 4.447678984608e-5 5.149944087441e-5 5.852209190274e-5 6.554474293107e-5 7.256739395940e-5 7.959004498773e-5 4.213590616997e-5 8.661269601606e-5
23.050000 0.000000000000e+0 2.992849760267e-5 3.683507397252e-5 4.374165034236e-5 5.064822671221e-5 5.755480308205e-5 6.446137945190e-5 7.136795582175e-5 7.827453219159e-5 4.143945821908e-5 8.518110856144e-5
23.100000 0.000000000000e+0 2.943382120684e-5 3.622624148534e-5 4.301866176384e-5 4.981108204234e-5 5.660350232084e-5 6.339592259934e-5 7.018834287784e-5 7.698076315635e-5 4.075452167101e-5 8.377318343485e-5
23.150000 0.000000000000e+0 2.894732118245e-5 3.562747222456e-5 4.230762326666e-5 4.898777430877e-5 5.566792535087e-5 6.234807639298e-5 6.902822743508e-5 7.570837847719e-5 4.008090625263e-5 8.238852951929e-5
23.200000 0.000000000000e+0 2.846886238160e-5 3.503859985428e-5 4.160833732696e-5 4.817807479963e-5 5.474781227231e-5 6.131754974499e-5 6.788728721767e-5 7.445702469034e-5 3.941842483606e-5 8.102676216302e-5
23.250000 0.000000000000e+0 2.799831189039e-5 3.445946078817e-5 4.092060968595e-5 4.738175858373e-5 5.384290748151e-5 6.030405637929e-5 6.676520527707e-5 7.322635417485e-5 3.876689338669e-5 7.968750307263e-5
23.300000 0.000000000000e+0 2.753553899198e-5 3.388989414397e-5 4.024424929597e-5 4.659860444796e-5 5.295295959996e-5 5.930731475195e-5 6.566166990395e-5 7.201602505594e-5 3.812613091197e-5 7.837038020794e-5
23.350000 0.000000000000e+0 2.708041513031e-5 3.332974169884e-5 3.957906826737e-5 4.582839483591e-5 5.207772140444e-5 5.832704797297e-5 6.457637454151e-5 7.082570111004e-5 3.749595941120e-5 7.707502767857e-5
23.400000 0.000000000000e+0 2.663281387434e-5 3.277884784534e-5 3.892488181634e-5 4.507091578734e-5 5.121694975834e-5 5.736298372934e-5 6.350901770034e-5 6.965505167134e-5 3.687620382600e-5 7.580108564234e-5
23.450000 0.000000000000e+0 2.619261088291e-5 3.223705954820e-5 3.828150821349e-5 4.432595687878e-5 5.037040554407e-5 5.641485420935e-5 6.245930287464e-5 6.850375153993e-5 3.626669199173e-5 7.454820020522e-5
23.500000 0.000000000000e+0 2.575968387024e-5 3.170422630183e-5 3.764876873343e-5 4.359331116502e-5 4.953785359662e-5 5.548239602821e-5 6.142693845980e-5 6.737148089140e-5 3.566725458956e-5 7.331602332299e-5
23.550000 0.000000000000e+0 2.533391257188e-5 3.118020008846e-5 3.702648760505e-5 4.287277512164e-5 4.871906263823e-5 5.456535015481e-5 6.041163767140e-5 6.625792518799e-5 3.507772509952e-5 7.210421270457e-5
23.600000 0.000000000000e+0 2.491517871134e-5 3.066483533703e-5 3.641449196272e-5 4.216414858842e-5 4.791380521411e-5 5.366346183980e-5 5.941311846550e-5 6.516277509119e-5 3.449793975416e-5 7.091243171688e-5
23.650000 0.000000000000e+0 2.450336596721e-5 3.015798888272e-5 3.581261179823e-5 4.146723471374e-5 4.712185762925e-5 5.277648054476e-5 5.843110346027e-5 6.408572637578e-5 3.392773749306e-5 6.974034929129e-5
23.700000 0.000000000000e+0 2.409835994085e-5 2.965951992720e-5 3.522067991355e-5 4.078183989990e-5 4.634299988625e-5 5.190415987259e-5 5.746531985894e-5 6.302647984529e-5 3.336695991810e-5 6.858763983164e-5
23.750000 0.000000000000e+0 2.370004812457e-5 2.916928999948e-5 3.463853187438e-5 4.010777374928e-5 4.557701562418e-5 5.104625749908e-5 5.651549937399e-5 6.198474124889e-5 3.281545124941e-5 6.745398312379e-5
23.800000 0.000000000000e+0 2.330831987043e-5 2.868716291745e-5 3.406600596447e-5 3.944484901149e-5 4.482369205851e-5 5.020253510554e-5 5.558137815256e-5 6.096022119958e-5 3.227305828213e-5 6.633906424660e-5
23.850000 0.000000000000e+0 2.292306635941e-5 2.821300475004e-5 3.350294314067e-5 3.879288153131e-5 4.408281992194e-5 4.937275831257e-5 5.466269670320e-5 5.995263509384e-5 3.173963034380e-5 6.524257348447e-5
23.900000 0.000000000000e+0 2.254418057125e-5 2.774668378000e-5 3.294918698875e-5 3.815169019750e-5 4.335419340625e-5 4.855669661500e-5 5.375919982375e-5 5.896170303251e-5 3.121501925250e-5 6.416420624126e-5
23.950000 0.000000000000e+0 2.217155725469e-5 2.728807046731e-5 3.240458367993e-5 3.752109689255e-5 4.263761010517e-5 4.775412331779e-5 5.287063653041e-5 5.798714974303e-5 3.069907927572e-5 6.310366295565e-5
24.000000 0.000000000000e+0 2.180509289820e-5 2.683703741317e-5 3.186898192814e-5 3.690092644311e-5 4.193287095808e-5 4.696481547305e-5 5.199675998802e-5 5.702870450299e-5 3.019166708982e-5 6.206064901795e-5
24.050000 0.000000000000e+0 2.144468570126e-5 2.639345932463e-5 3.134223294799e-5 3.629100657136e-5 4.123978019473e-5 4.618855381809e-5 5.113732744146e-5 5.608610106483e-5 2.969264174020e-5 6.103487468820e-5
24.100000 0.000000000000e+0 2.109023554604e-5 2.595721297974e-5 3.082419041344e-5 3.569116784715e-5 4.055814528085e-5 4.542512271455e-5 5.029210014825e-5 5.515907758195e-5 2.920186460221e-5 6.002605501565e-5
24.150000 0.000000000000e+0 2.074164396962e-5 2.552817719337e-5 3.031471041713e-5 3.510124364089e-5 3.988777686465e-5 4.467431008840e-5 4.946084331216e-5 5.424737653592e-5 2.871919934254e-5 5.903390975967e-5
24.200000 0.000000000000e+0 2.039881413658e-5 2.510623278348e-5 2.981365143039e-5 3.452107007729e-5 3.922848872419e-5 4.393590737110e-5 4.864332601800e-5 5.335074466490e-5 2.824451188142e-5 5.805816331181e-5
24.250000 0.000000000000e+0 2.006165081216e-5 2.469126253805e-5 2.932087426393e-5 3.395048598981e-5 3.858009771570e-5 4.320970944158e-5 4.783932116746e-5 5.246893289335e-5 2.777767035530e-5 5.709854461923e-5
24.300000 0.000000000000e+0 1.973006033575e-5 2.428315118247e-5 2.883624202918e-5 3.338933287589e-5 3.794242372260e-5 4.249551456932e-5 4.704860541603e-5 5.160169626274e-5 2.731854508027e-5 5.615478710945e-5
24.350000 0.000000000000e+0 1.940395059489e-5 2.388178534756e-5 2.835962010023e-5 3.283745485289e-5 3.731528960556e-5 4.179312435823e-5 4.627095911090e-5 5.074879386356e-5 2.686700851600e-5 5.522662861623e-5
24.400000 0.000000000000e+0 1.908323099967e-5 2.348705353805e-5 2.789087607644e-5 3.229469861482e-5 3.669852115321e-5 4.110234369159e-5 4.550616622998e-5 4.990998876836e-5 2.642293523031e-5 5.431381130675e-5
24.450000 0.000000000000e+0 1.876781245756e-5 2.309884610161e-5 2.742987974566e-5 3.176091338971e-5 3.609194703376e-5 4.042298067781e-5 4.475401432186e-5 4.908504796592e-5 2.598620186431e-5 5.341608160997e-5
24.500000 0.000000000000e+0 1.845760734866e-5 2.271705519835e-5 2.697650304804e-5 3.123595089773e-5 3.549539874742e-5 3.975484659711e-5 4.401429444681e-5 4.827374229650e-5 2.555668709815e-5 5.253319014619e-5
24.550000 0.000000000000e+0 1.815252950138e-5 2.234157477092e-5 2.653062004047e-5 3.071966531002e-5 3.490871057957e-5 3.909775584912e-5 4.328680111866e-5 4.747584638821e-5 2.513427161729e-5 5.166489165776e-5
24.600000 0.000000000000e+0 1.785249416844e-5 2.197230051500e-5 2.609210686157e-5 3.021191320813e-5 3.433171955469e-5 3.845152590126e-5 4.257133224782e-5 4.669113859438e-5 2.471883807938e-5 5.081094494095e-5
24.650000 0.000000000000e+0 1.755741800340e-5 2.160912985033e-5 2.566084169727e-5 2.971255354421e-5 3.376426539115e-5 3.781597723808e-5 4.186768908502e-5 4.591940093196e-5 2.431027108163e-5 4.997111277890e-5
24.700000 0.000000000000e+0 1.726721903743e-5 2.125196189222e-5 2.523670474701e-5 2.922144760181e-5 3.320619045660e-5 3.719093331139e-5 4.117567616618e-5 4.516041902097e-5 2.390845712875e-5 4.914516187577e-5
24.750000 0.000000000000e+0 1.698181665661e-5 2.090069742351e-5 2.481957819042e-5 2.873845895733e-5 3.265733972424e-5 3.657622049115e-5 4.049510125806e-5 4.441398202497e-5 2.351328460145e-5 4.833286279188e-5
24.800000 0.000000000000e+0 1.670113157945e-5 2.055523886702e-5 2.440934615459e-5 2.826345344215e-5 3.211756072972e-5 3.597166801729e-5 3.982577530485e-5 4.367988259242e-5 2.312464372540e-5 4.753398987999e-5
24.850000 0.000000000000e+0 1.642508583497e-5 2.021549025842e-5 2.400589468188e-5 2.779629910533e-5 3.158670352878e-5 3.537710795224e-5 3.916751237569e-5 4.295791679915e-5 2.274242654072e-5 4.674832122260e-5
24.900000 0.000000000000e+0 1.615360274092e-5 1.988135721959e-5 2.360911169827e-5 2.733686617694e-5 3.106462065561e-5 3.479237513429e-5 3.852012961296e-5 4.224788409164e-5 2.236652687204e-5 4.597563857031e-5
24.950000 0.000000000000e+0 1.588660688257e-5 1.955274693240e-5 2.321888698222e-5 2.688502703204e-5 3.055116708187e-5 3.421730713169e-5 3.788344718152e-5 4.154958723134e-5 2.199684029894e-5 4.521572728116e-5
25.000000 0.000000000000e+0 1.562402409172e-5 1.922956811288e-5 2.283511213405e-5 2.644065615521e-5 3.004620017638e-5 3.365174419754e-5 3.725728821871e-5 4.086283223987e-5 2.163326412699e-5 4.446837626104e-5
25.050000 0.000000000000e+0 1.536578142607e-5 1.891173098594e-5 2.245768054580e-5 2.600363010567e-5 2.954957966553e-5 3.309552922539e-5 3.664147878526e-5 4.018742834512e-5 2.127569735918e-5 4.373337790498e-5
25.100000 0.000000000000e+0 1.511180714903e-5 1.859914726035e-5 2.208648737166e-5 2.557382748298e-5 2.906116759430e-5 3.254850770561e-5 3.603584781693e-5 3.952318792824e-5 2.092404066789e-5 4.301052803956e-5
25.150000 0.000000000000e+0 1.486203070971e-5 1.829173010426e-5 2.172142949881e-5 2.515112889336e-5 2.858082828791e-5 3.201052768245e-5 3.544022707700e-5 3.886992647155e-5 2.057819636729e-5 4.229962586610e-5
25.200000 0.000000000000e+0 1.461638272336e-5 1.798939412106e-5 2.136240551876e-5 2.473541691646e-5 2.810842831415e-5 3.148143971185e-5 3.485445110955e-5 3.822746250725e-5 2.023806838619e-5 4.160047390495e-5
25.250000 0.000000000000e+0 1.437479495209e-5 1.769205532565e-5 2.100931569921e-5 2.432657607277e-5 2.764383644633e-5 3.096109681989e-5 3.427835719345e-5 3.759561756701e-5 1.990356224136e-5 4.091287794057e-5
25.300000 0.000000000000e+0 1.413720028591e-5 1.739963112113e-5 2.066206195634e-5 2.392449279155e-5 2.718692362676e-5 3.044935446197e-5 3.371178529718e-5 3.697421613239e-5 1.957458501127e-5 4.023664696760e-5
25.350000 0.000000000000e+0 1.390353272410e-5 1.711204027581e-5 2.032054782753e-5 2.352905537924e-5 2.673756293096e-5 2.994607048268e-5 3.315457803439e-5 3.636308558611e-5 1.925104531029e-5 3.957159313782e-5
25.400000 0.000000000000e+0 1.367372735683e-5 1.682920290072e-5 1.998467844460e-5 2.314015398849e-5 2.629562953237e-5 2.945110507626e-5 3.260658062014e-5 3.576205616403e-5 1.893285326331e-5 3.891753170791e-5
25.450000 0.000000000000e+0 1.344772034720e-5 1.655104042732e-5 1.965436050744e-5 2.275768058756e-5 2.586100066769e-5 2.896432074781e-5 3.206764082793e-5 3.517096090805e-5 1.861992048073e-5 3.827428098817e-5
25.500000 0.000000000000e+0 1.322544891342e-5 1.627747558575e-5 1.932950225807e-5 2.238152893040e-5 2.543355560273e-5 2.848558227505e-5 3.153760894738e-5 3.458963561971e-5 1.831216003396e-5 3.764166229204e-5
25.550000 0.000000000000e+0 1.300685131144e-5 1.600843238331e-5 1.901001345519e-5 2.201159452706e-5 2.501317559893e-5 2.801475667080e-5 3.101633774267e-5 3.401791881454e-5 1.800948643123e-5 3.701949988641e-5
25.600000 0.000000000000e+0 1.279186681778e-5 1.574383608342e-5 1.869580534906e-5 2.164777461470e-5 2.459974388034e-5 2.755171314598e-5 3.050368241162e-5 3.345565167726e-5 1.771181559384e-5 3.640762094290e-5