# names: noisy_x0.75; noisy_x0.82; noisy_x0.89; noisy_x0.96; noisy_x1.03; noisy_x1.10; noisy_x1.17; noisy_x1.24; noisy_x1.31; noisy_x1.38
0.000000 1.758749542595e-70 0.000000000000e+00 0.000000000000e+00 0.000000000000e+00 0.000000000000e+00 0.000000000000e+00 0.000000000000e+00 0.000000000000e+00 0.000000000000e+00 0.000000000000e+00 0.000000000000e+00
0.050000 1.257672382878e-66 0.000000000000e+00 0.000000000000e+00 0.000000000000e+00 0.000000000000e+00 0.000000000000e+00 0.000000000000e+00 0.000000000000e+00 0.000000000000e+00 0.000000000000e+00 0.000000000000e+00
0.100000 7.004182134319e-63 0.000000000000e+00 0.000000000000e+00 0.000000000000e+00 0.000000000000e+00 0.000000000000e+00 0.000000000000e+00 0.000000000000e+00 0.000000000000e+00 0.000000000000e+00 0.000000000000e+00
0.150000 3.037901698790e-59 0.000000000000e+00 0.000000000000e+00 0.000000000000e+00 0.000000000000e+00 0.000000000000e+00 0.000000000000e+00 0.000000000000e+00 0.000000000000e+00 0.000000000000e+00 0.000000000000e+00
0.200000 1.026163072792e-55 0.000000000000e+00 0.000000000000e+00 0.000000000000e+00 0.000000000000e+00 0.000000000000e+00 0.000000000000e+00 0.000000000000e+00 0.000000000000e+00 0.000000000000e+00 0.000000000000e+00
0.250000 2.699513024589e-52 0.000000000000e+00 0.000000000000e+00 0.000000000000e+00 0.000000000000e+00 0.000000000000e+00 0.000000000000e+00 0.000000000000e+00 0.000000000000e+00 0.000000000000e+00 0.000000000000e+00
0.300000 5.530709549845e-49 0.000000000000e+00 0.000000000000e+00 0.000000000000e+00 0.000000000000e+00 0.000000000000e+00 0.000000000000e+00 0.000000000000e+00 0.000000000000e+00 0.000000000000e+00 0.000000000000e+00
0.350000 8.824754974595e-46 0.000000000000e+00 0.000000000000e+00 0.000000000000e+00 0.000000000000e+00 0.000000000000e+00 0.000000000000e+00 0.000000000000e+00 0.000000000000e+00 0.000000000000e+00 0.000000000000e+00
0.400000 1.096606559389e-42 0.000000000000e+00 0.000000000000e+00 0.000000000000e+00 0.000000000000e+00 0.000000000000e+00 0.000000000000e+00 0.000000000000e+00 0.000000000000e+00 0.000000000000e+00 0.000000000000e+00
0.450000 1.061268813915e-39 0.000000000000e+00 0.000000000000e+00 0.000000000000e+00 0.000000000000e+00 0.000000000000e+00 0.000000000000e+00 0.000000000000e+00 0.000000000000e+00 0.000000000000e+00 0.000000000000e+00
0.500000 7.998827757007e-37 0.000000000000e+00 0.000000000000e+00 0.000000000000e+00 0.000000000000e+00 0.000000000000e+00 0.000000000000e+00 0.000000000000e+00 0.000000000000e+00 0.000000000000e+00 0.000000000000e+00
0.550000 4.695195357975e-34 0.000000000000e+00 0.000000000000e+00 0.000000000000e+00 0.000000000000e+00 0.000000000000e+00 0.000000000000e+00 0.000000000000e+00 0.000000000000e+00 0.000000000000e+00 0.000000000000e+00
0.600000 2.146383735663e-31 0.000000000000e+00 0.000000000000e+00 0.000000000000e+00 0.000000000000e+00 0.000000000000e+00 0.000000000000e+00 0.000000000000e+00 0.000000000000e+00 0.000000000000e+00 0.000000000000e+00
0.650000 7.641655411587e-29 0.000000000000e+00 0.000000000000e+00 0.000000000000e+00 0.000000000000e+00 0.000000000000e+00 0.000000000000e+00 0.000000000000e+00 0.000000000000e+00 0.000000000000e+00 0.000000000000e+00
0.700000 2.118819253509e-26 0.000000000000e+00 0.000000000000e+00 0.000000000000e+00 0.000000000000e+00 0.000000000000e+00 0.000000000000e+00 0.000000000000e+00 0.000000000000e+00 0.000000000000e+00 0.000000000000e+00
0.750000 4.575375590521e-24 0.000000000000e+00 0.000000000000e+00 0.000000000000e+00 0.000000000000e+00 0.000000000000e+00 0.000000000000e+00 0.000000000000e+00 0.000000000000e+00 0.000000000000e+00 0.000000000000e+00
0.800000 7.694598626706e-22 0.000000000000e+00 0.000000000000e+00 0.000000000000e+00 0.000000000000e+00 0.000000000000e+00 0.000000000000e+00 0.000000000000e+00 0.000000000000e+00 0.000000000000e+00 0.000000000000e+00
0.850000 1.007793539430e-19 0.000000000000e+00 0.000000000000e+00 0.000000000000e+00 0.000000000000e+00 0.000000000000e+00 0.000000000000e+00 0.000000000000e+00 0.000000000000e+00 0.000000000000e+00 0.000000000000e+00
0.900000 1.027977357167e-17 0.000000000000e+00 0.000000000000e+00 0.000000000000e+00 0.000000000000e+00 0.000000000000e+00 0.000000000000e+00 0.000000000000e+00 0.000000000000e+00 0.000000000000e+00 0.000000000000e+00
0.950000 8.166235631670e-16 0.000000000000e+00 0.000000000000e+00 0.000000000000e+00 0.000000000000e+00 0.000000000000e+00 0.000000000000e+00 0.000000000000e+00 0.000000000000e+00 0.000000000000e+00 0.000000000000e+00
1.000000 5.052271083537e-14 0.000000000000e+00 0.000000000000e+00 0.000000000000e+00 0.000000000000e+00 0.000000000000e+00 0.000000000000e+00 0.000000000000e+00 0.000000000000e+00 0.000000000000e+00 0.000000000000e+00
1.050000 2.434320533029e-12 0.000000000000e+00 0.000000000000e+00 0.000000000000e+00 0.000000000000e+00 0.000000000000e+00 0.000000000000e+00 0.000000000000e+00 0.000000000000e+00 0.000000000000e+00 0.000000000000e+00
1.100000 9.134720408365e-11 0.000000000000e+00 0.000000000000e+00 0.000000000000e+00 0.000000000000e+00 0.000000000000e+00 0.000000000000e+00 0.000000000000e+00 0.000000000000e+00 0.000000000000e+00 0.000000000000e+00
1.150000 2.669556614763e-09 0.000000000000e+00 0.000000000000e+00 0.000000000000e+00 0.000000000000e+00 0.000000000000e+00 0.000000000000e+00 0.000000000000e+00 0.000000000000e+00 0.000000000000e+00 0.000000000000e+00
1.200000 6.075882849823e-08 0.000000000000e+00 0.000000000000e+00 0.000000000000e+00 0.000000000000e+00 0.000000000000e+00 0.000000000000e+00 0.000000000000e+00 0.000000000000e+00 0.000000000000e+00 0.000000000000e+00
1.250000 1.076976004254e-06 0.000000000000e+00 0.000000000000e+00 0.000000000000e+00 0.000000000000e+00 0.000000000000e+00 0.000000000000e+00 0.000000000000e+00 0.000000000000e+00 0.000000000000e+00 0.000000000000e+00
1.300000 1.486719514734e-05 0.000000000000e+00 0.000000000000e+00 0.000000000000e+00 0.000000000000e+00 0.000000000000e+00 0.000000000000e+00 0.000000000000e+00 0.000000000000e+00 0.000000000000e+00 0.000000000000e+00
1.350000 1.598374110691e-04 0.000000000000e+00 0.000000000000e+00 0.000000000000e+00 0.000000000000e+00 0.000000000000e+00 0.000000000000e+00 0.000000000000e+00 0.000000000000e+00 0.000000000000e+00 0.000000000000e+00
1.400000 1.338302257649e-03 2.250000000000e+00 2.460000000000e+00 2.670000000000e+00 2.880000000000e+00 3.090000000000e+00 3.300000000000e+00 3.510000000000e+00 3.720000000000e+00 3.930000000000e+00 4.140000000000e+00
1.450000 8.726826950458e-03 7.500000000000e+00 8.200000000000e+00 8.900000000000e+00 9.600000000000e+00 1.030000000000e+01 1.100000000000e+01 1.170000000000e+01 1.240000000000e+01 1.310000000000e+01 1.380000000000e+01
1.500000 4.431848411938e-02 4.950000000000e+01 5.412000000000e+01 5.874000000000e+01 6.336000000000e+01 6.798000000000e+01 7.260000000000e+01 7.722000000000e+01 8.184000000000e+01 8.646000000000e+01 9.108000000000e+01
1.550000 1.752830049357e-01 2.287500000000e+02 2.501000000000e+02 2.714500000000e+02 2.928000000000e+02 3.141500000000e+02 3.355000000000e+02 3.568500000000e+02 3.782000000000e+02 3.995500000000e+02 4.209000000000e+02
1.600000 5.399096651319e-01 8.212500000000e+02 8.979000000000e+02 9.745500000000e+02 1.051200000000e+03 1.127850000000e+03 1.204500000000e+03 1.281150000000e+03 1.357800000000e+03 1.434450000000e+03 1.511100000000e+03
1.650000 1.295175956659e+00 2.344500000000e+03 2.563320000000e+03 2.782140000000e+03 3.000960000000e+03 3.219780000000e+03 3.438600000000e+03 3.657420000000e+03 3.876240000000e+03 4.095060000000e+03 4.313880000000e+03
1.700000 2.419707245191e+00 5.337750000000e+03 5.835940000000e+03 6.334130000000e+03 6.832320000000e+03 7.330510000000e+03 7.828700000000e+03 8.326890000000e+03 8.825080000000e+03 9.323270000000e+03 9.821460000000e+03
1.750000 3.520653267643e+00 1.006950000000e+04 1.100932000000e+04 1.194914000000e+04 1.288896000000e+04 1.382878000000e+04 1.476860000000e+04 1.570842000000e+04 1.664824000000e+04 1.758806000000e+04 1.852788000000e+04
1.800000 3.989422804014e+00 1.613925000000e+04 1.764558000000e+04 1.915191000000e+04 2.065824000000e+04 2.216457000000e+04 2.367090000000e+04 2.517723000000e+04 2.668356000000e+04 2.818989000000e+04 2.969622000000e+04
1.850000 3.520653267643e+00 2.203875000000e+04 2.409570000000e+04 2.615265000000e+04 2.820960000000e+04 3.026655000000e+04 3.232350000000e+04 3.438045000000e+04 3.643740000000e+04 3.849435000000e+04 4.055130000000e+04
1.900000 2.419707245191e+00 2.640450000000e+04 2.886892000000e+04 3.133334000000e+04 3.379776000000e+04 3.626218000000e+04 3.872660000000e+04 4.119102000000e+04 4.365544000000e+04 4.611986000000e+04 4.858428000000e+04
1.950000 1.295175956659e+00 2.867625000000e+04 3.135270000000e+04 3.402915000000e+04 3.670560000000e+04 3.938205000000e+04 4.205850000000e+04 4.473495000000e+04 4.741140000000e+04 5.008785000000e+04 5.276430000000e+04
2.000000 5.399096651319e-01 2.998275000000e+04 3.278114000000e+04 3.557953000000e+04 3.837792000000e+04 4.117631000000e+04 4.397470000000e+04 4.677309000000e+04 4.957148000000e+04 5.236987000000e+04 5.516826000000e+04
2.050000 1.752830049357e-01 2.992125000000e+04 3.271390000000e+04 3.550655000000e+04 3.829920000000e+04 4.109185000000e+04 4.388450000000e+04 4.667715000000e+04 4.946980000000e+04 5.226245000000e+04 5.505510000000e+04
2.100000 4.431848411938e-02 2.964075000000e+04 3.240722000000e+04 3.517369000000e+04 3.794016000000e+04 4.070663000000e+04 4.347310000000e+04 4.623957000000e+04 4.900604000000e+04 5.177251000000e+04 5.453898000000e+04
2.150000 8.726826950458e-03 2.886075000000e+04 3.155442000000e+04 3.424809000000e+04 3.694176000000e+04 3.963543000000e+04 4.232910000000e+04 4.502277000000e+04 4.771644000000e+04 5.041011000000e+04 5.310378000000e+04
2.200000 1.338302257649e-03 2.829000000000e+04 3.093040000000e+04 3.357080000000e+04 3.621120000000e+04 3.885160000000e+04 4.149200000000e+04 4.413240000000e+04 4.677280000000e+04 4.941320000000e+04 5.205360000000e+04
2.250000 1.598374110691e-04 2.757675000000e+04 3.015058000000e+04 3.272441000000e+04 3.529824000000e+04 3.787207000000e+04 4.044590000000e+04 4.301973000000e+04 4.559356000000e+04 4.816739000000e+04 5.074122000000e+04
2.300000 1.486719514734e-05 2.730975000000e+04 2.985866000000e+04 3.240757000000e+04 3.495648000000e+04 3.750539000000e+04 4.005430000000e+04 4.260321000000e+04 4.515212000000e+04 4.770103000000e+04 5.024994000000e+04
2.350000 1.076976004254e-06 2.662950000000e+04 2.911492000000e+04 3.160034000000e+04 3.408576000000e+04 3.657118000000e+04 3.905660000000e+04 4.154202000000e+04 4.402744000000e+04 4.651286000000e+04 4.899828000000e+04
2.400000 6.075882849823e-08 2.631225000000e+04 2.876806000000e+04 3.122387000000e+04 3.367968000000e+04 3.613549000000e+04 3.859130000000e+04 4.104711000000e+04 4.350292000000e+04 4.595873000000e+04 4.841454000000e+04
2.450000 2.669556614763e-09 2.566350000000e+04 2.805876000000e+04 3.045402000000e+04 3.284928000000e+04 3.524454000000e+04 3.763980000000e+04 4.003506000000e+04 4.243032000000e+04 4.482558000000e+04 4.722084000000e+04
2.500000 9.134720408365e-11 2.492325000000e+04 2.724942000000e+04 2.957559000000e+04 3.190176000000e+04 3.422793000000e+04 3.655410000000e+04 3.888027000000e+04 4.120644000000e+04 4.353261000000e+04 4.585878000000e+04
2.550000 2.434320533029e-12 2.483550000000e+04 2.715348000000e+04 2.947146000000e+04 3.178944000000e+04 3.410742000000e+04 3.642540000000e+04 3.874338000000e+04 4.106136000000e+04 4.337934000000e+04 4.569732000000e+04
2.600000 5.052271083537e-14 2.433600000000e+04 2.660736000000e+04 2.887872000000e+04 3.115008000000e+04 3.342144000000e+04 3.569280000000e+04 3.796416000000e+04 4.023552000000e+04 4.250688000000e+04 4.477824000000e+04
2.650000 8.166235631669e-16 2.408550000000e+04 2.633348000000e+04 2.858146000000e+04 3.082944000000e+04 3.307742000000e+04 3.532540000000e+04 3.757338000000e+04 3.982136000000e+04 4.206934000000e+04 4.431732000000e+04
2.700000 1.027977357167e-17 2.323800000000e+04 2.540688000000e+04 2.757576000000e+04 2.974464000000e+04 3.191352000000e+04 3.408240000000e+04 3.625128000000e+04 3.842016000000e+04 4.058904000000e+04 4.275792000000e+04
2.750000 1.007793539430e-19 2.325300000000e+04 2.542328000000e+04 2.759356000000e+04 2.976384000000e+04 3.193412000000e+04 3.410440000000e+04 3.627468000000e+04 3.844496000000e+04 4.061524000000e+04 4.278552000000e+04
2.800000 7.694598626706e-22 2.270475000000e+04 2.482386000000e+04 2.694297000000e+04 2.906208000000e+04 3.118119000000e+04 3.330030000000e+04 3.541941000000e+04 3.753852000000e+04 3.965763000000e+04 4.177674000000e+04
2.850000 4.575375590521e-24 2.213025000000e+04 2.419574000000e+04 2.626123000000e+04 2.832672000000e+04 3.039221000000e+04 3.245770000000e+04 3.452319000000e+04 3.658868000000e+04 3.865417000000e+04 4.071966000000e+04
2.900000 2.118819253509e-26 2.181975000000e+04 2.385626000000e+04 2.589277000000e+04 2.792928000000e+04 2.996579000000e+04 3.200230000000e+04 3.403881000000e+04 3.607532000000e+04 3.811183000000e+04 4.014834000000e+04
2.950000 7.641655411587e-29 2.159325000000e+04 2.360862000000e+04 2.562399000000e+04 2.763936000000e+04 2.965473000000e+04 3.167010000000e+04 3.368547000000e+04 3.570084000000e+04 3.771621000000e+04 3.973158000000e+04
3.000000 2.146383735663e-31 2.109600000000e+04 2.306496000000e+04 2.503392000000e+04 2.700288000000e+04 2.897184000000e+04 3.094080000000e+04 3.290976000000e+04 3.487872000000e+04 3.684768000000e+04 3.881664000000e+04
3.050000 4.695195357975e-34 2.067450000000e+04 2.260412000000e+04 2.453374000000e+04 2.646336000000e+04 2.839298000000e+04 3.032260000000e+04 3.225222000000e+04 3.418184000000e+04 3.611146000000e+04 3.804108000000e+04
3.100000 7.998827757007e-37 2.017725000000e+04 2.206046000000e+04 2.394367000000e+04 2.582688000000e+04 2.771009000000e+04 2.959330000000e+04 3.147651000000e+04 3.335972000000e+04 3.524293000000e+04 3.712614000000e+04
3.150000 1.061268813915e-39 1.988775000000e+04 2.174394000000e+04 2.360013000000e+04 2.545632000000e+04 2.731251000000e+04 2.916870000000e+04 3.102489000000e+04 3.288108000000e+04 3.473727000000e+04 3.659346000000e+04
3.200000 1.096606559389e-42 1.952175000000e+04 2.134378000000e+04 2.316581000000e+04 2.498784000000e+04 2.680987000000e+04 2.863190000000e+04 3.045393000000e+04 3.227596000000e+04 3.409799000000e+04 3.592002000000e+04
3.250000 8.824754974595e-46 1.925550000000e+04 2.105268000000e+04 2.284986000000e+04 2.464704000000e+04 2.644422000000e+04 2.824140000000e+04 3.003858000000e+04 3.183576000000e+04 3.363294000000e+04 3.543012000000e+04
3.300000 5.530709549844e-49 1.894350000000e+04 2.071156000000e+04 2.247962000000e+04 2.424768000000e+04 2.601574000000e+04 2.778380000000e+04 2.955186000000e+04 3.131992000000e+04 3.308798000000e+04 3.485604000000e+04
3.350000 2.699513024589e-52 1.874400000000e+04 2.049344000000e+04 2.224288000000e+04 2.399232000000e+04 2.574176000000e+04 2.749120000000e+04 2.924064000000e+04 3.099008000000e+04 3.273952000000e+04 3.448896000000e+04
3.400000 1.026163072792e-55 1.819950000000e+04 1.989812000000e+04 2.159674000000e+04 2.329536000000e+04 2.499398000000e+04 2.669260000000e+04 2.839122000000e+04 3.008984000000e+04 3.178846000000e+04 3.348708000000e+04
3.450000 3.037901698790e-59 1.779450000000e+04 1.945532000000e+04 2.111614000000e+04 2.277696000000e+04 2.443778000000e+04 2.609860000000e+04 2.775942000000e+04 2.942024000000e+04 3.108106000000e+04 3.274188000000e+04
3.500000 7.004182134319e-63 1.751400000000e+04 1.914864000000e+04 2.078328000000e+04 2.241792000000e+04 2.405256000000e+04 2.568720000000e+04 2.732184000000e+04 2.895648000000e+04 3.059112000000e+04 3.222576000000e+04
3.550000 1.257672382878e-66 1.750875000000e+04 1.914290000000e+04 2.077705000000e+04 2.241120000000e+04 2.404535000000e+04 2.567950000000e+04 2.731365000000e+04 2.894780000000e+04 3.058195000000e+04 3.221610000000e+04
3.600000 1.758749542595e-70 1.702725000000e+04 1.861646000000e+04 2.020567000000e+04 2.179488000000e+04 2.338409000000e+04 2.497330000000e+04 2.656251000000e+04 2.815172000000e+04 2.974093000000e+04 3.133014000000e+04
3.650000 1.915432491672e-74 1.656225000000e+04 1.810806000000e+04 1.965387000000e+04 2.119968000000e+04 2.274549000000e+04 2.429130000000e+04 2.583711000000e+04 2.738292000000e+04 2.892873000000e+04 3.047454000000e+04
3.700000 1.624636036774e-78 1.639800000000e+04 1.792848000000e+04 1.945896000000e+04 2.098944000000e+04 2.251992000000e+04 2.405040000000e+04 2.558088000000e+04 2.711136000000e+04 2.864184000000e+04 3.017232000000e+04
3.750000 1.073177834068e-82 1.617300000000e+04 1.768248000000e+04 1.919196000000e+04 2.070144000000e+04 2.221092000000e+04 2.372040000000e+04 2.522988000000e+04 2.673936000000e+04 2.824884000000e+04 2.975832000000e+04
3.800000 5.520948362160e-87 1.585800000000e+04 1.733808000000e+04 1.881816000000e+04 2.029824000000e+04 2.177832000000e+04 2.325840000000e+04 2.473848000000e+04 2.621856000000e+04 2.769864000000e+04 2.917872000000e+04
3.850000 2.211984380211e-91 1.547850000000e+04 1.692316000000e+04 1.836782000000e+04 1.981248000000e+04 2.125714000000e+04 2.270180000000e+04 2.414646000000e+04 2.559112000000e+04 2.703578000000e+04 2.848044000000e+04
3.900000 6.902029420127e-96 1.513650000000e+04 1.654924000000e+04 1.796198000000e+04 1.937472000000e+04 2.078746000000e+04 2.220020000000e+04 2.361294000000e+04 2.502568000000e+04 2.643842000000e+04 2.785116000000e+04
3.950000 1.677250522854e-100 1.508475000000e+04 1.649266000000e+04 1.790057000000e+04 1.930848000000e+04 2.071639000000e+04 2.212430000000e+04 2.353221000000e+04 2.494012000000e+04 2.634803000000e+04 2.775594000000e+04
4.000000 3.174281552825e-105 1.480425000000e+04 1.618598000000e+04 1.756771000000e+04 1.894944000000e+04 2.033117000000e+04 2.171290000000e+04 2.309463000000e+04 2.447636000000e+04 2.585809000000e+04 2.723982000000e+04
4.050000 4.678636817250e-110 1.441950000000e+04 1.576532000000e+04 1.711114000000e+04 1.845696000000e+04 1.980278000000e+04 2.114860000000e+04 2.249442000000e+04 2.384024000000e+04 2.518606000000e+04 2.653188000000e+04
4.100000 5.370560365020e-115 1.428525000000e+04 1.561854000000e+04 1.695183000000e+04 1.828512000000e+04 1.961841000000e+04 2.095170000000e+04 2.228499000000e+04 2.361828000000e+04 2.495157000000e+04 2.628486000000e+04
4.150000 4.801160785907e-120 1.381200000000e+04 1.510112000000e+04 1.639024000000e+04 1.767936000000e+04 1.896848000000e+04 2.025760000000e+04 2.154672000000e+04 2.283584000000e+04 2.412496000000e+04 2.541408000000e+04
4.200000 3.342714441794e-125 1.362450000000e+04 1.489612000000e+04 1.616774000000e+04 1.743936000000e+04 1.871098000000e+04 1.998260000000e+04 2.125422000000e+04 2.252584000000e+04 2.379746000000e+04 2.506908000000e+04
4.250000 1.812502793552e-130 1.345725000000e+04 1.471326000000e+04 1.596927000000e+04 1.722528000000e+04 1.848129000000e+04 1.973730000000e+04 2.099331000000e+04 2.224932000000e+04 2.350533000000e+04 2.476134000000e+04
4.300000 7.653929736420e-136 1.333125000000e+04 1.457550000000e+04 1.581975000000e+04 1.706400000000e+04 1.830825000000e+04 1.955250000000e+04 2.079675000000e+04 2.204100000000e+04 2.328525000000e+04 2.452950000000e+04
4.350000 2.517193705193e-141 1.310475000000e+04 1.432786000000e+04 1.555097000000e+04 1.677408000000e+04 1.799719000000e+04 1.922030000000e+04 2.044341000000e+04 2.166652000000e+04 2.288963000000e+04 2.411274000000e+04
4.400000 6.447259971397e-147 1.275975000000e+04 1.395066000000e+04 1.514157000000e+04 1.633248000000e+04 1.752339000000e+04 1.871430000000e+04 1.990521000000e+04 2.109612000000e+04 2.228703000000e+04 2.347794000000e+04
4.450000 1.286056674071e-152 1.270350000000e+04 1.388916000000e+04 1.507482000000e+04 1.626048000000e+04 1.744614000000e+04 1.863180000000e+04 1.981746000000e+04 2.100312000000e+04 2.218878000000e+04 2.337444000000e+04
4.500000 1.997889259168e-158 1.236450000000e+04 1.351852000000e+04 1.467254000000e+04 1.582656000000e+04 1.698058000000e+04 1.813460000000e+04 1.928862000000e+04 2.044264000000e+04 2.159666000000e+04 2.275068000000e+04
4.550000 2.417180578620e-164 1.231800000000e+04 1.346768000000e+04 1.461736000000e+04 1.576704000000e+04 1.691672000000e+04 1.806640000000e+04 1.921608000000e+04 2.036576000000e+04 2.151544000000e+04 2.266512000000e+04
4.600000 2.277577478736e-170 1.185975000000e+04 1.296666000000e+04 1.407357000000e+04 1.518048000000e+04 1.628739000000e+04 1.739430000000e+04 1.850121000000e+04 1.960812000000e+04 2.071503000000e+04 2.182194000000e+04
4.650000 1.671335365130e-176 1.172625000000e+04 1.282070000000e+04 1.391515000000e+04 1.500960000000e+04 1.610405000000e+04 1.719850000000e+04 1.829295000000e+04 1.938740000000e+04 2.048185000000e+04 2.157630000000e+04
4.700000 9.551694541949e-183 1.146900000000e+04 1.253944000000e+04 1.360988000000e+04 1.468032000000e+04 1.575076000000e+04 1.682120000000e+04 1.789164000000e+04 1.896208000000e+04 2.003252000000e+04 2.110296000000e+04
4.750000 4.251318353528e-189 1.141425000000e+04 1.247958000000e+04 1.354491000000e+04 1.461024000000e+04 1.567557000000e+04 1.674090000000e+04 1.780623000000e+04 1.887156000000e+04 1.993689000000e+04 2.100222000000e+04
4.800000 1.473646134878e-195 1.116525000000e+04 1.220734000000e+04 1.324943000000e+04 1.429152000000e+04 1.533361000000e+04 1.637570000000e+04 1.741779000000e+04 1.845988000000e+04 1.950197000000e+04 2.054406000000e+04
4.850000 3.978223427282e-202 1.099350000000e+04 1.201956000000e+04 1.304562000000e+04 1.407168000000e+04 1.509774000000e+04 1.612380000000e+04 1.714986000000e+04 1.817592000000e+04 1.920198000000e+04 2.022804000000e+04
4.900000 8.363951605856e-209 1.090725000000e+04 1.192526000000e+04 1.294327000000e+04 1.396128000000e+04 1.497929000000e+04 1.599730000000e+04 1.701531000000e+04 1.803332000000e+04 1.905133000000e+04 2.006934000000e+04
4.950000 1.369494308080e-215 1.041900000000e+04 1.139144000000e+04 1.236388000000e+04 1.333632000000e+04 1.430876000000e+04 1.528120000000e+04 1.625364000000e+04 1.722608000000e+04 1.819852000000e+04 1.917096000000e+04
5.000000 1.746366256759e-222 1.038675000000e+04 1.135618000000e+04 1.232561000000e+04 1.329504000000e+04 1.426447000000e+04 1.523390000000e+04 1.620333000000e+04 1.717276000000e+04 1.814219000000e+04 1.911162000000e+04
5.050000 1.734350263606e-229 1.032225000000e+04 1.128566000000e+04 1.224907000000e+04 1.321248000000e+04 1.417589000000e+04 1.513930000000e+04 1.610271000000e+04 1.706612000000e+04 1.802953000000e+04 1.899294000000e+04
5.100000 1.341419667349e-236 1.001325000000e+04 1.094782000000e+04 1.188239000000e+04 1.281696000000e+04 1.375153000000e+04 1.468610000000e+04 1.562067000000e+04 1.655524000000e+04 1.748981000000e+04 1.842438000000e+04
5.150000 8.080140413872e-244 9.747000000000e+03 1.065672000000e+04 1.156644000000e+04 1.247616000000e+04 1.338588000000e+04 1.429560000000e+04 1.520532000000e+04 1.611504000000e+04 1.702476000000e+04 1.793448000000e+04
5.200000 3.790526400093e-251 9.759750000000e+03 1.067066000000e+04 1.158157000000e+04 1.249248000000e+04 1.340339000000e+04 1.431430000000e+04 1.522521000000e+04 1.613612000000e+04 1.704703000000e+04 1.795794000000e+04
5.250000 1.384862078338e-258 9.585750000000e+03 1.048042000000e+04 1.137509000000e+04 1.226976000000e+04 1.316443000000e+04 1.405910000000e+04 1.495377000000e+04 1.584844000000e+04 1.674311000000e+04 1.763778000000e+04
5.300000 3.940396277135e-266 9.357000000000e+03 1.023032000000e+04 1.110364000000e+04 1.197696000000e+04 1.285028000000e+04 1.372360000000e+04 1.459692000000e+04 1.547024000000e+04 1.634356000000e+04 1.721688000000e+04
5.350000 8.731717100620e-274 9.331500000000e+03 1.020244000000e+04 1.107338000000e+04 1.194432000000e+04 1.281526000000e+04 1.368620000000e+04 1.455714000000e+04 1.542808000000e+04 1.629902000000e+04 1.716996000000e+04
5.400000 1.506904717620e-281 8.979000000000e+03 9.817040000000e+03 1.065508000000e+04 1.149312000000e+04 1.233116000000e+04 1.316920000000e+04 1.400724000000e+04 1.484528000000e+04 1.568332000000e+04 1.652136000000e+04
5.450000 2.025341716212e-289 8.880750000000e+03 9.709620000000e+03 1.053849000000e+04 1.136736000000e+04 1.219623000000e+04 1.302510000000e+04 1.385397000000e+04 1.468284000000e+04 1.551171000000e+04 1.634058000000e+04
5.500000 2.120006551525e-297 8.778000000000e+03 9.597280000000e+03 1.041656000000e+04 1.123584000000e+04 1.205512000000e+04 1.287440000000e+04 1.369368000000e+04 1.451296000000e+04 1.533224000000e+04 1.615152000000e+04
5.550000 1.728233732284e-305 8.783250000000e+03 9.603020000000e+03 1.042279000000e+04 1.124256000000e+04 1.206233000000e+04 1.288210000000e+04 1.370187000000e+04 1.452164000000e+04 1.534141000000e+04 1.616118000000e+04
5.600000 1.097221052044e-313 8.592750000000e+03 9.394740000000e+03 1.019673000000e+04 1.099872000000e+04 1.180071000000e+04 1.260270000000e+04 1.340469000000e+04 1.420668000000e+04 1.500867000000e+04 1.581066000000e+04
5.650000 5.533535233422e-322 8.478750000000e+03 9.270100000000e+03 1.006145000000e+04 1.085280000000e+04 1.164415000000e+04 1.243550000000e+04 1.322685000000e+04 1.401820000000e+04 1.480955000000e+04 1.560090000000e+04
5.700000 0.000000000000e+00 8.146500000000e+03 8.906840000000e+03 9.667180000000e+03 1.042752000000e+04 1.118786000000e+04 1.194820000000e+04 1.270854000000e+04 1.346888000000e+04 1.422922000000e+04 1.498956000000e+04
5.750000 0.000000000000e+00 8.042250000000e+03 8.792860000000e+03 9.543470000000e+03 1.029408000000e+04 1.104469000000e+04 1.179530000000e+04 1.254591000000e+04 1.329652000000e+04 1.404713000000e+04 1.479774000000e+04
5.800000 0.000000000000e+00 7.926000000000e+03 8.665760000000e+03 9.405520000000e+03 1.014528000000e+04 1.088504000000e+04 1.162480000000e+04 1.236456000000e+04 1.310432000000e+04 1.384408000000e+04 1.458384000000e+04
5.850000 0.000000000000e+00 7.869000000000e+03 8.603440000000e+03 9.337880000000e+03 1.007232000000e+04 1.080676000000e+04 1.154120000000e+04 1.227564000000e+04 1.301008000000e+04 1.374452000000e+04 1.447896000000e+04
5.900000 0.000000000000e+00 7.681500000000e+03 8.398440000000e+03 9.115380000000e+03 9.832320000000e+03 1.054926000000e+04 1.126620000000e+04 1.198314000000e+04 1.270008000000e+04 1.341702000000e+04 1.413396000000e+04
5.950000 0.000000000000e+00 7.716750000000e+03 8.436980000000e+03 9.157210000000e+03 9.877440000000e+03 1.059767000000e+04 1.131790000000e+04 1.203813000000e+04 1.275836000000e+04 1.347859000000e+04 1.419882000000e+04
6.000000 0.000000000000e+00 7.467000000000e+03 8.163920000000e+03 8.860840000000e+03 9.557760000000e+03 1.025468000000e+04 1.095160000000e+04 1.164852000000e+04 1.234544000000e+04 1.304236000000e+04 1.373928000000e+04
6.050000 0.000000000000e+00 7.387500000000e+03 8.077000000000e+03 8.766500000000e+03 9.456000000000e+03 1.014550000000e+04 1.083500000000e+04 1.152450000000e+04 1.221400000000e+04 1.290350000000e+04 1.359300000000e+04
6.100000 0.000000000000e+00 7.258500000000e+03 7.935960000000e+03 8.613420000000e+03 9.290880000000e+03 9.968340000000e+03 1.064580000000e+04 1.132326000000e+04 1.200072000000e+04 1.267818000000e+04 1.335564000000e+04
6.150000 0.000000000000e+00 7.022250000000e+03 7.677660000000e+03 8.333070000000e+03 8.988480000000e+03 9.643890000000e+03 1.029930000000e+04 1.095471000000e+04 1.161012000000e+04 1.226553000000e+04 1.292094000000e+04
6.200000 0.000000000000e+00 6.939750000000e+03 7.587460000000e+03 8.235170000000e+03 8.882880000000e+03 9.530590000000e+03 1.017830000000e+04 1.082601000000e+04 1.147372000000e+04 1.212143000000e+04 1.276914000000e+04
6.250000 0.000000000000e+00 6.747750000000e+03 7.377540000000e+03 8.007330000000e+03 8.637120000000e+03 9.266910000000e+03 9.896700000000e+03 1.052649000000e+04 1.115628000000e+04 1.178607000000e+04 1.241586000000e+04
6.300000 0.000000000000e+00 6.752250000000e+03 7.382460000000e+03 8.012670000000e+03 8.642880000000e+03 9.273090000000e+03 9.903300000000e+03 1.053351000000e+04 1.116372000000e+04 1.179393000000e+04 1.242414000000e+04
6.350000 0.000000000000e+00 6.684000000000e+03 7.307840000000e+03 7.931680000000e+03 8.555520000000e+03 9.179360000000e+03 9.803200000000e+03 1.042704000000e+04 1.105088000000e+04 1.167472000000e+04 1.229856000000e+04
6.400000 0.000000000000e+00 6.504750000000e+03 7.111860000000e+03 7.718970000000e+03 8.326080000000e+03 8.933190000000e+03 9.540300000000e+03 1.014741000000e+04 1.075452000000e+04 1.136163000000e+04 1.196874000000e+04
6.450000 0.000000000000e+00 6.448500000000e+03 7.050360000000e+03 7.652220000000e+03 8.254080000000e+03 8.855940000000e+03 9.457800000000e+03 1.005966000000e+04 1.066152000000e+04 1.126338000000e+04 1.186524000000e+04
6.500000 0.000000000000e+00 6.348000000000e+03 6.940480000000e+03 7.532960000000e+03 8.125440000000e+03 8.717920000000e+03 9.310400000000e+03 9.902880000000e+03 1.049536000000e+04 1.108784000000e+04 1.168032000000e+04
6.550000 0.000000000000e+00 6.214500000000e+03 6.794520000000e+03 7.374540000000e+03 7.954560000000e+03 8.534580000000e+03 9.114600000000e+03 9.694620000000e+03 1.027464000000e+04 1.085466000000e+04 1.143468000000e+04
6.600000 0.000000000000e+00 6.000000000000e+03 6.560000000000e+03 7.120000000000e+03 7.680000000000e+03 8.240000000000e+03 8.800000000000e+03 9.360000000000e+03 9.920000000000e+03 1.048000000000e+04 1.104000000000e+04
6.650000 0.000000000000e+00 6.008250000000e+03 6.569020000000e+03 7.129790000000e+03 7.690560000000e+03 8.251330000000e+03 8.812100000000e+03 9.372870000000e+03 9.933640000000e+03 1.049441000000e+04 1.105518000000e+04
6.700000 0.000000000000e+00 5.701500000000e+03 6.233640000000e+03 6.765780000000e+03 7.297920000000e+03 7.830060000000e+03 8.362200000000e+03 8.894340000000e+03 9.426480000000e+03 9.958620000000e+03 1.049076000000e+04
6.750000 0.000000000000e+00 5.718750000000e+03 6.252500000000e+03 6.786250000000e+03 7.320000000000e+03 7.853750000000e+03 8.387500000000e+03 8.921250000000e+03 9.455000000000e+03 9.988750000000e+03 1.052250000000e+04
6.800000 0.000000000000e+00 5.724000000000e+03 6.258240000000e+03 6.792480000000e+03 7.326720000000e+03 7.860960000000e+03 8.395200000000e+03 8.929440000000e+03 9.463680000000e+03 9.997920000000e+03 1.053216000000e+04
6.850000 0.000000000000e+00 5.685750000000e+03 6.216420000000e+03 6.747090000000e+03 7.277760000000e+03 7.808430000000e+03 8.339100000000e+03 8.869770000000e+03 9.400440000000e+03 9.931110000000e+03 1.046178000000e+04
6.900000 0.000000000000e+00 5.571000000000e+03 6.090960000000e+03 6.610920000000e+03 7.130880000000e+03 7.650840000000e+03 8.170800000000e+03 8.690760000000e+03 9.210720000000e+03 9.730680000000e+03 1.025064000000e+04
6.950000 0.000000000000e+00 5.391000000000e+03 5.894160000000e+03 6.397320000000e+03 6.900480000000e+03 7.403640000000e+03 7.906800000000e+03 8.409960000000e+03 8.913120000000e+03 9.416280000000e+03 9.919440000000e+03
7.000000 0.000000000000e+00 5.414250000000e+03 5.919580000000e+03 6.424910000000e+03 6.930240000000e+03 7.435570000000e+03 7.940900000000e+03 8.446230000000e+03 8.951560000000e+03 9.456890000000e+03 9.962220000000e+03
7.050000 0.000000000000e+00 5.229000000000e+03 5.717040000000e+03 6.205080000000e+03 6.693120000000e+03 7.181160000000e+03 7.669200000000e+03 8.157240000000e+03 8.645280000000e+03 9.133320000000e+03 9.621360000000e+03
7.100000 0.000000000000e+00 5.253750000000e+03 5.744100000000e+03 6.234450000000e+03 6.724800000000e+03 7.215150000000e+03 7.705500000000e+03 8.195850000000e+03 8.686200000000e+03 9.176550000000e+03 9.666900000000e+03
7.150000 0.000000000000e+00 4.973250000000e+03 5.437420000000e+03 5.901590000000e+03 6.365760000000e+03 6.829930000000e+03 7.294100000000e+03 7.758270000000e+03 8.222440000000e+03 8.686610000000e+03 9.150780000000e+03
7.200000 0.000000000000e+00 5.018250000000e+03 5.486620000000e+03 5.954990000000e+03 6.423360000000e+03 6.891730000000e+03 7.360100000000e+03 7.828470000000e+03 8.296840000000e+03 8.765210000000e+03 9.233580000000e+03
7.250000 0.000000000000e+00 4.916250000000e+03 5.375100000000e+03 5.833950000000e+03 6.292800000000e+03 6.751650000000e+03 7.210500000000e+03 7.669350000000e+03 8.128200000000e+03 8.587050000000e+03 9.045900000000e+03
7.300000 0.000000000000e+00 4.739250000000e+03 5.181580000000e+03 5.623910000000e+03 6.066240000000e+03 6.508570000000e+03 6.950900000000e+03 7.393230000000e+03 7.835560000000e+03 8.277890000000e+03 8.720220000000e+03
7.350000 0.000000000000e+00 4.716750000000e+03 5.156980000000e+03 5.597210000000e+03 6.037440000000e+03 6.477670000000e+03 6.917900000000e+03 7.358130000000e+03 7.798360000000e+03 8.238590000000e+03 8.678820000000e+03
7.400000 0.000000000000e+00 4.632000000000e+03 5.064320000000e+03 5.496640000000e+03 5.928960000000e+03 6.361280000000e+03 6.793600000000e+03 7.225920000000e+03 7.658240000000e+03 8.090560000000e+03 8.522880000000e+03
7.450000 0.000000000000e+00 4.589250000000e+03 5.017580000000e+03 5.445910000000e+03 5.874240000000e+03 6.302570000000e+03 6.730900000000e+03 7.159230000000e+03 7.587560000000e+03 8.015890000000e+03 8.444220000000e+03
7.500000 0.000000000000e+00 4.527750000000e+03 4.950340000000e+03 5.372930000000e+03 5.795520000000e+03 6.218110000000e+03 6.640700000000e+03 7.063290000000e+03 7.485880000000e+03 7.908470000000e+03 8.331060000000e+03
7.550000 0.000000000000e+00 4.467000000000e+03 4.883920000000e+03 5.300840000000e+03 5.717760000000e+03 6.134680000000e+03 6.551600000000e+03 6.968520000000e+03 7.385440000000e+03 7.802360000000e+03 8.219280000000e+03
7.600000 0.000000000000e+00 4.231500000000e+03 4.626440000000e+03 5.021380000000e+03 5.416320000000e+03 5.811260000000e+03 6.206200000000e+03 6.601140000000e+03 6.996080000000e+03 7.391020000000e+03 7.785960000000e+03
7.650000 0.000000000000e+00 4.334250000000e+03 4.738780000000e+03 5.143310000000e+03 5.547840000000e+03 5.952370000000e+03 6.356900000000e+03 6.761430000000e+03 7.165960000000e+03 7.570490000000e+03 7.975020000000e+03
7.700000 0.000000000000e+00 4.125000000000e+03 4.510000000000e+03 4.895000000000e+03 5.280000000000e+03 5.665000000000e+03 6.050000000000e+03 6.435000000000e+03 6.820000000000e+03 7.205000000000e+03 7.590000000000e+03
7.750000 0.000000000000e+00 4.148250000000e+03 4.535420000000e+03 4.922590000000e+03 5.309760000000e+03 5.696930000000e+03 6.084100000000e+03 6.471270000000e+03 6.858440000000e+03 7.245610000000e+03 7.632780000000e+03
7.800000 0.000000000000e+00 4.021500000000e+03 4.396840000000e+03 4.772180000000e+03 5.147520000000e+03 5.522860000000e+03 5.898200000000e+03 6.273540000000e+03 6.648880000000e+03 7.024220000000e+03 7.399560000000e+03
7.850000 0.000000000000e+00 3.983250000000e+03 4.355020000000e+03 4.726790000000e+03 5.098560000000e+03 5.470330000000e+03 5.842100000000e+03 6.213870000000e+03 6.585640000000e+03 6.957410000000e+03 7.329180000000e+03
7.900000 0.000000000000e+00 3.915000000000e+03 4.280400000000e+03 4.645800000000e+03 5.011200000000e+03 5.376600000000e+03 5.742000000000e+03 6.107400000000e+03 6.472800000000e+03 6.838200000000e+03 7.203600000000e+03
7.950000 0.000000000000e+00 3.894750000000e+03 4.258260000000e+03 4.621770000000e+03 4.985280000000e+03 5.348790000000e+03 5.712300000000e+03 6.075810000000e+03 6.439320000000e+03 6.802830000000e+03 7.166340000000e+03
8.000000 0.000000000000e+00 3.847500000000e+03 4.206600000000e+03 4.565700000000e+03 4.924800000000e+03 5.283900000000e+03 5.643000000000e+03 6.002100000000e+03 6.361200000000e+03 6.720300000000e+03 7.079400000000e+03
8.050000 0.000000000000e+00 3.849750000000e+03 4.209060000000e+03 4.568370000000e+03 4.927680000000e+03 5.286990000000e+03 5.646300000000e+03 6.005610000000e+03 6.364920000000e+03 6.724230000000e+03 7.083540000000e+03
8.100000 0.000000000000e+00 3.607500000000e+03 3.944200000000e+03 4.280900000000e+03 4.617600000000e+03 4.954300000000e+03 5.291000000000e+03 5.627700000000e+03 5.964400000000e+03 6.301100000000e+03 6.637800000000e+03
8.150000 0.000000000000e+00 3.618000000000e+03 3.955680000000e+03 4.293360000000e+03 4.631040000000e+03 4.968720000000e+03 5.306400000000e+03 5.644080000000e+03 5.981760000000e+03 6.319440000000e+03 6.657120000000e+03
8.200000 0.000000000000e+00 3.583500000000e+03 3.917960000000e+03 4.252420000000e+03 4.586880000000e+03 4.921340000000e+03 5.255800000000e+03 5.590260000000e+03 5.924720000000e+03 6.259180000000e+03 6.593640000000e+03
8.250000 0.000000000000e+00 3.520500000000e+03 3.849080000000e+03 4.177660000000e+03 4.506240000000e+03 4.834820000000e+03 5.163400000000e+03 5.491980000000e+03 5.820560000000e+03 6.149140000000e+03 6.477720000000e+03
8.300000 0.000000000000e+00 3.387750000000e+03 3.703940000000e+03 4.020130000000e+03 4.336320000000e+03 4.652510000000e+03 4.968700000000e+03 5.284890000000e+03 5.601080000000e+03 5.917270000000e+03 6.233460000000e+03
8.350000 0.000000000000e+00 3.354750000000e+03 3.667860000000e+03 3.980970000000e+03 4.294080000000e+03 4.607190000000e+03 4.920300000000e+03 5.233410000000e+03 5.546520000000e+03 5.859630000000e+03 6.172740000000e+03
8.400000 0.000000000000e+00 3.345750000000e+03 3.658020000000e+03 3.970290000000e+03 4.282560000000e+03 4.594830000000e+03 4.907100000000e+03 5.219370000000e+03 5.531640000000e+03 5.843910000000e+03 6.156180000000e+03
8.450000 0.000000000000e+00 3.314250000000e+03 3.623580000000e+03 3.932910000000e+03 4.242240000000e+03 4.551570000000e+03 4.860900000000e+03 5.170230000000e+03 5.479560000000e+03 5.788890000000e+03 6.098220000000e+03
8.500000 0.000000000000e+00 3.137250000000e+03 3.430060000000e+03 3.722870000000e+03 4.015680000000e+03 4.308490000000e+03 4.601300000000e+03 4.894110000000e+03 5.186920000000e+03 5.479730000000e+03 5.772540000000e+03
8.550000 0.000000000000e+00 3.081750000000e+03 3.369380000000e+03 3.657010000000e+03 3.944640000000e+03 4.232270000000e+03 4.519900000000e+03 4.807530000000e+03 5.095160000000e+03 5.382790000000e+03 5.670420000000e+03
8.600000 0.000000000000e+00 3.147000000000e+03 3.440720000000e+03 3.734440000000e+03 4.028160000000e+03 4.321880000000e+03 4.615600000000e+03 4.909320000000e+03 5.203040000000e+03 5.496760000000e+03 5.790480000000e+03
8.650000 0.000000000000e+00 2.976000000000e+03 3.253760000000e+03 3.531520000000e+03 3.809280000000e+03 4.087040000000e+03 4.364800000000e+03 4.642560000000e+03 4.920320000000e+03 5.198080000000e+03 5.475840000000e+03
8.700000 0.000000000000e+00 3.005250000000e+03 3.285740000000e+03 3.566230000000e+03 3.846720000000e+03 4.127210000000e+03 4.407700000000e+03 4.688190000000e+03 4.968680000000e+03 5.249170000000e+03 5.529660000000e+03
8.750000 0.000000000000e+00 2.930250000000e+03 3.203740000000e+03 3.477230000000e+03 3.750720000000e+03 4.024210000000e+03 4.297700000000e+03 4.571190000000e+03 4.844680000000e+03 5.118170000000e+03 5.391660000000e+03
8.800000 0.000000000000e+00 2.979000000000e+03 3.257040000000e+03 3.535080000000e+03 3.813120000000e+03 4.091160000000e+03 4.369200000000e+03 4.647240000000e+03 4.925280000000e+03 5.203320000000e+03 5.481360000000e+03
8.850000 0.000000000000e+00 2.844750000000e+03 3.110260000000e+03 3.375770000000e+03 3.641280000000e+03 3.906790000000e+03 4.172300000000e+03 4.437810000000e+03 4.703320000000e+03 4.968830000000e+03 5.234340000000e+03
8.900000 0.000000000000e+00 2.776500000000e+03 3.035640000000e+03 3.294780000000e+03 3.553920000000e+03 3.813060000000e+03 4.072200000000e+03 4.331340000000e+03 4.590480000000e+03 4.849620000000e+03 5.108760000000e+03
8.950000 0.000000000000e+00 2.738250000000e+03 2.993820000000e+03 3.249390000000e+03 3.504960000000e+03 3.760530000000e+03 4.016100000000e+03 4.271670000000e+03 4.527240000000e+03 4.782810000000e+03 5.038380000000e+03
9.000000 0.000000000000e+00 2.748750000000e+03 3.005300000000e+03 3.261850000000e+03 3.518400000000e+03 3.774950000000e+03 4.031500000000e+03 4.288050000000e+03 4.544600000000e+03 4.801150000000e+03 5.057700000000e+03
9.050000 0.000000000000e+00 2.682750000000e+03 2.933140000000e+03 3.183530000000e+03 3.433920000000e+03 3.684310000000e+03 3.934700000000e+03 4.185090000000e+03 4.435480000000e+03 4.685870000000e+03 4.936260000000e+03
9.100000 0.000000000000e+00 2.664750000000e+03 2.913460000000e+03 3.162170000000e+03 3.410880000000e+03 3.659590000000e+03 3.908300000000e+03 4.157010000000e+03 4.405720000000e+03 4.654430000000e+03 4.903140000000e+03
9.150000 0.000000000000e+00 2.508750000000e+03 2.742900000000e+03 2.977050000000e+03 3.211200000000e+03 3.445350000000e+03 3.679500000000e+03 3.913650000000e+03 4.147800000000e+03 4.381950000000e+03 4.616100000000e+03
9.200000 0.000000000000e+00 2.604000000000e+03 2.847040000000e+03 3.090080000000e+03 3.333120000000e+03 3.576160000000e+03 3.819200000000e+03 4.062240000000e+03 4.305280000000e+03 4.548320000000e+03 4.791360000000e+03
9.250000 0.000000000000e+00 2.465250000000e+03 2.695340000000e+03 2.925430000000e+03 3.155520000000e+03 3.385610000000e+03 3.615700000000e+03 3.845790000000e+03 4.075880000000e+03 4.305970000000e+03 4.536060000000e+03
9.300000 0.000000000000e+00 2.513250000000e+03 2.747820000000e+03 2.982390000000e+03 3.216960000000e+03 3.451530000000e+03 3.686100000000e+03 3.920670000000e+03 4.155240000000e+03 4.389810000000e+03 4.624380000000e+03
9.350000 0.000000000000e+00 2.421000000000e+03 2.646960000000e+03 2.872920000000e+03 3.098880000000e+03 3.324840000000e+03 3.550800000000e+03 3.776760000000e+03 4.002720000000e+03 4.228680000000e+03 4.454640000000e+03
9.400000 0.000000000000e+00 2.400000000000e+03 2.624000000000e+03 2.848000000000e+03 3.072000000000e+03 3.296000000000e+03 3.520000000000e+03 3.744000000000e+03 3.968000000000e+03 4.192000000000e+03 4.416000000000e+03
9.450000 0.000000000000e+00 2.372250000000e+03 2.593660000000e+03 2.815070000000e+03 3.036480000000e+03 3.257890000000e+03 3.479300000000e+03 3.700710000000e+03 3.922120000000e+03 4.143530000000e+03 4.364940000000e+03
9.500000 0.000000000000e+00 2.287500000000e+03 2.501000000000e+03 2.714500000000e+03 2.928000000000e+03 3.141500000000e+03 3.355000000000e+03 3.568500000000e+03 3.782000000000e+03 3.995500000000e+03 4.209000000000e+03
9.550000 0.000000000000e+00 2.261250000000e+03 2.472300000000e+03 2.683350000000e+03 2.894400000000e+03 3.105450000000e+03 3.316500000000e+03 3.527550000000e+03 3.738600000000e+03 3.949650000000e+03 4.160700000000e+03
9.600000 0.000000000000e+00 2.211750000000e+03 2.418180000000e+03 2.624610000000e+03 2.831040000000e+03 3.037470000000e+03 3.243900000000e+03 3.450330000000e+03 3.656760000000e+03 3.863190000000e+03 4.069620000000e+03
9.650000 0.000000000000e+00 2.152500000000e+03 2.353400000000e+03 2.554300000000e+03 2.755200000000e+03 2.956100000000e+03 3.157000000000e+03 3.357900000000e+03 3.558800000000e+03 3.759700000000e+03 3.960600000000e+03
9.700000 0.000000000000e+00 2.223750000000e+03 2.431300000000e+03 2.638850000000e+03 2.846400000000e+03 3.053950000000e+03 3.261500000000e+03 3.469050000000e+03 3.676600000000e+03 3.884150000000e+03 4.091700000000e+03
9.750000 0.000000000000e+00 2.119500000000e+03 2.317320000000e+03 2.515140000000e+03 2.712960000000e+03 2.910780000000e+03 3.108600000000e+03 3.306420000000e+03 3.504240000000e+03 3.702060000000e+03 3.899880000000e+03
9.800000 0.000000000000e+00 2.100750000000e+03 2.296820000000e+03 2.492890000000e+03 2.688960000000e+03 2.885030000000e+03 3.081100000000e+03 3.277170000000e+03 3.473240000000e+03 3.669310000000e+03 3.865380000000e+03
9.850000 0.000000000000e+00 2.010000000000e+03 2.197600000000e+03 2.385200000000e+03 2.572800000000e+03 2.760400000000e+03 2.948000000000e+03 3.135600000000e+03 3.323200000000e+03 3.510800000000e+03 3.698400000000e+03
9.900000 0.000000000000e+00 1.994250000000e+03 2.180380000000e+03 2.366510000000e+03 2.552640000000e+03 2.738770000000e+03 2.924900000000e+03 3.111030000000e+03 3.297160000000e+03 3.483290000000e+03 3.669420000000e+03
9.950000 0.000000000000e+00 2.049750000000e+03 2.241060000000e+03 2.432370000000e+03 2.623680000000e+03 2.814990000000e+03 3.006300000000e+03 3.197610000000e+03 3.388920000000e+03 3.580230000000e+03 3.771540000000e+03
10.000000 0.000000000000e+00 1.927500000000e+03 2.107400000000e+03 2.287300000000e+03 2.467200000000e+03 2.647100000000e+03 2.827000000000e+03 3.006900000000e+03 3.186800000000e+03 3.366700000000e+03 3.546600000000e+03
10.050000 0.000000000000e+00 1.911000000000e+03 2.089360000000e+03 2.267720000000e+03 2.446080000000e+03 2.624440000000e+03 2.802800000000e+03 2.981160000000e+03 3.159520000000e+03 3.337880000000e+03 3.516240000000e+03
10.100000 0.000000000000e+00 1.898250000000e+03 2.075420000000e+03 2.252590000000e+03 2.429760000000e+03 2.606930000000e+03 2.784100000000e+03 2.961270000000e+03 3.138440000000e+03 3.315610000000e+03 3.492780000000e+03
10.150000 0.000000000000e+00 1.914000000000e+03 2.092640000000e+03 2.271280000000e+03 2.449920000000e+03 2.628560000000e+03 2.807200000000e+03 2.985840000000e+03 3.164480000000e+03 3.343120000000e+03 3.521760000000e+03
10.200000 0.000000000000e+00 1.809750000000e+03 1.978660000000e+03 2.147570000000e+03 2.316480000000e+03 2.485390000000e+03 2.654300000000e+03 2.823210000000e+03 2.992120000000e+03 3.161030000000e+03 3.329940000000e+03
10.250000 0.000000000000e+00 1.826250000000e+03 1.996700000000e+03 2.167150000000e+03 2.337600000000e+03 2.508050000000e+03 2.678500000000e+03 2.848950000000e+03 3.019400000000e+03 3.189850000000e+03 3.360300000000e+03
10.300000 0.000000000000e+00 1.792500000000e+03 1.959800000000e+03 2.127100000000e+03 2.294400000000e+03 2.461700000000e+03 2.629000000000e+03 2.796300000000e+03 2.963600000000e+03 3.130900000000e+03 3.298200000000e+03
10.350000 0.000000000000e+00 1.676250000000e+03 1.832700000000e+03 1.989150000000e+03 2.145600000000e+03 2.302050000000e+03 2.458500000000e+03 2.614950000000e+03 2.771400000000e+03 2.927850000000e+03 3.084300000000e+03
10.400000 0.000000000000e+00 1.713750000000e+03 1.873700000000e+03 2.033650000000e+03 2.193600000000e+03 2.353550000000e+03 2.513500000000e+03 2.673450000000e+03 2.833400000000e+03 2.993350000000e+03 3.153300000000e+03
10.450000 0.000000000000e+00 1.695000000000e+03 1.853200000000e+03 2.011400000000e+03 2.169600000000e+03 2.327800000000e+03 2.486000000000e+03 2.644200000000e+03 2.802400000000e+03 2.960600000000e+03 3.118800000000e+03
10.500000 0.000000000000e+00 1.608000000000e+03 1.758080000000e+03 1.908160000000e+03 2.058240000000e+03 2.208320000000e+03 2.358400000000e+03 2.508480000000e+03 2.658560000000e+03 2.808640000000e+03 2.958720000000e+03
10.550000 0.000000000000e+00 1.607250000000e+03 1.757260000000e+03 1.907270000000e+03 2.057280000000e+03 2.207290000000e+03 2.357300000000e+03 2.507310000000e+03 2.657320000000e+03 2.807330000000e+03 2.957340000000e+03
10.600000 0.000000000000e+00 1.626000000000e+03 1.777760000000e+03 1.929520000000e+03 2.081280000000e+03 2.233040000000e+03 2.384800000000e+03 2.536560000000e+03 2.688320000000e+03 2.840080000000e+03 2.991840000000e+03
10.650000 0.000000000000e+00 1.542750000000e+03 1.686740000000e+03 1.830730000000e+03 1.974720000000e+03 2.118710000000e+03 2.262700000000e+03 2.406690000000e+03 2.550680000000e+03 2.694670000000e+03 2.838660000000e+03
10.700000 0.000000000000e+00 1.546500000000e+03 1.690840000000e+03 1.835180000000e+03 1.979520000000e+03 2.123860000000e+03 2.268200000000e+03 2.412540000000e+03 2.556880000000e+03 2.701220000000e+03 2.845560000000e+03
10.750000 0.000000000000e+00 1.505250000000e+03 1.645740000000e+03 1.786230000000e+03 1.926720000000e+03 2.067210000000e+03 2.207700000000e+03 2.348190000000e+03 2.488680000000e+03 2.629170000000e+03 2.769660000000e+03
10.800000 0.000000000000e+00 1.528500000000e+03 1.671160000000e+03 1.813820000000e+03 1.956480000000e+03 2.099140000000e+03 2.241800000000e+03 2.384460000000e+03 2.527120000000e+03 2.669780000000e+03 2.812440000000e+03
10.850000 0.000000000000e+00 1.419750000000e+03 1.552260000000e+03 1.684770000000e+03 1.817280000000e+03 1.949790000000e+03 2.082300000000e+03 2.214810000000e+03 2.347320000000e+03 2.479830000000e+03 2.612340000000e+03
10.900000 0.000000000000e+00 1.460250000000e+03 1.596540000000e+03 1.732830000000e+03 1.869120000000e+03 2.005410000000e+03 2.141700000000e+03 2.277990000000e+03 2.414280000000e+03 2.550570000000e+03 2.686860000000e+03
10.950000 0.000000000000e+00 1.434000000000e+03 1.567840000000e+03 1.701680000000e+03 1.835520000000e+03 1.969360000000e+03 2.103200000000e+03 2.237040000000e+03 2.370880000000e+03 2.504720000000e+03 2.638560000000e+03
11.000000 0.000000000000e+00 1.391250000000e+03 1.521100000000e+03 1.650950000000e+03 1.780800000000e+03 1.910650000000e+03 2.040500000000e+03 2.170350000000e+03 2.300200000000e+03 2.430050000000e+03 2.559900000000e+03
11.050000 0.000000000000e+00 1.329750000000e+03 1.453860000000e+03 1.577970000000e+03 1.702080000000e+03 1.826190000000e+03 1.950300000000e+03 2.074410000000e+03 2.198520000000e+03 2.322630000000e+03 2.446740000000e+03
11.100000 0.000000000000e+00 1.359750000000e+03 1.486660000000e+03 1.613570000000e+03 1.740480000000e+03 1.867390000000e+03 1.994300000000e+03 2.121210000000e+03 2.248120000000e+03 2.375030000000e+03 2.501940000000e+03
11.150000 0.000000000000e+00 1.358250000000e+03 1.485020000000e+03 1.611790000000e+03 1.738560000000e+03 1.865330000000e+03 1.992100000000e+03 2.118870000000e+03 2.245640000000e+03 2.372410000000e+03 2.499180000000e+03
11.200000 0.000000000000e+00 1.341750000000e+03 1.466980000000e+03 1.592210000000e+03 1.717440000000e+03 1.842670000000e+03 1.967900000000e+03 2.093130000000e+03 2.218360000000e+03 2.343590000000e+03 2.468820000000e+03
11.250000 0.000000000000e+00 1.278750000000e+03 1.398100000000e+03 1.517450000000e+03 1.636800000000e+03 1.756150000000e+03 1.875500000000e+03 1.994850000000e+03 2.114200000000e+03 2.233550000000e+03 2.352900000000e+03
11.300000 0.000000000000e+00 1.302750000000e+03 1.424340000000e+03 1.545930000000e+03 1.667520000000e+03 1.789110000000e+03 1.910700000000e+03 2.032290000000e+03 2.153880000000e+03 2.275470000000e+03 2.397060000000e+03
11.350000 0.000000000000e+00 1.262250000000e+03 1.380060000000e+03 1.497870000000e+03 1.615680000000e+03 1.733490000000e+03 1.851300000000e+03 1.969110000000e+03 2.086920000000e+03 2.204730000000e+03 2.322540000000e+03
11.400000 0.000000000000e+00 1.213500000000e+03 1.326760000000e+03 1.440020000000e+03 1.553280000000e+03 1.666540000000e+03 1.779800000000e+03 1.893060000000e+03 2.006320000000e+03 2.119580000000e+03 2.232840000000e+03
11.450000 0.000000000000e+00 1.212750000000e+03 1.325940000000e+03 1.439130000000e+03 1.552320000000e+03 1.665510000000e+03 1.778700000000e+03 1.891890000000e+03 2.005080000000e+03 2.118270000000e+03 2.231460000000e+03
11.500000 0.000000000000e+00 1.161000000000e+03 1.269360000000e+03 1.377720000000e+03 1.486080000000e+03 1.594440000000e+03 1.702800000000e+03 1.811160000000e+03 1.919520000000e+03 2.027880000000e+03 2.136240000000e+03
11.550000 0.000000000000e+00 1.146750000000e+03 1.253780000000e+03 1.360810000000e+03 1.467840000000e+03 1.574870000000e+03 1.681900000000e+03 1.788930000000e+03 1.895960000000e+03 2.002990000000e+03 2.110020000000e+03
11.600000 0.000000000000e+00 1.094250000000e+03 1.196380000000e+03 1.298510000000e+03 1.400640000000e+03 1.502770000000e+03 1.604900000000e+03 1.707030000000e+03 1.809160000000e+03 1.911290000000e+03 2.013420000000e+03
11.650000 0.000000000000e+00 1.107000000000e+03 1.210320000000e+03 1.313640000000e+03 1.416960000000e+03 1.520280000000e+03 1.623600000000e+03 1.726920000000e+03 1.830240000000e+03 1.933560000000e+03 2.036880000000e+03
11.700000 0.000000000000e+00 1.029750000000e+03 1.125860000000e+03 1.221970000000e+03 1.318080000000e+03 1.414190000000e+03 1.510300000000e+03 1.606410000000e+03 1.702520000000e+03 1.798630000000e+03 1.894740000000e+03
11.750000 0.000000000000e+00 1.094250000000e+03 1.196380000000e+03 1.298510000000e+03 1.400640000000e+03 1.502770000000e+03 1.604900000000e+03 1.707030000000e+03 1.809160000000e+03 1.911290000000e+03 2.013420000000e+03
11.800000 0.000000000000e+00 1.009500000000e+03 1.103720000000e+03 1.197940000000e+03 1.292160000000e+03 1.386380000000e+03 1.480600000000e+03 1.574820000000e+03 1.669040000000e+03 1.763260000000e+03 1.857480000000e+03
11.850000 0.000000000000e+00 1.074750000000e+03 1.175060000000e+03 1.275370000000e+03 1.375680000000e+03 1.475990000000e+03 1.576300000000e+03 1.676610000000e+03 1.776920000000e+03 1.877230000000e+03 1.977540000000e+03
11.900000 0.000000000000e+00 1.070250000000e+03 1.170140000000e+03 1.270030000000e+03 1.369920000000e+03 1.469810000000e+03 1.569700000000e+03 1.669590000000e+03 1.769480000000e+03 1.869370000000e+03 1.969260000000e+03
11.950000 0.000000000000e+00 1.032750000000e+03 1.129140000000e+03 1.225530000000e+03 1.321920000000e+03 1.418310000000e+03 1.514700000000e+03 1.611090000000e+03 1.707480000000e+03 1.803870000000e+03 1.900260000000e+03
12.000000 0.000000000000e+00 9.982500000000e+02 1.091420000000e+03 1.184590000000e+03 1.277760000000e+03 1.370930000000e+03 1.464100000000e+03 1.557270000000e+03 1.650440000000e+03 1.743610000000e+03 1.836780000000e+03
12.050000 0.000000000000e+00 9.247500000000e+02 1.011060000000e+03 1.097370000000e+03 1.183680000000e+03 1.269990000000e+03 1.356300000000e+03 1.442610000000e+03 1.528920000000e+03 1.615230000000e+03 1.701540000000e+03
12.100000 0.000000000000e+00 9.442500000000e+02 1.032380000000e+03 1.120510000000e+03 1.208640000000e+03 1.296770000000e+03 1.384900000000e+03 1.473030000000e+03 1.561160000000e+03 1.649290000000e+03 1.737420000000e+03
12.150000 0.000000000000e+00 8.790000000000e+02 9.610400000000e+02 1.043080000000e+03 1.125120000000e+03 1.207160000000e+03 1.289200000000e+03 1.371240000000e+03 1.453280000000e+03 1.535320000000e+03 1.617360000000e+03
12.200000 0.000000000000e+00 8.932500000000e+02 9.766200000000e+02 1.059990000000e+03 1.143360000000e+03 1.226730000000e+03 1.310100000000e+03 1.393470000000e+03 1.476840000000e+03 1.560210000000e+03 1.643580000000e+03
12.250000 0.000000000000e+00 9.435000000000e+02 1.031560000000e+03 1.119620000000e+03 1.207680000000e+03 1.295740000000e+03 1.383800000000e+03 1.471860000000e+03 1.559920000000e+03 1.647980000000e+03 1.736040000000e+03
12.300000 0.000000000000e+00 9.067500000000e+02 9.913800000000e+02 1.076010000000e+03 1.160640000000e+03 1.245270000000e+03 1.329900000000e+03 1.414530000000e+03 1.499160000000e+03 1.583790000000e+03 1.668420000000e+03
12.350000 0.000000000000e+00 8.737500000000e+02 9.553000000000e+02 1.036850000000e+03 1.118400000000e+03 1.199950000000e+03 1.281500000000e+03 1.363050000000e+03 1.444600000000e+03 1.526150000000e+03 1.607700000000e+03
12.400000 0.000000000000e+00 8.700000000000e+02 9.512000000000e+02 1.032400000000e+03 1.113600000000e+03 1.194800000000e+03 1.276000000000e+03 1.357200000000e+03 1.438400000000e+03 1.519600000000e+03 1.600800000000e+03
12.450000 0.000000000000e+00 9.045000000000e+02 9.889200000000e+02 1.073340000000e+03 1.157760000000e+03 1.242180000000e+03 1.326600000000e+03 1.411020000000e+03 1.495440000000e+03 1.579860000000e+03 1.664280000000e+03
12.500000 0.000000000000e+00 8.790000000000e+02 9.610400000000e+02 1.043080000000e+03 1.125120000000e+03 1.207160000000e+03 1.289200000000e+03 1.371240000000e+03 1.453280000000e+03 1.535320000000e+03 1.617360000000e+03
12.550000 0.000000000000e+00 8.332500000000e+02 9.110200000000e+02 9.887900000000e+02 1.066560000000e+03 1.144330000000e+03 1.222100000000e+03 1.299870000000e+03 1.377640000000e+03 1.455410000000e+03 1.533180000000e+03
12.600000 0.000000000000e+00 7.995000000000e+02 8.741200000000e+02 9.487400000000e+02 1.023360000000e+03 1.097980000000e+03 1.172600000000e+03 1.247220000000e+03 1.321840000000e+03 1.396460000000e+03 1.471080000000e+03
12.650000 0.000000000000e+00 7.882500000000e+02 8.618200000000e+02 9.353900000000e+02 1.008960000000e+03 1.082530000000e+03 1.156100000000e+03 1.229670000000e+03 1.303240000000e+03 1.376810000000e+03 1.450380000000e+03
12.700000 0.000000000000e+00 7.845000000000e+02 8.577200000000e+02 9.309400000000e+02 1.004160000000e+03 1.077380000000e+03 1.150600000000e+03 1.223820000000e+03 1.297040000000e+03 1.370260000000e+03 1.443480000000e+03
12.750000 0.000000000000e+00 7.612500000000e+02 8.323000000000e+02 9.033500000000e+02 9.744000000000e+02 1.045450000000e+03 1.116500000000e+03 1.187550000000e+03 1.258600000000e+03 1.329650000000e+03 1.400700000000e+03
12.800000 0.000000000000e+00 7.650000000000e+02 8.364000000000e+02 9.078000000000e+02 9.792000000000e+02 1.050600000000e+03 1.122000000000e+03 1.193400000000e+03 1.264800000000e+03 1.336200000000e+03 1.407600000000e+03
12.850000 0.000000000000e+00 7.185000000000e+02 7.855600000000e+02 8.526200000000e+02 9.196800000000e+02 9.867400000000e+02 1.053800000000e+03 1.120860000000e+03 1.187920000000e+03 1.254980000000e+03 1.322040000000e+03
12.900000 0.000000000000e+00 7.590000000000e+02 8.298400000000e+02 9.006800000000e+02 9.715200000000e+02 1.042360000000e+03 1.113200000000e+03 1.184040000000e+03 1.254880000000e+03 1.325720000000e+03 1.396560000000e+03
12.950000 0.000000000000e+00 6.870000000000e+02 7.511200000000e+02 8.152400000000e+02 8.793600000000e+02 9.434800000000e+02 1.007600000000e+03 1.071720000000e+03 1.135840000000e+03 1.199960000000e+03 1.264080000000e+03
13.000000 0.000000000000e+00 6.937500000000e+02 7.585000000000e+02 8.232500000000e+02 8.880000000000e+02 9.527500000000e+02 1.017500000000e+03 1.082250000000e+03 1.147000000000e+03 1.211750000000e+03 1.276500000000e+03
13.050000 0.000000000000e+00 7.230000000000e+02 7.904800000000e+02 8.579600000000e+02 9.254400000000e+02 9.929200000000e+02 1.060400000000e+03 1.127880000000e+03 1.195360000000e+03 1.262840000000e+03 1.330320000000e+03
13.100000 0.000000000000e+00 6.705000000000e+02 7.330800000000e+02 7.956600000000e+02 8.582400000000e+02 9.208200000000e+02 9.834000000000e+02 1.045980000000e+03 1.108560000000e+03 1.171140000000e+03 1.233720000000e+03
13.150000 0.000000000000e+00 7.080000000000e+02 7.740800000000e+02 8.401600000000e+02 9.062400000000e+02 9.723200000000e+02 1.038400000000e+03 1.104480000000e+03 1.170560000000e+03 1.236640000000e+03 1.302720000000e+03
13.200000 0.000000000000e+00 6.982500000000e+02 7.634200000000e+02 8.285900000000e+02 8.937600000000e+02 9.589300000000e+02 1.024100000000e+03 1.089270000000e+03 1.154440000000e+03 1.219610000000e+03 1.284780000000e+03
13.250000 0.000000000000e+00 6.060000000000e+02 6.625600000000e+02 7.191200000000e+02 7.756800000000e+02 8.322400000000e+02 8.888000000000e+02 9.453600000000e+02 1.001920000000e+03 1.058480000000e+03 1.115040000000e+03
13.300000 0.000000000000e+00 6.735000000000e+02 7.363600000000e+02 7.992200000000e+02 8.620800000000e+02 9.249400000000e+02 9.878000000000e+02 1.050660000000e+03 1.113520000000e+03 1.176380000000e+03 1.239240000000e+03
13.350000 0.000000000000e+00 6.195000000000e+02 6.773200000000e+02 7.351400000000e+02 7.929600000000e+02 8.507800000000e+02 9.086000000000e+02 9.664200000000e+02 1.024240000000e+03 1.082060000000e+03 1.139880000000e+03
13.400000 0.000000000000e+00 6.525000000000e+02 7.134000000000e+02 7.743000000000e+02 8.352000000000e+02 8.961000000000e+02 9.570000000000e+02 1.017900000000e+03 1.078800000000e+03 1.139700000000e+03 1.200600000000e+03
13.450000 0.000000000000e+00 6.052500000000e+02 6.617400000000e+02 7.182300000000e+02 7.747200000000e+02 8.312100000000e+02 8.877000000000e+02 9.441900000000e+02 1.000680000000e+03 1.057170000000e+03 1.113660000000e+03
13.500000 0.000000000000e+00 6.007500000000e+02 6.568200000000e+02 7.128900000000e+02 7.689600000000e+02 8.250300000000e+02 8.811000000000e+02 9.371700000000e+02 9.932400000000e+02 1.049310000000e+03 1.105380000000e+03
13.550000 0.000000000000e+00 6.300000000000e+02 6.888000000000e+02 7.476000000000e+02 8.064000000000e+02 8.652000000000e+02 9.240000000000e+02 9.828000000000e+02 1.041600000000e+03 1.100400000000e+03 1.159200000000e+03
13.600000 0.000000000000e+00 5.385000000000e+02 5.887600000000e+02 6.390200000000e+02 6.892800000000e+02 7.395400000000e+02 7.898000000000e+02 8.400600000000e+02 8.903200000000e+02 9.405800000000e+02 9.908400000000e+02
13.650000 0.000000000000e+00 6.202500000000e+02 6.781400000000e+02 7.360300000000e+02 7.939200000000e+02 8.518100000000e+02 9.097000000000e+02 9.675900000000e+02 1.025480000000e+03 1.083370000000e+03 1.141260000000e+03
13.700000 0.000000000000e+00 5.610000000000e+02 6.133600000000e+02 6.657200000000e+02 7.180800000000e+02 7.704400000000e+02 8.228000000000e+02 8.751600000000e+02 9.275200000000e+02 9.798800000000e+02 1.032240000000e+03
13.750000 0.000000000000e+00 5.850000000000e+02 6.396000000000e+02 6.942000000000e+02 7.488000000000e+02 8.034000000000e+02 8.580000000000e+02 9.126000000000e+02 9.672000000000e+02 1.021800000000e+03 1.076400000000e+03
13.800000 0.000000000000e+00 5.452500000000e+02 5.961400000000e+02 6.470300000000e+02 6.979200000000e+02 7.488100000000e+02 7.997000000000e+02 8.505900000000e+02 9.014800000000e+02 9.523700000000e+02 1.003260000000e+03
13.850000 0.000000000000e+00 5.130000000000e+02 5.608800000000e+02 6.087600000000e+02 6.566400000000e+02 7.045200000000e+02 7.524000000000e+02 8.002800000000e+02 8.481600000000e+02 8.960400000000e+02 9.439200000000e+02
13.900000 0.000000000000e+00 5.055000000000e+02 5.526800000000e+02 5.998600000000e+02 6.470400000000e+02 6.942200000000e+02 7.414000000000e+02 7.885800000000e+02 8.357600000000e+02 8.829400000000e+02 9.301200000000e+02
13.950000 0.000000000000e+00 4.942500000000e+02 5.403800000000e+02 5.865100000000e+02 6.326400000000e+02 6.787700000000e+02 7.249000000000e+02 7.710300000000e+02 8.171600000000e+02 8.632900000000e+02 9.094200000000e+02
14.000000 0.000000000000e+00 5.250000000000e+02 5.740000000000e+02 6.230000000000e+02 6.720000000000e+02 7.210000000000e+02 7.700000000000e+02 8.190000000000e+02 8.680000000000e+02 9.170000000000e+02 9.660000000000e+02
14.050000 0.000000000000e+00 5.197500000000e+02 5.682600000000e+02 6.167700000000e+02 6.652800000000e+02 7.137900000000e+02 7.623000000000e+02 8.108100000000e+02 8.593200000000e+02 9.078300000000e+02 9.563400000000e+02
14.100000 0.000000000000e+00 4.875000000000e+02 5.330000000000e+02 5.785000000000e+02 6.240000000000e+02 6.695000000000e+02 7.150000000000e+02 7.605000000000e+02 8.060000000000e+02 8.515000000000e+02 8.970000000000e+02
14.150000 0.000000000000e+00 4.845000000000e+02 5.297200000000e+02 5.749400000000e+02 6.201600000000e+02 6.653800000000e+02 7.106000000000e+02 7.558200000000e+02 8.010400000000e+02 8.462600000000e+02 8.914800000000e+02
14.200000 0.000000000000e+00 4.807500000000e+02 5.256200000000e+02 5.704900000000e+02 6.153600000000e+02 6.602300000000e+02 7.051000000000e+02 7.499700000000e+02 7.948400000000e+02 8.397100000000e+02 8.845800000000e+02
14.250000 0.000000000000e+00 4.710000000000e+02 5.149600000000e+02 5.589200000000e+02 6.028800000000e+02 6.468400000000e+02 6.908000000000e+02 7.347600000000e+02 7.787200000000e+02 8.226800000000e+02 8.666400000000e+02
14.300000 0.000000000000e+00 4.567500000000e+02 4.993800000000e+02 5.420100000000e+02 5.846400000000e+02 6.272700000000e+02 6.699000000000e+02 7.125300000000e+02 7.551600000000e+02 7.977900000000e+02 8.404200000000e+02
14.350000 0.000000000000e+00 4.530000000000e+02 4.952800000000e+02 5.375600000000e+02 5.798400000000e+02 6.221200000000e+02 6.644000000000e+02 7.066800000000e+02 7.489600000000e+02 7.912400000000e+02 8.335200000000e+02
14.400000 0.000000000000e+00 4.312500000000e+02 4.715000000000e+02 5.117500000000e+02 5.520000000000e+02 5.922500000000e+02 6.325000000000e+02 6.727500000000e+02 7.130000000000e+02 7.532500000000e+02 7.935000000000e+02
14.450000 0.000000000000e+00 4.402500000000e+02 4.813400000000e+02 5.224300000000e+02 5.635200000000e+02 6.046100000000e+02 6.457000000000e+02 6.867900000000e+02 7.278800000000e+02 7.689700000000e+02 8.100600000000e+02
14.500000 0.000000000000e+00 4.695000000000e+02 5.133200000000e+02 5.571400000000e+02 6.009600000000e+02 6.447800000000e+02 6.886000000000e+02 7.324200000000e+02 7.762400000000e+02 8.200600000000e+02 8.638800000000e+02
14.550000 0.000000000000e+00 4.312500000000e+02 4.715000000000e+02 5.117500000000e+02 5.520000000000e+02 5.922500000000e+02 6.325000000000e+02 6.727500000000e+02 7.130000000000e+02 7.532500000000e+02 7.935000000000e+02
14.600000 0.000000000000e+00 4.477500000000e+02 4.895400000000e+02 5.313300000000e+02 5.731200000000e+02 6.149100000000e+02 6.567000000000e+02 6.984900000000e+02 7.402800000000e+02 7.820700000000e+02 8.238600000000e+02
14.650000 0.000000000000e+00 3.832500000000e+02 4.190200000000e+02 4.547900000000e+02 4.905600000000e+02 5.263300000000e+02 5.621000000000e+02 5.978700000000e+02 6.336400000000e+02 6.694100000000e+02 7.051800000000e+02
14.700000 0.000000000000e+00 3.825000000000e+02 4.182000000000e+02 4.539000000000e+02 4.896000000000e+02 5.253000000000e+02 5.610000000000e+02 5.967000000000e+02 6.324000000000e+02 6.681000000000e+02 7.038000000000e+02
14.750000 0.000000000000e+00 4.027500000000e+02 4.403400000000e+02 4.779300000000e+02 5.155200000000e+02 5.531100000000e+02 5.907000000000e+02 6.282900000000e+02 6.658800000000e+02 7.034700000000e+02 7.410600000000e+02
14.800000 0.000000000000e+00 3.855000000000e+02 4.214800000000e+02 4.574600000000e+02 4.934400000000e+02 5.294200000000e+02 5.654000000000e+02 6.013800000000e+02 6.373600000000e+02 6.733400000000e+02 7.093200000000e+02
14.850000 0.000000000000e+00 3.690000000000e+02 4.034400000000e+02 4.378800000000e+02 4.723200000000e+02 5.067600000000e+02 5.412000000000e+02 5.756400000000e+02 6.100800000000e+02 6.445200000000e+02 6.789600000000e+02
14.900000 0.000000000000e+00 3.652500000000e+02 3.993400000000e+02 4.334300000000e+02 4.675200000000e+02 5.016100000000e+02 5.357000000000e+02 5.697900000000e+02 6.038800000000e+02 6.379700000000e+02 6.720600000000e+02
14.950000 0.000000000000e+00 3.585000000000e+02 3.919600000000e+02 4.254200000000e+02 4.588800000000e+02 4.923400000000e+02 5.258000000000e+02 5.592600000000e+02 5.927200000000e+02 6.261800000000e+02 6.596400000000e+02
15.000000 0.000000000000e+00 3.622500000000e+02 3.960600000000e+02 4.298700000000e+02 4.636800000000e+02 4.974900000000e+02 5.313000000000e+02 5.651100000000e+02 5.989200000000e+02 6.327300000000e+02 6.665400000000e+02
15.050000 0.000000000000e+00 3.772500000000e+02 4.124600000000e+02 4.476700000000e+02 4.828800000000e+02 5.180900000000e+02 5.533000000000e+02 5.885100000000e+02 6.237200000000e+02 6.589300000000e+02 6.941400000000e+02
15.100000 0.000000000000e+00 3.607500000000e+02 3.944200000000e+02 4.280900000000e+02 4.617600000000e+02 4.954300000000e+02 5.291000000000e+02 5.627700000000e+02 5.964400000000e+02 6.301100000000e+02 6.637800000000e+02
15.150000 0.000000000000e+00 3.390000000000e+02 3.706400000000e+02 4.022800000000e+02 4.339200000000e+02 4.655600000000e+02 4.972000000000e+02 5.288400000000e+02 5.604800000000e+02 5.921200000000e+02 6.237600000000e+02
15.200000 0.000000000000e+00 3.577500000000e+02 3.911400000000e+02 4.245300000000e+02 4.579200000000e+02 4.913100000000e+02 5.247000000000e+02 5.580900000000e+02 5.914800000000e+02 6.248700000000e+02 6.582600000000e+02
15.250000 0.000000000000e+00 3.180000000000e+02 3.476800000000e+02 3.773600000000e+02 4.070400000000e+02 4.367200000000e+02 4.664000000000e+02 4.960800000000e+02 5.257600000000e+02 5.554400000000e+02 5.851200000000e+02
15.300000 0.000000000000e+00 3.555000000000e+02 3.886800000000e+02 4.218600000000e+02 4.550400000000e+02 4.882200000000e+02 5.214000000000e+02 5.545800000000e+02 5.877600000000e+02 6.209400000000e+02 6.541200000000e+02
15.350000 0.000000000000e+00 3.127500000000e+02 3.419400000000e+02 3.711300000000e+02 4.003200000000e+02 4.295100000000e+02 4.587000000000e+02 4.878900000000e+02 5.170800000000e+02 5.462700000000e+02 5.754600000000e+02
15.400000 0.000000000000e+00 3.172500000000e+02 3.468600000000e+02 3.764700000000e+02 4.060800000000e+02 4.356900000000e+02 4.653000000000e+02 4.949100000000e+02 5.245200000000e+02 5.541300000000e+02 5.837400000000e+02
15.450000 0.000000000000e+00 3.255000000000e+02 3.558800000000e+02 3.862600000000e+02 4.166400000000e+02 4.470200000000e+02 4.774000000000e+02 5.077800000000e+02 5.381600000000e+02 5.685400000000e+02 5.989200000000e+02
15.500000 0.000000000000e+00 2.872500000000e+02 3.140600000000e+02 3.408700000000e+02 3.676800000000e+02 3.944900000000e+02 4.213000000000e+02 4.481100000000e+02 4.749200000000e+02 5.017300000000e+02 5.285400000000e+02
15.550000 0.000000000000e+00 3.030000000000e+02 3.312800000000e+02 3.595600000000e+02 3.878400000000e+02 4.161200000000e+02 4.444000000000e+02 4.726800000000e+02 5.009600000000e+02 5.292400000000e+02 5.575200000000e+02
15.600000 0.000000000000e+00 3.135000000000e+02 3.427600000000e+02 3.720200000000e+02 4.012800000000e+02 4.305400000000e+02 4.598000000000e+02 4.890600000000e+02 5.183200000000e+02 5.475800000000e+02 5.768400000000e+02
15.650000 0.000000000000e+00 3.000000000000e+02 3.280000000000e+02 3.560000000000e+02 3.840000000000e+02 4.120000000000e+02 4.400000000000e+02 4.680000000000e+02 4.960000000000e+02 5.240000000000e+02 5.520000000000e+02
15.700000 0.000000000000e+00 2.752500000000e+02 3.009400000000e+02 3.266300000000e+02 3.523200000000e+02 3.780100000000e+02 4.037000000000e+02 4.293900000000e+02 4.550800000000e+02 4.807700000000e+02 5.064600000000e+02
15.750000 0.000000000000e+00 2.812500000000e+02 3.075000000000e+02 3.337500000000e+02 3.600000000000e+02 3.862500000000e+02 4.125000000000e+02 4.387500000000e+02 4.650000000000e+02 4.912500000000e+02 5.175000000000e+02
15.800000 0.000000000000e+00 2.610000000000e+02 2.853600000000e+02 3.097200000000e+02 3.340800000000e+02 3.584400000000e+02 3.828000000000e+02 4.071600000000e+02 4.315200000000e+02 4.558800000000e+02 4.802400000000e+02
15.850000 0.000000000000e+00 2.782500000000e+02 3.042200000000e+02 3.301900000000e+02 3.561600000000e+02 3.821300000000e+02 4.081000000000e+02 4.340700000000e+02 4.600400000000e+02 4.860100000000e+02 5.119800000000e+02
15.900000 0.000000000000e+00 2.550000000000e+02 2.788000000000e+02 3.026000000000e+02 3.264000000000e+02 3.502000000000e+02 3.740000000000e+02 3.978000000000e+02 4.216000000000e+02 4.454000000000e+02 4.692000000000e+02
15.950000 0.000000000000e+00 2.797500000000e+02 3.058600000000e+02 3.319700000000e+02 3.580800000000e+02 3.841900000000e+02 4.103000000000e+02 4.364100000000e+02 4.625200000000e+02 4.886300000000e+02 5.147400000000e+02
16.000000 0.000000000000e+00 2.722500000000e+02 2.976600000000e+02 3.230700000000e+02 3.484800000000e+02 3.738900000000e+02 3.993000000000e+02 4.247100000000e+02 4.501200000000e+02 4.755300000000e+02 5.009400000000e+02
16.050000 0.000000000000e+00 2.362500000000e+02 2.583000000000e+02 2.803500000000e+02 3.024000000000e+02 3.244500000000e+02 3.465000000000e+02 3.685500000000e+02 3.906000000000e+02 4.126500000000e+02 4.347000000000e+02
16.100000 0.000000000000e+00 2.347500000000e+02 2.566600000000e+02 2.785700000000e+02 3.004800000000e+02 3.223900000000e+02 3.443000000000e+02 3.662100000000e+02 3.881200000000e+02 4.100300000000e+02 4.319400000000e+02
16.150000 0.000000000000e+00 2.775000000000e+02 3.034000000000e+02 3.293000000000e+02 3.552000000000e+02 3.811000000000e+02 4.070000000000e+02 4.329000000000e+02 4.588000000000e+02 4.847000000000e+02 5.106000000000e+02
16.200000 0.000000000000e+00 2.280000000000e+02 2.492800000000e+02 2.705600000000e+02 2.918400000000e+02 3.131200000000e+02 3.344000000000e+02 3.556800000000e+02 3.769600000000e+02 3.982400000000e+02 4.195200000000e+02
16.250000 0.000000000000e+00 2.557500000000e+02 2.796200000000e+02 3.034900000000e+02 3.273600000000e+02 3.512300000000e+02 3.751000000000e+02 3.989700000000e+02 4.228400000000e+02 4.467100000000e+02 4.705800000000e+02
16.300000 0.000000000000e+00 2.415000000000e+02 2.640400000000e+02 2.865800000000e+02 3.091200000000e+02 3.316600000000e+02 3.542000000000e+02 3.767400000000e+02 3.992800000000e+02 4.218200000000e+02 4.443600000000e+02
16.350000 0.000000000000e+00 2.437500000000e+02 2.665000000000e+02 2.892500000000e+02 3.120000000000e+02 3.347500000000e+02 3.575000000000e+02 3.802500000000e+02 4.030000000000e+02 4.257500000000e+02 4.485000000000e+02
16.400000 0.000000000000e+00 2.332500000000e+02 2.550200000000e+02 2.767900000000e+02 2.985600000000e+02 3.203300000000e+02 3.421000000000e+02 3.638700000000e+02 3.856400000000e+02 4.074100000000e+02 4.291800000000e+02
16.450000 0.000000000000e+00 2.317500000000e+02 2.533800000000e+02 2.750100000000e+02 2.966400000000e+02 3.182700000000e+02 3.399000000000e+02 3.615300000000e+02 3.831600000000e+02 4.047900000000e+02 4.264200000000e+02
16.500000 0.000000000000e+00 2.317500000000e+02 2.533800000000e+02 2.750100000000e+02 2.966400000000e+02 3.182700000000e+02 3.399000000000e+02 3.615300000000e+02 3.831600000000e+02 4.047900000000e+02 4.264200000000e+02
16.550000 0.000000000000e+00 2.287500000000e+02 2.501000000000e+02 2.714500000000e+02 2.928000000000e+02 3.141500000000e+02 3.355000000000e+02 3.568500000000e+02 3.782000000000e+02 3.995500000000e+02 4.209000000000e+02
16.600000 0.000000000000e+00 2.287500000000e+02 2.501000000000e+02 2.714500000000e+02 2.928000000000e+02 3.141500000000e+02 3.355000000000e+02 3.568500000000e+02 3.782000000000e+02 3.995500000000e+02 4.209000000000e+02
16.650000 0.000000000000e+00 2.017500000000e+02 2.205800000000e+02 2.394100000000e+02 2.582400000000e+02 2.770700000000e+02 2.959000000000e+02 3.147300000000e+02 3.335600000000e+02 3.523900000000e+02 3.712200000000e+02
16.700000 0.000000000000e+00 2.250000000000e+02 2.460000000000e+02 2.670000000000e+02 2.880000000000e+02 3.090000000000e+02 3.300000000000e+02 3.510000000000e+02 3.720000000000e+02 3.930000000000e+02 4.140000000000e+02
16.750000 0.000000000000e+00 2.017500000000e+02 2.205800000000e+02 2.394100000000e+02 2.582400000000e+02 2.770700000000e+02 2.959000000000e+02 3.147300000000e+02 3.335600000000e+02 3.523900000000e+02 3.712200000000e+02
16.800000 0.000000000000e+00 1.972500000000e+02 2.156600000000e+02 2.340700000000e+02 2.524800000000e+02 2.708900000000e+02 2.893000000000e+02 3.077100000000e+02 3.261200000000e+02 3.445300000000e+02 3.629400000000e+02
16.850000 0.000000000000e+00 1.950000000000e+02 2.132000000000e+02 2.314000000000e+02 2.496000000000e+02 2.678000000000e+02 2.860000000000e+02 3.042000000000e+02 3.224000000000e+02 3.406000000000e+02 3.588000000000e+02
16.900000 0.000000000000e+00 2.002500000000e+02 2.189400000000e+02 2.376300000000e+02 2.563200000000e+02 2.750100000000e+02 2.937000000000e+02 3.123900000000e+02 3.310800000000e+02 3.497700000000e+02 3.684600000000e+02
16.950000 0.000000000000e+00 1.897500000000e+02 2.074600000000e+02 2.251700000000e+02 2.428800000000e+02 2.605900000000e+02 2.783000000000e+02 2.960100000000e+02 3.137200000000e+02 3.314300000000e+02 3.491400000000e+02
17.000000 0.000000000000e+00 1.710000000000e+02 1.869600000000e+02 2.029200000000e+02 2.188800000000e+02 2.348400000000e+02 2.508000000000e+02 2.667600000000e+02 2.827200000000e+02 2.986800000000e+02 3.146400000000e+02
17.050000 0.000000000000e+00 1.927500000000e+02 2.107400000000e+02 2.287300000000e+02 2.467200000000e+02 2.647100000000e+02 2.827000000000e+02 3.006900000000e+02 3.186800000000e+02 3.366700000000e+02 3.546600000000e+02
17.100000 0.000000000000e+00 1.912500000000e+02 2.091000000000e+02 2.269500000000e+02 2.448000000000e+02 2.626500000000e+02 2.805000000000e+02 2.983500000000e+02 3.162000000000e+02 3.340500000000e+02 3.519000000000e+02
17.150000 0.000000000000e+00 1.935000000000e+02 2.115600000000e+02 2.296200000000e+02 2.476800000000e+02 2.657400000000e+02 2.838000000000e+02 3.018600000000e+02 3.199200000000e+02 3.379800000000e+02 3.560400000000e+02
17.200000 0.000000000000e+00 1.732500000000e+02 1.894200000000e+02 2.055900000000e+02 2.217600000000e+02 2.379300000000e+02 2.541000000000e+02 2.702700000000e+02 2.864400000000e+02 3.026100000000e+02 3.187800000000e+02
17.250000 0.000000000000e+00 1.605000000000e+02 1.754800000000e+02 1.904600000000e+02 2.054400000000e+02 2.204200000000e+02 2.354000000000e+02 2.503800000000e+02 2.653600000000e+02 2.803400000000e+02 2.953200000000e+02
17.300000 0.000000000000e+00 1.530000000000e+02 1.672800000000e+02 1.815600000000e+02 1.958400000000e+02 2.101200000000e+02 2.244000000000e+02 2.386800000000e+02 2.529600000000e+02 2.672400000000e+02 2.815200000000e+02
17.350000 0.000000000000e+00 1.635000000000e+02 1.787600000000e+02 1.940200000000e+02 2.092800000000e+02 2.245400000000e+02 2.398000000000e+02 2.550600000000e+02 2.703200000000e+02 2.855800000000e+02 3.008400000000e+02
17.400000 0.000000000000e+00 1.612500000000e+02 1.763000000000e+02 1.913500000000e+02 2.064000000000e+02 2.214500000000e+02 2.365000000000e+02 2.515500000000e+02 2.666000000000e+02 2.816500000000e+02 2.967000000000e+02
17.450000 0.000000000000e+00 1.717500000000e+02 1.877800000000e+02 2.038100000000e+02 2.198400000000e+02 2.358700000000e+02 2.519000000000e+02 2.679300000000e+02 2.839600000000e+02 2.999900000000e+02 3.160200000000e+02
17.500000 0.000000000000e+00 1.537500000000e+02 1.681000000000e+02 1.824500000000e+02 1.968000000000e+02 2.111500000000e+02 2.255000000000e+02 2.398500000000e+02 2.542000000000e+02 2.685500000000e+02 2.829000000000e+02
17.550000 0.000000000000e+00 1.612500000000e+02 1.763000000000e+02 1.913500000000e+02 2.064000000000e+02 2.214500000000e+02 2.365000000000e+02 2.515500000000e+02 2.666000000000e+02 2.816500000000e+02 2.967000000000e+02
17.600000 0.000000000000e+00 1.395000000000e+02 1.525200000000e+02 1.655400000000e+02 1.785600000000e+02 1.915800000000e+02 2.046000000000e+02 2.176200000000e+02 2.306400000000e+02 2.436600000000e+02 2.566800000000e+02
17.650000 0.000000000000e+00 1.365000000000e+02 1.492400000000e+02 1.619800000000e+02 1.747200000000e+02 1.874600000000e+02 2.002000000000e+02 2.129400000000e+02 2.256800000000e+02 2.384200000000e+02 2.511600000000e+02
17.700000 0.000000000000e+00 1.447500000000e+02 1.582600000000e+02 1.717700000000e+02 1.852800000000e+02 1.987900000000e+02 2.123000000000e+02 2.258100000000e+02 2.393200000000e+02 2.528300000000e+02 2.663400000000e+02
17.750000 0.000000000000e+00 1.350000000000e+02 1.476000000000e+02 1.602000000000e+02 1.728000000000e+02 1.854000000000e+02 1.980000000000e+02 2.106000000000e+02 2.232000000000e+02 2.358000000000e+02 2.484000000000e+02
17.800000 0.000000000000e+00 1.372500000000e+02 1.500600000000e+02 1.628700000000e+02 1.756800000000e+02 1.884900000000e+02 2.013000000000e+02 2.141100000000e+02 2.269200000000e+02 2.397300000000e+02 2.525400000000e+02
17.850000 0.000000000000e+00 1.402500000000e+02 1.533400000000e+02 1.664300000000e+02 1.795200000000e+02 1.926100000000e+02 2.057000000000e+02 2.187900000000e+02 2.318800000000e+02 2.449700000000e+02 2.580600000000e+02
17.900000 0.000000000000e+00 1.387500000000e+02 1.517000000000e+02 1.646500000000e+02 1.776000000000e+02 1.905500000000e+02 2.035000000000e+02 2.164500000000e+02 2.294000000000e+02 2.423500000000e+02 2.553000000000e+02
17.950000 0.000000000000e+00 1.552500000000e+02 1.697400000000e+02 1.842300000000e+02 1.987200000000e+02 2.132100000000e+02 2.277000000000e+02 2.421900000000e+02 2.566800000000e+02 2.711700000000e+02 2.856600000000e+02
18.000000 0.000000000000e+00 1.350000000000e+02 1.476000000000e+02 1.602000000000e+02 1.728000000000e+02 1.854000000000e+02 1.980000000000e+02 2.106000000000e+02 2.232000000000e+02 2.358000000000e+02 2.484000000000e+02
18.050000 0.000000000000e+00 1.380000000000e+02 1.508800000000e+02 1.637600000000e+02 1.766400000000e+02 1.895200000000e+02 2.024000000000e+02 2.152800000000e+02 2.281600000000e+02 2.410400000000e+02 2.539200000000e+02
18.100000 0.000000000000e+00 1.357500000000e+02 1.484200000000e+02 1.610900000000e+02 1.737600000000e+02 1.864300000000e+02 1.991000000000e+02 2.117700000000e+02 2.244400000000e+02 2.371100000000e+02 2.497800000000e+02
18.150000 0.000000000000e+00 1.327500000000e+02 1.451400000000e+02 1.575300000000e+02 1.699200000000e+02 1.823100000000e+02 1.947000000000e+02 2.070900000000e+02 2.194800000000e+02 2.318700000000e+02 2.442600000000e+02
18.200000 0.000000000000e+00 1.162500000000e+02 1.271000000000e+02 1.379500000000e+02 1.488000000000e+02 1.596500000000e+02 1.705000000000e+02 1.813500000000e+02 1.922000000000e+02 2.030500000000e+02 2.139000000000e+02
18.250000 0.000000000000e+00 1.207500000000e+02 1.320200000000e+02 1.432900000000e+02 1.545600000000e+02 1.658300000000e+02 1.771000000000e+02 1.883700000000e+02 1.996400000000e+02 2.109100000000e+02 2.221800000000e+02
18.300000 0.000000000000e+00 1.237500000000e+02 1.353000000000e+02 1.468500000000e+02 1.584000000000e+02 1.699500000000e+02 1.815000000000e+02 1.930500000000e+02 2.046000000000e+02 2.161500000000e+02 2.277000000000e+02
18.350000 0.000000000000e+00 1.200000000000e+02 1.312000000000e+02 1.424000000000e+02 1.536000000000e+02 1.648000000000e+02 1.760000000000e+02 1.872000000000e+02 1.984000000000e+02 2.096000000000e+02 2.208000000000e+02
18.400000 0.000000000000e+00 1.170000000000e+02 1.279200000000e+02 1.388400000000e+02 1.497600000000e+02 1.606800000000e+02 1.716000000000e+02 1.825200000000e+02 1.934400000000e+02 2.043600000000e+02 2.152800000000e+02
18.450000 0.000000000000e+00 1.237500000000e+02 1.353000000000e+02 1.468500000000e+02 1.584000000000e+02 1.699500000000e+02 1.815000000000e+02 1.930500000000e+02 2.046000000000e+02 2.161500000000e+02 2.277000000000e+02
18.500000 0.000000000000e+00 1.215000000000e+02 1.328400000000e+02 1.441800000000e+02 1.555200000000e+02 1.668600000000e+02 1.782000000000e+02 1.895400000000e+02 2.008800000000e+02 2.122200000000e+02 2.235600000000e+02
18.550000 0.000000000000e+00 1.072500000000e+02 1.172600000000e+02 1.272700000000e+02 1.372800000000e+02 1.472900000000e+02 1.573000000000e+02 1.673100000000e+02 1.773200000000e+02 1.873300000000e+02 1.973400000000e+02
18.600000 0.000000000000e+00 1.132500000000e+02 1.238200000000e+02 1.343900000000e+02 1.449600000000e+02 1.555300000000e+02 1.661000000000e+02 1.766700000000e+02 1.872400000000e+02 1.978100000000e+02 2.083800000000e+02
18.650000 0.000000000000e+00 7.950000000000e+01 8.692000000000e+01 9.434000000000e+01 1.017600000000e+02 1.091800000000e+02 1.166000000000e+02 1.240200000000e+02 1.314400000000e+02 1.388600000000e+02 1.462800000000e+02
18.700000 0.000000000000e+00 1.102500000000e+02 1.205400000000e+02 1.308300000000e+02 1.411200000000e+02 1.514100000000e+02 1.617000000000e+02 1.719900000000e+02 1.822800000000e+02 1.925700000000e+02 2.028600000000e+02
18.750000 0.000000000000e+00 1.170000000000e+02 1.279200000000e+02 1.388400000000e+02 1.497600000000e+02 1.606800000000e+02 1.716000000000e+02 1.825200000000e+02 1.934400000000e+02 2.043600000000e+02 2.152800000000e+02
18.800000 0.000000000000e+00 1.230000000000e+02 1.344800000000e+02 1.459600000000e+02 1.574400000000e+02 1.689200000000e+02 1.804000000000e+02 1.918800000000e+02 2.033600000000e+02 2.148400000000e+02 2.263200000000e+02
18.850000 0.000000000000e+00 1.072500000000e+02 1.172600000000e+02 1.272700000000e+02 1.372800000000e+02 1.472900000000e+02 1.573000000000e+02 1.673100000000e+02 1.773200000000e+02 1.873300000000e+02 1.973400000000e+02
18.900000 0.000000000000e+00 1.057500000000e+02 1.156200000000e+02 1.254900000000e+02 1.353600000000e+02 1.452300000000e+02 1.551000000000e+02 1.649700000000e+02 1.748400000000e+02 1.847100000000e+02 1.945800000000e+02
18.950000 0.000000000000e+00 9.825000000000e+01 1.074200000000e+02 1.165900000000e+02 1.257600000000e+02 1.349300000000e+02 1.441000000000e+02 1.532700000000e+02 1.624400000000e+02 1.716100000000e+02 1.807800000000e+02
19.000000 0.000000000000e+00 1.080000000000e+02 1.180800000000e+02 1.281600000000e+02 1.382400000000e+02 1.483200000000e+02 1.584000000000e+02 1.684800000000e+02 1.785600000000e+02 1.886400000000e+02 1.987200000000e+02
19.050000 0.000000000000e+00 9.975000000000e+01 1.090600000000e+02 1.183700000000e+02 1.276800000000e+02 1.369900000000e+02 1.463000000000e+02 1.556100000000e+02 1.649200000000e+02 1.742300000000e+02 1.835400000000e+02
19.100000 0.000000000000e+00 9.225000000000e+01 1.008600000000e+02 1.094700000000e+02 1.180800000000e+02 1.266900000000e+02 1.353000000000e+02 1.439100000000e+02 1.525200000000e+02 1.611300000000e+02 1.697400000000e+02
19.150000 0.000000000000e+00 9.225000000000e+01 1.008600000000e+02 1.094700000000e+02 1.180800000000e+02 1.266900000000e+02 1.353000000000e+02 1.439100000000e+02 1.525200000000e+02 1.611300000000e+02 1.697400000000e+02
19.200000 0.000000000000e+00 8.700000000000e+01 9.512000000000e+01 1.032400000000e+02 1.113600000000e+02 1.194800000000e+02 1.276000000000e+02 1.357200000000e+02 1.438400000000e+02 1.519600000000e+02 1.600800000000e+02
19.250000 0.000000000000e+00 7.500000000000e+01 8.200000000000e+01 8.900000000000e+01 9.600000000000e+01 1.030000000000e+02 1.100000000000e+02 1.170000000000e+02 1.240000000000e+02 1.310000000000e+02 1.380000000000e+02
19.300000 0.000000000000e+00 9.375000000000e+01 1.025000000000e+02 1.112500000000e+02 1.200000000000e+02 1.287500000000e+02 1.375000000000e+02 1.462500000000e+02 1.550000000000e+02 1.637500000000e+02 1.725000000000e+02
19.350000 0.000000000000e+00 8.175000000000e+01 8.938000000000e+01 9.701000000000e+01 1.046400000000e+02 1.122700000000e+02 1.199000000000e+02 1.275300000000e+02 1.351600000000e+02 1.427900000000e+02 1.504200000000e+02
19.400000 0.000000000000e+00 8.250000000000e+01 9.020000000000e+01 9.790000000000e+01 1.056000000000e+02 1.133000000000e+02 1.210000000000e+02 1.287000000000e+02 1.364000000000e+02 1.441000000000e+02 1.518000000000e+02
19.450000 0.000000000000e+00 9.225000000000e+01 1.008600000000e+02 1.094700000000e+02 1.180800000000e+02 1.266900000000e+02 1.353000000000e+02 1.439100000000e+02 1.525200000000e+02 1.611300000000e+02 1.697400000000e+02
19.500000 0.000000000000e+00 5.550000000000e+01 6.068000000000e+01 6.586000000000e+01 7.104000000000e+01 7.622000000000e+01 8.140000000000e+01 8.658000000000e+01 9.176000000000e+01 9.694000000000e+01 1.021200000000e+02
19.550000 0.000000000000e+00 7.725000000000e+01 8.446000000000e+01 9.167000000000e+01 9.888000000000e+01 1.060900000000e+02 1.133000000000e+02 1.205100000000e+02 1.277200000000e+02 1.349300000000e+02 1.421400000000e+02
19.600000 0.000000000000e+00 8.175000000000e+01 8.938000000000e+01 9.701000000000e+01 1.046400000000e+02 1.122700000000e+02 1.199000000000e+02 1.275300000000e+02 1.351600000000e+02 1.427900000000e+02 1.504200000000e+02
19.650000 0.000000000000e+00 7.200000000000e+01 7.872000000000e+01 8.544000000000e+01 9.216000000000e+01 9.888000000000e+01 1.056000000000e+02 1.123200000000e+02 1.190400000000e+02 1.257600000000e+02 1.324800000000e+02
19.700000 0.000000000000e+00 8.400000000000e+01 9.184000000000e+01 9.968000000000e+01 1.075200000000e+02 1.153600000000e+02 1.232000000000e+02 1.310400000000e+02 1.388800000000e+02 1.467200000000e+02 1.545600000000e+02
19.750000 0.000000000000e+00 7.125000000000e+01 7.790000000000e+01 8.455000000000e+01 9.120000000000e+01 9.785000000000e+01 1.045000000000e+02 1.111500000000e+02 1.178000000000e+02 1.244500000000e+02 1.311000000000e+02
19.800000 0.000000000000e+00 8.100000000000e+01 8.856000000000e+01 9.612000000000e+01 1.036800000000e+02 1.112400000000e+02 1.188000000000e+02 1.263600000000e+02 1.339200000000e+02 1.414800000000e+02 1.490400000000e+02
19.850000 0.000000000000e+00 6.450000000000e+01 7.052000000000e+01 7.654000000000e+01 8.256000000000e+01 8.858000000000e+01 9.460000000000e+01 1.006200000000e+02 1.066400000000e+02 1.126600000000e+02 1.186800000000e+02
19.900000 0.000000000000e+00 7.650000000000e+01 8.364000000000e+01 9.078000000000e+01 9.792000000000e+01 1.050600000000e+02 1.122000000000e+02 1.193400000000e+02 1.264800000000e+02 1.336200000000e+02 1.407600000000e+02
19.950000 0.000000000000e+00 7.350000000000e+01 8.036000000000e+01 8.722000000000e+01 9.408000000000e+01 1.009400000000e+02 1.078000000000e+02 1.146600000000e+02 1.215200000000e+02 1.283800000000e+02 1.352400000000e+02
20.000000 0.000000000000e+00 6.300000000000e+01 6.888000000000e+01 7.476000000000e+01 8.064000000000e+01 8.652000000000e+01 9.240000000000e+01 9.828000000000e+01 1.041600000000e+02 1.100400000000e+02 1.159200000000e+02
20.050000 0.000000000000e+00 6.525000000000e+01 7.134000000000e+01 7.743000000000e+01 8.352000000000e+01 8.961000000000e+01 9.570000000000e+01 1.017900000000e+02 1.078800000000e+02 1.139700000000e+02 1.200600000000e+02
20.100000 0.000000000000e+00 7.950000000000e+01 8.692000000000e+01 9.434000000000e+01 1.017600000000e+02 1.091800000000e+02 1.166000000000e+02 1.240200000000e+02 1.314400000000e+02 1.388600000000e+02 1.462800000000e+02
20.150000 0.000000000000e+00 6.675000000000e+01 7.298000000000e+01 7.921000000000e+01 8.544000000000e+01 9.167000000000e+01 9.790000000000e+01 1.041300000000e+02 1.103600000000e+02 1.165900000000e+02 1.228200000000e+02
20.200000 0.000000000000e+00 6.900000000000e+01 7.544000000000e+01 8.188000000000e+01 8.832000000000e+01 9.476000000000e+01 1.012000000000e+02 1.076400000000e+02 1.140800000000e+02 1.205200000000e+02 1.269600000000e+02
20.250000 0.000000000000e+00 5.250000000000e+01 5.740000000000e+01 6.230000000000e+01 6.720000000000e+01 7.210000000000e+01 7.700000000000e+01 8.190000000000e+01 8.680000000000e+01 9.170000000000e+01 9.660000000000e+01
20.300000 0.000000000000e+00 6.750000000000e+01 7.380000000000e+01 8.010000000000e+01 8.640000000000e+01 9.270000000000e+01 9.900000000000e+01 1.053000000000e+02 1.116000000000e+02 1.179000000000e+02 1.242000000000e+02
20.350000 0.000000000000e+00 6.150000000000e+01 6.724000000000e+01 7.298000000000e+01 7.872000000000e+01 8.446000000000e+01 9.020000000000e+01 9.594000000000e+01 1.016800000000e+02 1.074200000000e+02 1.131600000000e+02
20.400000 0.000000000000e+00 5.850000000000e+01 6.396000000000e+01 6.942000000000e+01 7.488000000000e+01 8.034000000000e+01 8.580000000000e+01 9.126000000000e+01 9.672000000000e+01 1.021800000000e+02 1.076400000000e+02
20.450000 0.000000000000e+00 6.900000000000e+01 7.544000000000e+01 8.188000000000e+01 8.832000000000e+01 9.476000000000e+01 1.012000000000e+02 1.076400000000e+02 1.140800000000e+02 1.205200000000e+02 1.269600000000e+02
20.500000 0.000000000000e+00 6.225000000000e+01 6.806000000000e+01 7.387000000000e+01 7.968000000000e+01 8.549000000000e+01 9.130000000000e+01 9.711000000000e+01 1.029200000000e+02 1.087300000000e+02 1.145400000000e+02
20.550000 0.000000000000e+00 7.050000000000e+01 7.708000000000e+01 8.366000000000e+01 9.024000000000e+01 9.682000000000e+01 1.034000000000e+02 1.099800000000e+02 1.165600000000e+02 1.231400000000e+02 1.297200000000e+02
20.600000 0.000000000000e+00 6.000000000000e+01 6.560000000000e+01 7.120000000000e+01 7.680000000000e+01 8.240000000000e+01 8.800000000000e+01 9.360000000000e+01 9.920000000000e+01 1.048000000000e+02 1.104000000000e+02
20.650000 0.000000000000e+00 6.375000000000e+01 6.970000000000e+01 7.565000000000e+01 8.160000000000e+01 8.755000000000e+01 9.350000000000e+01 9.945000000000e+01 1.054000000000e+02 1.113500000000e+02 1.173000000000e+02
20.700000 0.000000000000e+00 6.675000000000e+01 7.298000000000e+01 7.921000000000e+01 8.544000000000e+01 9.167000000000e+01 9.790000000000e+01 1.041300000000e+02 1.103600000000e+02 1.165900000000e+02 1.228200000000e+02
20.750000 0.000000000000e+00 5.100000000000e+01 5.576000000000e+01 6.052000000000e+01 6.528000000000e+01 7.004000000000e+01 7.480000000000e+01 7.956000000000e+01 8.432000000000e+01 8.908000000000e+01 9.384000000000e+01
20.800000 0.000000000000e+00 4.575000000000e+01 5.002000000000e+01 5.429000000000e+01 5.856000000000e+01 6.283000000000e+01 6.710000000000e+01 7.137000000000e+01 7.564000000000e+01 7.991000000000e+01 8.418000000000e+01
20.850000 0.000000000000e+00 5.400000000000e+01 5.904000000000e+01 6.408000000000e+01 6.912000000000e+01 7.416000000000e+01 7.920000000000e+01 8.424000000000e+01 8.928000000000e+01 9.432000000000e+01 9.936000000000e+01
20.900000 0.000000000000e+00 6.000000000000e+01 6.560000000000e+01 7.120000000000e+01 7.680000000000e+01 8.240000000000e+01 8.800000000000e+01 9.360000000000e+01 9.920000000000e+01 1.048000000000e+02 1.104000000000e+02
20.950000 0.000000000000e+00 5.100000000000e+01 5.576000000000e+01 6.052000000000e+01 6.528000000000e+01 7.004000000000e+01 7.480000000000e+01 7.956000000000e+01 8.432000000000e+01 8.908000000000e+01 9.384000000000e+01
21.000000 0.000000000000e+00 4.650000000000e+01 5.084000000000e+01 5.518000000000e+01 5.952000000000e+01 6.386000000000e+01 6.820000000000e+01 7.254000000000e+01 7.688000000000e+01 8.122000000000e+01 8.556000000000e+01
21.050000 0.000000000000e+00 3.000000000000e+01 3.280000000000e+01 3.560000000000e+01 3.840000000000e+01 4.120000000000e+01 4.400000000000e+01 4.680000000000e+01 4.960000000000e+01 5.240000000000e+01 5.520000000000e+01
21.100000 0.000000000000e+00 4.575000000000e+01 5.002000000000e+01 5.429000000000e+01 5.856000000000e+01 6.283000000000e+01 6.710000000000e+01 7.137000000000e+01 7.564000000000e+01 7.991000000000e+01 8.418000000000e+01
21.150000 0.000000000000e+00 4.875000000000e+01 5.330000000000e+01 5.785000000000e+01 6.240000000000e+01 6.695000000000e+01 7.150000000000e+01 7.605000000000e+01 8.060000000000e+01 8.515000000000e+01 8.970000000000e+01
21.200000 0.000000000000e+00 4.275000000000e+01 4.674000000000e+01 5.073000000000e+01 5.472000000000e+01 5.871000000000e+01 6.270000000000e+01 6.669000000000e+01 7.068000000000e+01 7.467000000000e+01 7.866000000000e+01
21.250000 0.000000000000e+00 6.225000000000e+01 6.806000000000e+01 7.387000000000e+01 7.968000000000e+01 8.549000000000e+01 9.130000000000e+01 9.711000000000e+01 1.029200000000e+02 1.087300000000e+02 1.145400000000e+02
21.300000 0.000000000000e+00 4.125000000000e+01 4.510000000000e+01 4.895000000000e+01 5.280000000000e+01 5.665000000000e+01 6.050000000000e+01 6.435000000000e+01 6.820000000000e+01 7.205000000000e+01 7.590000000000e+01
21.350000 0.000000000000e+00 6.150000000000e+01 6.724000000000e+01 7.298000000000e+01 7.872000000000e+01 8.446000000000e+01 9.020000000000e+01 9.594000000000e+01 1.016800000000e+02 1.074200000000e+02 1.131600000000e+02
21.400000 0.000000000000e+00 4.050000000000e+01 4.428000000000e+01 4.806000000000e+01 5.184000000000e+01 5.562000000000e+01 5.940000000000e+01 6.318000000000e+01 6.696000000000e+01 7.074000000000e+01 7.452000000000e+01
21.450000 0.000000000000e+00 3.975000000000e+01 4.346000000000e+01 4.717000000000e+01 5.088000000000e+01 5.459000000000e+01 5.830000000000e+01 6.201000000000e+01 6.572000000000e+01 6.943000000000e+01 7.314000000000e+01
21.500000 0.000000000000e+00 3.675000000000e+01 4.018000000000e+01 4.361000000000e+01 4.704000000000e+01 5.047000000000e+01 5.390000000000e+01 5.733000000000e+01 6.076000000000e+01 6.419000000000e+01 6.762000000000e+01
21.550000 0.000000000000e+00 4.200000000000e+01 4.592000000000e+01 4.984000000000e+01 5.376000000000e+01 5.768000000000e+01 6.160000000000e+01 6.552000000000e+01 6.944000000000e+01 7.336000000000e+01 7.728000000000e+01
21.600000 0.000000000000e+00 3.600000000000e+01 3.936000000000e+01 4.272000000000e+01 4.608000000000e+01 4.944000000000e+01 5.280000000000e+01 5.616000000000e+01 5.952000000000e+01 6.288000000000e+01 6.624000000000e+01
21.650000 0.000000000000e+00 4.725000000000e+01 5.166000000000e+01 5.607000000000e+01 6.048000000000e+01 6.489000000000e+01 6.930000000000e+01 7.371000000000e+01 7.812000000000e+01 8.253000000000e+01 8.694000000000e+01
21.700000 0.000000000000e+00 4.350000000000e+01 4.756000000000e+01 5.162000000000e+01 5.568000000000e+01 5.974000000000e+01 6.380000000000e+01 6.786000000000e+01 7.192000000000e+01 7.598000000000e+01 8.004000000000e+01
21.750000 0.000000000000e+00 2.850000000000e+01 3.116000000000e+01 3.382000000000e+01 3.648000000000e+01 3.914000000000e+01 4.180000000000e+01 4.446000000000e+01 4.712000000000e+01 4.978000000000e+01 5.244000000000e+01
21.800000 0.000000000000e+00 2.775000000000e+01 3.034000000000e+01 3.293000000000e+01 3.552000000000e+01 3.811000000000e+01 4.070000000000e+01 4.329000000000e+01 4.588000000000e+01 4.847000000000e+01 5.106000000000e+01
21.850000 0.000000000000e+00 4.125000000000e+01 4.510000000000e+01 4.895000000000e+01 5.280000000000e+01 5.665000000000e+01 6.050000000000e+01 6.435000000000e+01 6.820000000000e+01 7.205000000000e+01 7.590000000000e+01
21.900000 0.000000000000e+00 4.125000000000e+01 4.510000000000e+01 4.895000000000e+01 5.280000000000e+01 5.665000000000e+01 6.050000000000e+01 6.435000000000e+01 6.820000000000e+01 7.205000000000e+01 7.590000000000e+01
21.950000 0.000000000000e+00 3.075000000000e+01 3.362000000000e+01 3.649000000000e+01 3.936000000000e+01 4.223000000000e+01 4.510000000000e+01 4.797000000000e+01 5.084000000000e+01 5.371000000000e+01 5.658000000000e+01
22.000000 0.000000000000e+00 3.000000000000e+01 3.280000000000e+01 3.560000000000e+01 3.840000000000e+01 4.120000000000e+01 4.400000000000e+01 4.680000000000e+01 4.960000000000e+01 5.240000000000e+01 5.520000000000e+01
22.050000 0.000000000000e+00 3.600000000000e+01 3.936000000000e+01 4.272000000000e+01 4.608000000000e+01 4.944000000000e+01 5.280000000000e+01 5.616000000000e+01 5.952000000000e+01 6.288000000000e+01 6.624000000000e+01
22.100000 0.000000000000e+00 2.700000000000e+01 2.952000000000e+01 3.204000000000e+01 3.456000000000e+01 3.708000000000e+01 3.960000000000e+01 4.212000000000e+01 4.464000000000e+01 4.716000000000e+01 4.968000000000e+01
22.150000 0.000000000000e+00 2.775000000000e+01 3.034000000000e+01 3.293000000000e+01 3.552000000000e+01 3.811000000000e+01 4.070000000000e+01 4.329000000000e+01 4.588000000000e+01 4.847000000000e+01 5.106000000000e+01
22.200000 0.000000000000e+00 3.225000000000e+01 3.526000000000e+01 3.827000000000e+01 4.128000000000e+01 4.429000000000e+01 4.730000000000e+01 5.031000000000e+01 5.332000000000e+01 5.633000000000e+01 5.934000000000e+01
22.250000 0.000000000000e+00 4.125000000000e+01 4.510000000000e+01 4.895000000000e+01 5.280000000000e+01 5.665000000000e+01 6.050000000000e+01 6.435000000000e+01 6.820000000000e+01 7.205000000000e+01 7.590000000000e+01
22.300000 0.000000000000e+00 4.050000000000e+01 4.428000000000e+01 4.806000000000e+01 5.184000000000e+01 5.562000000000e+01 5.940000000000e+01 6.318000000000e+01 6.696000000000e+01 7.074000000000e+01 7.452000000000e+01
22.350000 0.000000000000e+00 3.300000000000e+01 3.608000000000e+01 3.916000000000e+01 4.224000000000e+01 4.532000000000e+01 4.840000000000e+01 5.148000000000e+01 5.456000000000e+01 5.764000000000e+01 6.072000000000e+01
22.400000 0.000000000000e+00 3.150000000000e+01 3.444000000000e+01 3.738000000000e+01 4.032000000000e+01 4.326000000000e+01 4.620000000000e+01 4.914000000000e+01 5.208000000000e+01 5.502000000000e+01 5.796000000000e+01
22.450000 0.000000000000e+00 2.925000000000e+01 3.198000000000e+01 3.471000000000e+01 3.744000000000e+01 4.017000000000e+01 4.290000000000e+01 4.563000000000e+01 4.836000000000e+01 5.109000000000e+01 5.382000000000e+01
22.500000 0.000000000000e+00 2.250000000000e+01 2.460000000000e+01 2.670000000000e+01 2.880000000000e+01 3.090000000000e+01 3.300000000000e+01 3.510000000000e+01 3.720000000000e+01 3.930000000000e+01 4.140000000000e+01
22.550000 0.000000000000e+00 3.000000000000e+01 3.280000000000e+01 3.560000000000e+01 3.840000000000e+01 4.120000000000e+01 4.400000000000e+01 4.680000000000e+01 4.960000000000e+01 5.240000000000e+01 5.520000000000e+01
22.600000 0.000000000000e+00 3.300000000000e+01 3.608000000000e+01 3.916000000000e+01 4.224000000000e+01 4.532000000000e+01 4.840000000000e+01 5.148000000000e+01 5.456000000000e+01 5.764000000000e+01 6.072000000000e+01
22.650000 0.000000000000e+00 3.225000000000e+01 3.526000000000e+01 3.827000000000e+01 4.128000000000e+01 4.429000000000e+01 4.730000000000e+01 5.031000000000e+01 5.332000000000e+01 5.633000000000e+01 5.934000000000e+01
22.700000 0.000000000000e+00 3.375000000000e+01 3.690000000000e+01 4.005000000000e+01 4.320000000000e+01 4.635000000000e+01 4.950000000000e+01 5.265000000000e+01 5.580000000000e+01 5.895000000000e+01 6.210000000000e+01
22.750000 0.000000000000e+00 2.025000000000e+01 2.214000000000e+01 2.403000000000e+01 2.592000000000e+01 2.781000000000e+01 2.970000000000e+01 3.159000000000e+01 3.348000000000e+01 3.537000000000e+01 3.726000000000e+01
22.800000 0.000000000000e+00 3.750000000000e+01 4.100000000000e+01 4.450000000000e+01 4.800000000000e+01 5.150000000000e+01 5.500000000000e+01 5.850000000000e+01 6.200000000000e+01 6.550000000000e+01 6.900000000000e+01
22.850000 0.000000000000e+00 3.225000000000e+01 3.526000000000e+01 3.827000000000e+01 4.128000000000e+01 4.429000000000e+01 4.730000000000e+01 5.031000000000e+01 5.332000000000e+01 5.633000000000e+01 5.934000000000e+01
22.900000 0.000000000000e+00 3.750000000000e+01 4.100000000000e+01 4.450000000000e+01 4.800000000000e+01 5.150000000000e+01 5.500000000000e+01 5.850000000000e+01 6.200000000000e+01 6.550000000000e+01 6.900000000000e+01
22.950000 0.000000000000e+00 2.475000000000e+01 2.706000000000e+01 2.937000000000e+01 3.168000000000e+01 3.399000000000e+01 3.630000000000e+01 3.861000000000e+01 4.092000000000e+01 4.323000000000e+01 4.554000000000e+01
23.000000 0.000000000000e+00 2.325000000000e+01 2.542000000000e+01 2.759000000000e+01 2.976000000000e+01 3.193000000000e+01 3.410000000000e+01 3.627000000000e+01 3.844000000000e+01 4.061000000000e+01 4.278000000000e+01
23.050000 0.000000000000e+00 3.075000000000e+01 3.362000000000e+01 3.649000000000e+01 3.936000000000e+01 4.223000000000e+01 4.510000000000e+01 4.797000000000e+01 5.084000000000e+01 5.371000000000e+01 5.658000000000e+01
23.100000 0.000000000000e+00 2.250000000000e+01 2.460000000000e+01 2.670000000000e+01 2.880000000000e+01 3.090000000000e+01 3.300000000000e+01 3.510000000000e+01 3.720000000000e+01 3.930000000000e+01 4.140000000000e+01
23.150000 0.000000000000e+00 3.075000000000e+01 3.362000000000e+01 3.649000000000e+01 3.936000000000e+01 4.223000000000e+01 4.510000000000e+01 4.797000000000e+01 5.084000000000e+01 5.371000000000e+01 5.658000000000e+01
23.200000 0.000000000000e+00 1.500000000000e+01 1.640000000000e+01 1.780000000000e+01 1.920000000000e+01 2.060000000000e+01 2.200000000000e+01 2.340000000000e+01 2.480000000000e+01 2.620000000000e+01 2.760000000000e+01
23.250000 0.000000000000e+00 1.575000000000e+01 1.722000000000e+01 1.869000000000e+01 2.016000000000e+01 2.163000000000e+01 2.310000000000e+01 2.457000000000e+01 2.604000000000e+01 2.751000000000e+01 2.898000000000e+01
23.300000 0.000000000000e+00 2.325000000000e+01 2.542000000000e+01 2.759000000000e+01 2.976000000000e+01 3.193000000000e+01 3.410000000000e+01 3.627000000000e+01 3.844000000000e+01 4.061000000000e+01 4.278000000000e+01
23.350000 0.000000000000e+00 2.475000000000e+01 2.706000000000e+01 2.937000000000e+01 3.168000000000e+01 3.399000000000e+01 3.630000000000e+01 3.861000000000e+01 4.092000000000e+01 4.323000000000e+01 4.554000000000e+01
23.400000 0.000000000000e+00 2.325000000000e+01 2.542000000000e+01 2.759000000000e+01 2.976000000000e+01 3.193000000000e+01 3.410000000000e+01 3.627000000000e+01 3.844000000000e+01 4.061000000000e+01 4.278000000000e+01
23.450000 0.000000000000e+00 1.425000000000e+01 1.558000000000e+01 1.691000000000e+01 1.824000000000e+01 1.957000000000e+01 2.090000000000e+01 2.223000000000e+01 2.356000000000e+01 2.489000000000e+01 2.622000000000e+01
23.500000 0.000000000000e+00 1.725000000000e+01 1.886000000000e+01 2.047000000000e+01 2.208000000000e+01 2.369000000000e+01 2.530000000000e+01 2.691000000000e+01 2.852000000000e+01 3.013000000000e+01 3.174000000000e+01
23.550000 0.000000000000e+00 2.475000000000e+01 2.706000000000e+01 2.937000000000e+01 3.168000000000e+01 3.399000000000e+01 3.630000000000e+01 3.861000000000e+01 4.092000000000e+01 4.323000000000e+01 4.554000000000e+01
23.600000 0.000000000000e+00 2.325000000000e+01 2.542000000000e+01 2.759000000000e+01 2.976000000000e+01 3.193000000000e+01 3.410000000000e+01 3.627000000000e+01 3.844000000000e+01 4.061000000000e+01 4.278000000000e+01
23.650000 0.000000000000e+00 2.175000000000e+01 2.378000000000e+01 2.581000000000e+01 2.784000000000e+01 2.987000000000e+01 3.190000000000e+01 3.393000000000e+01 3.596000000000e+01 3.799000000000e+01 4.002000000000e+01
23.700000 0.000000000000e+00 1.500000000000e+01 1.640000000000e+01 1.780000000000e+01 1.920000000000e+01 2.060000000000e+01 2.200000000000e+01 2.340000000000e+01 2.480000000000e+01 2.620000000000e+01 2.760000000000e+01
23.750000 0.000000000000e+00 2.325000000000e+01 2.542000000000e+01 2.759000000000e+01 2.976000000000e+01 3.193000000000e+01 3.410000000000e+01 3.627000000000e+01 3.844000000000e+01 4.061000000000e+01 4.278000000000e+01
23.800000 0.000000000000e+00 2.100000000000e+01 2.296000000000e+01 2.492000000000e+01 2.688000000000e+01 2.884000000000e+01 3.080000000000e+01 3.276000000000e+01 3.472000000000e+01 3.668000000000e+01 3.864000000000e+01
23.850000 0.000000000000e+00 2.100000000000e+01 2.296000000000e+01 2.492000000000e+01 2.688000000000e+01 2.884000000000e+01 3.080000000000e+01 3.276000000000e+01 3.472000000000e+01 3.668000000000e+01 3.864000000000e+01
23.900000 0.000000000000e+00 1.950000000000e+01 2.132000000000e+01 2.314000000000e+01 2.496000000000e+01 2.678000000000e+01 2.860000000000e+01 3.042000000000e+01 3.224000000000e+01 3.406000000000e+01 3.588000000000e+01
23.950000 0.000000000000e+00 1.800000000000e+01 1.968000000000e+01 2.136000000000e+01 2.304000000000e+01 2.472000000000e+01 2.640000000000e+01 2.808000000000e+01 2.976000000000e+01 3.144000000000e+01 3.312000000000e+01
24.000000 0.000000000000e+00 9.000000000000e+00 9.840000000000e+00 1.068000000000e+01 1.152000000000e+01 1.236000000000e+01 1.320000000000e+01 1.404000000000e+01 1.488000000000e+01 1.572000000000e+01 1.656000000000e+01
24.050000 0.000000000000e+00 1.875000000000e+01 2.050000000000e+01 2.225000000000e+01 2.400000000000e+01 2.575000000000e+01 2.750000000000e+01 2.925000000000e+01 3.100000000000e+01 3.275000000000e+01 3.450000000000e+01
24.100000 0.000000000000e+00 2.325000000000e+01 2.542000000000e+01 2.759000000000e+01 2.976000000000e+01 3.193000000000e+01 3.410000000000e+01 3.627000000000e+01 3.844000000000e+01 4.061000000000e+01 4.278000000000e+01
24.150000 0.000000000000e+00 1.500000000000e+01 1.640000000000e+01 1.780000000000e+01 1.920000000000e+01 2.060000000000e+01 2.200000000000e+01 2.340000000000e+01 2.480000000000e+01 2.620000000000e+01 2.760000000000e+01
24.200000 0.000000000000e+00 1.200000000000e+01 1.312000000000e+01 1.424000000000e+01 1.536000000000e+01 1.648000000000e+01 1.760000000000e+01 1.872000000000e+01 1.984000000000e+01 2.096000000000e+01 2.208000000000e+01
24.250000 0.000000000000e+00 2.100000000000e+01 2.296000000000e+01 2.492000000000e+01 2.688000000000e+01 2.884000000000e+01 3.080000000000e+01 3.276000000000e+01 3.472000000000e+01 3.668000000000e+01 3.864000000000e+01
24.300000 0.000000000000e+00 2.325000000000e+01 2.542000000000e+01 2.759000000000e+01 2.976000000000e+01 3.193000000000e+01 3.410000000000e+01 3.627000000000e+01 3.844000000000e+01 4.061000000000e+01 4.278000000000e+01
24.350000 0.000000000000e+00 1.500000000000e+01 1.640000000000e+01 1.780000000000e+01 1.920000000000e+01 2.060000000000e+01 2.200000000000e+01 2.340000000000e+01 2.480000000000e+01 2.620000000000e+01 2.760000000000e+01
24.400000 0.000000000000e+00 1.950000000000e+01 2.132000000000e+01 2.314000000000e+01 2.496000000000e+01 2.678000000000e+01 2.860000000000e+01 3.042000000000e+01 3.224000000000e+01 3.406000000000e+01 3.588000000000e+01
24.450000 0.000000000000e+00 9.000000000000e+00 9.840000000000e+00 1.068000000000e+01 1.152000000000e+01 1.236000000000e+01 1.320000000000e+01 1.404000000000e+01 1.488000000000e+01 1.572000000000e+01 1.656000000000e+01
24.500000 0.000000000000e+00 1.125000000000e+01 1.230000000000e+01 1.335000000000e+01 1.440000000000e+01 1.545000000000e+01 1.650000000000e+01 1.755000000000e+01 1.860000000000e+01 1.965000000000e+01 2.070000000000e+01
24.550000 0.000000000000e+00 1.725000000000e+01 1.886000000000e+01 2.047000000000e+01 2.208000000000e+01 2.369000000000e+01 2.530000000000e+01 2.691000000000e+01 2.852000000000e+01 3.013000000000e+01 3.174000000000e+01
24.600000 0.000000000000e+00 1.350000000000e+01 1.476000000000e+01 1.602000000000e+01 1.728000000000e+01 1.854000000000e+01 1.980000000000e+01 2.106000000000e+01 2.232000000000e+01 2.358000000000e+01 2.484000000000e+01
24.650000 0.000000000000e+00 1.275000000000e+01 1.394000000000e+01 1.513000000000e+01 1.632000000000e+01 1.751000000000e+01 1.870000000000e+01 1.989000000000e+01 2.108000000000e+01 2.227000000000e+01 2.346000000000e+01
24.700000 0.000000000000e+00 1.425000000000e+01 1.558000000000e+01 1.691000000000e+01 1.824000000000e+01 1.957000000000e+01 2.090000000000e+01 2.223000000000e+01 2.356000000000e+01 2.489000000000e+01 2.622000000000e+01
24.750000 0.000000000000e+00 1.125000000000e+01 1.230000000000e+01 1.335000000000e+01 1.440000000000e+01 1.545000000000e+01 1.650000000000e+01 1.755000000000e+01 1.860000000000e+01 1.965000000000e+01 2.070000000000e+01
24.800000 0.000000000000e+00 1.500000000000e+01 1.640000000000e+01 1.780000000000e+01 1.920000000000e+01 2.060000000000e+01 2.200000000000e+01 2.340000000000e+01 2.480000000000e+01 2.620000000000e+01 2.760000000000e+01
24.850000 0.000000000000e+00 1.200000000000e+01 1.312000000000e+01 1.424000000000e+01 1.536000000000e+01 1.648000000000e+01 1.760000000000e+01 1.872000000000e+01 1.984000000000e+01 2.096000000000e+01 2.208000000000e+01
24.900000 0.000000000000e+00 1.950000000000e+01 2.132000000000e+01 2.314000000000e+01 2.496000000000e+01 2.678000000000e+01 2.860000000000e+01 3.042000000000e+01 3.224000000000e+01 3.406000000000e+01 3.588000000000e+01
24.950000 0.000000000000e+00 1.500000000000e+01 1.640000000000e+01 1.780000000000e+01 1.920000000000e+01 2.060000000000e+01 2.200000000000e+01 2.340000000000e+01 2.480000000000e+01 2.620000000000e+01 2.760000000000e+01
25.000000 0.000000000000e+00 1.575000000000e+01 1.722000000000e+01 1.869000000000e+01 2.016000000000e+01 2.163000000000e+01 2.310000000000e+01 2.457000000000e+01 2.604000000000e+01 2.751000000000e+01 2.898000000000e+01
25.050000 0.000000000000e+00 1.050000000000e+01 1.148000000000e+01 1.246000000000e+01 1.344000000000e+01 1.442000000000e+01 1.540000000000e+01 1.638000000000e+01 1.736000000000e+01 1.834000000000e+01 1.932000000000e+01
25.100000 0.000000000000e+00 1.200000000000e+01 1.312000000000e+01 1.424000000000e+01 1.536000000000e+01 1.648000000000e+01 1.760000000000e+01 1.872000000000e+01 1.984000000000e+01 2.096000000000e+01 2.208000000000e+01
25.150000 0.000000000000e+00 1.425000000000e+01 1.558000000000e+01 1.691000000000e+01 1.824000000000e+01 1.957000000000e+01 2.090000000000e+01 2.223000000000e+01 2.356000000000e+01 2.489000000000e+01 2.622000000000e+01
25.200000 0.000000000000e+00 1.800000000000e+01 1.968000000000e+01 2.136000000000e+01 2.304000000000e+01 2.472000000000e+01 2.640000000000e+01 2.808000000000e+01 2.976000000000e+01 3.144000000000e+01 3.312000000000e+01
25.250000 0.000000000000e+00 1.275000000000e+01 1.394000000000e+01 1.513000000000e+01 1.632000000000e+01 1.751000000000e+01 1.870000000000e+01 1.989000000000e+01 2.108000000000e+01 2.227000000000e+01 2.346000000000e+01
25.300000 0.000000000000e+00 1.350000000000e+01 1.476000000000e+01 1.602000000000e+01 1.728000000000e+01 1.854000000000e+01 1.980000000000e+01 2.106000000000e+01 2.232000000000e+01 2.358000000000e+01 2.484000000000e+01
25.350000 0.000000000000e+00 8.250000000000e+00 9.020000000000e+00 9.790000000000e+00 1.056000000000e+01 1.133000000000e+01 1.210000000000e+01 1.287000000000e+01 1.364000000000e+01 1.441000000000e+01 1.518000000000e+01
25.400000 0.000000000000e+00 1.425000000000e+01 1.558000000000e+01 1.691000000000e+01 1.824000000000e+01 1.957000000000e+01 2.090000000000e+01 2.223000000000e+01 2.356000000000e+01 2.489000000000e+01 2.622000000000e+01
25.450000 0.000000000000e+00 1.200000000000e+01 1.312000000000e+01 1.424000000000e+01 1.536000000000e+01 1.648000000000e+01 1.760000000000e+01 1.872000000000e+01 1.984000000000e+01 2.096000000000e+01 2.208000000000e+01
25.500000 0.000000000000e+00 1.125000000000e+01 1.230000000000e+01 1.335000000000e+01 1.440000000000e+01 1.545000000000e+01 1.650000000000e+01 1.755000000000e+01 1.860000000000e+01 1.965000000000e+01 2.070000000000e+01
25.550000 0.000000000000e+00 9.750000000000e+00 1.066000000000e+01 1.157000000000e+01 1.248000000000e+01 1.339000000000e+01 1.430000000000e+01 1.521000000000e+01 1.612000000000e+01 1.703000000000e+01 1.794000000000e+01
25.600000 0.000000000000e+00 1.125000000000e+01 1.230000000000e+01 1.335000000000e+01 1.440000000000e+01 1.545000000000e+01 1.650000000000e+01 1.755000000000e+01 1.860000000000e+01 1.965000000000e+01 2.070000000000e+01